metric;value;percentage
mean_mre;0.12271155194770277;12.271155194770277
