metric;value;percentage
mean_mre;0.19258420599599205;19.258420599599205
