query_file;node_id;node_type;depth;parent_relationship;actual_startup_time;actual_total_time;predicted_startup_time;predicted_total_time;prediction_type;is_leaf
Q13_132_seed_1074728061;25621;Index Only Scan;5;Outer;0.016;10.216;0.0;0.0;operator;True
Q13_132_seed_1074728061;25619;Seq Scan;4;Outer;0.288;473.206;-1.9573972347551463;264.1925409425301;operator;True
Q13_132_seed_1074728061;25620;Hash;4;Inner;15.761;15.761;80.14603185435155;80.14700462784211;operator;False
Q13_132_seed_1074728061;25618;Hash Join;3;Outer;16.283;687.399;145.01164067703996;787.8302068759015;operator;False
Q13_132_seed_1074728061;25617;Aggregate;2;Outer;895.847;904.392;917.0178124207043;1014.3875217138225;operator;False
Q13_132_seed_1074728061;25616;Aggregate;1;Outer;910.709;910.712;968.6999423050423;1000.3283401184681;operator;False
Q13_132_seed_1074728061;25615;Sort;0;;910.74;910.742;1080.3914887596711;1081.9327597444683;operator;False
