query_file;node_id;node_type;depth;parent_relationship;actual_startup_time;actual_total_time;predicted_startup_time;predicted_total_time;prediction_type;is_leaf
Q18_128_seed_1041911937;29312;Index Scan;11;Outer;0.078;2101.118;0.07840002060647741;219.99007701940465;operator;True
Q18_128_seed_1041911937;29311;Aggregate;10;Outer;555.977;2606.214;946.7420652795311;1300.2141978658015;operator;False
Q18_128_seed_1041911937;29309;Seq Scan;9;Outer;0.203;198.581;0.272310839798261;187.1099509577836;operator;True
Q18_128_seed_1041911937;29310;Hash;9;Inner;2606.252;2606.252;255.34711090785868;255.34792158437378;operator;False
Q18_128_seed_1041911937;29308;Hash Join;8;Outer;2690.785;2835.345;142.63724163560374;773.6746268516752;operator;False
Q18_128_seed_1041911937;29314;Seq Scan;8;Outer;0.399;52.739;0.09563123806324136;25.47059222001974;operator;True
Q18_128_seed_1041911937;29307;Sort;7;Outer;2835.356;2835.358;1097.3073317036833;1098.7472034809587;operator;False
Q18_128_seed_1041911937;29313;Sort;7;Inner;62.203;64.454;1014.2095935652225;1014.6022309830253;operator;False
Q18_128_seed_1041911937;29300;Limit;0;;3025.543;3032.241;3043.076;3050.2394999999997;pattern;
