query_file;node_id;node_type;depth;parent_relationship;actual_startup_time;actual_total_time;predicted_startup_time;predicted_total_time;prediction_type;is_leaf
Q1_76_seed_615302325;620;Seq Scan;4;Outer;7.742;507.956;0.8470586300081551;682.0219446491867;operator;True
Q1_76_seed_615302325;619;Aggregate;3;Outer;911.757;911.76;1037.3562565624898;1112.5535339846151;operator;False
Q1_76_seed_615302325;618;Sort;2;Outer;911.779;911.78;1180.8741008119518;1181.9436375689697;operator;False
Q1_76_seed_615302325;617;Gather Merge;1;Outer;923.419;930.699;1161.4327359254207;1165.556458281411;operator;False
Q1_76_seed_615302325;616;Aggregate;0;;923.446;930.745;1149.8320760536994;1195.720723701336;operator;False
