query_file;node_id;node_type;depth;parent_relationship;actual_startup_time;actual_total_time;predicted_startup_time;predicted_total_time;prediction_type;is_leaf
Q10_76_seed_615302325;20976;Seq Scan;7;Outer;0.168;160.666;-0.5504420558582077;159.74658720860646;operator;True
Q10_76_seed_615302325;20977;Index Scan;7;Inner;0.062;0.064;0.026475207604207004;-0.5182239430787376;operator;True
Q10_76_seed_615302325;20979;Seq Scan;7;Outer;0.041;28.103;-10.029480805383272;26.639726858412047;operator;True
Q10_76_seed_615302325;20981;Seq Scan;6;Outer;0.013;0.014;0.43638700067583747;6.9787036398299165;operator;True
Q10_76_seed_615302325;20974;Hash Join;5;Outer;38.319;1122.661;51.8596811606542;1120.1863001297768;pattern;
Q10_76_seed_615302325;20980;Hash;5;Inner;0.018;0.018;15.710003163406043;15.710773700000516;operator;False
Q10_76_seed_615302325;20973;Hash Join;4;Outer;38.414;1125.57;54.16260276753576;1095.404740425118;operator;False
Q10_76_seed_615302325;20969;Limit;0;;1169.446;1170.284;1197.4162580478192;1199.4703591139319;pattern;
