query_file;node_id;node_type;depth;parent_relationship;actual_startup_time;actual_total_time;predicted_startup_time;predicted_total_time;prediction_type;is_leaf
Q3_39_seed_311753178;5179;Seq Scan;7;Outer;4.792;28.347;0.26221760492631097;38.5374073235966;operator;True
Q3_39_seed_311753178;5177;Seq Scan;6;Outer;0.224;157.238;0.2912805460865342;163.3179649066755;operator;True
Q3_39_seed_311753178;5178;Hash;6;Inner;29.003;29.003;17.744785923081054;17.745327076220036;operator;False
Q3_39_seed_311753178;5176;Hash Join;5;Outer;30.129;210.174;27.16172696168131;230.60755390826273;operator;False
Q3_39_seed_311753178;5180;Index Scan;5;Inner;0.026;0.026;0.05839675190218198;-0.5180651256505655;operator;True
Q3_39_seed_311753178;5175;Nested Loop;4;Outer;31.266;1166.498;121.72742868056218;1193.0468540776023;operator;False
Q3_39_seed_311753178;5171;Limit;0;;1201.473;1201.623;1150.4215258883628;1151.1750258883628;pattern;
