query_file;node_id;node_type;depth;parent_relationship;actual_startup_time;actual_total_time;predicted_startup_time;predicted_total_time;prediction_type;is_leaf
Q3_15_seed_114856434;4919;Seq Scan;7;Outer;5.344;28.126;0.2620264914759458;38.52930414801136;operator;True
Q3_15_seed_114856434;4916;Hash Join;5;Outer;29.15;210.317;29.801715331054126;242.45312962643897;pattern;
Q3_15_seed_114856434;4920;Index Scan;5;Inner;0.027;0.027;0.05839675190218198;-0.5180651256505655;operator;True
Q3_15_seed_114856434;4915;Nested Loop;4;Outer;30.251;1187.844;121.63137259851355;1192.896572392061;operator;False
Q3_15_seed_114856434;4911;Limit;0;;1221.578;1223.045;1150.4215258781026;1151.1750258781026;pattern;
