metric;value;percentage
mean_mre;0.06278464167866359;6.278464167866359
