query_file;node_id;node_type;depth;parent_relationship;actual_startup_time;actual_total_time;predicted_startup_time;predicted_total_time;prediction_type;is_leaf
Q10_121_seed_984483720;19676;Seq Scan;7;Outer;0.334;167.256;-0.5485514269382945;159.7406542989719;operator;True
Q10_121_seed_984483720;19677;Index Scan;7;Inner;0.061;0.063;0.026475207034008907;-0.5182326695888122;operator;True
Q10_121_seed_984483720;19679;Seq Scan;7;Outer;0.018;24.663;-10.029480805383272;26.639726858412047;operator;True
Q10_121_seed_984483720;19681;Seq Scan;6;Outer;0.011;0.012;0.43638700067583747;6.9787036398299165;operator;True
Q10_121_seed_984483720;19674;Hash Join;5;Outer;32.483;1119.259;51.85968117127472;1120.1863001756567;pattern;
Q10_121_seed_984483720;19680;Hash;5;Inner;0.016;0.017;15.710003163406043;15.710773700000516;operator;False
Q10_121_seed_984483720;19673;Hash Join;4;Outer;32.574;1122.697;54.21409977952649;1095.550869097011;operator;False
Q10_121_seed_984483720;19669;Limit;0;;1168.741;1169.55;1197.4162580478192;1199.4703591139319;pattern;
