query_file;node_id;node_type;depth;parent_relationship;actual_startup_time;actual_total_time;predicted_startup_time;predicted_total_time;prediction_type;is_leaf
Q3_62_seed_500445891;5439;Seq Scan;7;Outer;4.899;27.794;0.26298146372291775;38.56986712631601;operator;True
Q3_62_seed_500445891;5436;Hash Join;5;Outer;28.973;209.151;29.698352348228312;242.51689693927256;pattern;
Q3_62_seed_500445891;5440;Index Scan;5;Inner;0.027;0.027;0.05839675190218198;-0.5180651256505655;operator;True
Q3_62_seed_500445891;5435;Nested Loop;4;Outer;30.913;1203.919;122.01760213946197;1193.265705581354;operator;False
Q3_62_seed_500445891;5431;Limit;0;;1240.788;1243.862;1150.4215260172166;1151.1750260172166;pattern;
