query_file;node_id;node_type;depth;parent_relationship;actual_startup_time;actual_total_time;predicted_startup_time;predicted_total_time;prediction_type;is_leaf
Q4_94_seed_762974883;6857;Seq Scan;5;Outer;0.069;161.894;0.22598267327570598;157.02536071966753;operator;True
Q4_94_seed_762974883;6858;Index Scan;5;Inner;0.064;0.064;0.061399853853777386;0.3804392129269445;operator;True
Q4_94_seed_762974883;6856;Nested Loop;4;Outer;0.496;1063.202;31.48343253412949;1106.6526937095177;operator;False
Q4_94_seed_762974883;6854;Sort;2;Outer;1065.339;1065.34;1054.3203438896187;1055.4831964260757;pattern;
Q4_94_seed_762974883;6852;Aggregate;0;;1070.051;1071.797;1076.418709288978;1078.9570874388357;pattern;
