query_file;node_id;node_type;depth;parent_relationship;actual_startup_time;actual_total_time;predicted_startup_time;predicted_total_time;prediction_type;is_leaf
Q10_66_seed_533262015;20833;Seq Scan;7;Outer;0.349;167.429;-0.5483518099080871;159.7400329498614;operator;True
Q10_66_seed_533262015;20834;Index Scan;7;Inner;0.06;0.062;0.026475206891233366;-0.5182348512141317;operator;True
Q10_66_seed_533262015;20836;Seq Scan;7;Outer;0.098;26.983;-10.029480805383272;26.639726858412047;operator;True
Q10_66_seed_533262015;20838;Seq Scan;6;Outer;0.015;0.016;0.43638700067583747;6.9787036398299165;operator;True
Q10_66_seed_533262015;20831;Hash Join;5;Outer;40.035;1101.68;51.85968117241109;1120.1863001805743;pattern;
Q10_66_seed_533262015;20837;Hash;5;Inner;0.019;0.019;15.710003163406043;15.710773700000516;operator;False
Q10_66_seed_533262015;20830;Hash Join;4;Outer;40.121;1104.677;54.219533708352515;1095.5660673505135;operator;False
Q10_66_seed_533262015;20826;Limit;0;;1149.991;1150.795;1197.4162580478192;1199.4703591139319;pattern;
