query_file;node_id;node_type;depth;parent_relationship;actual_startup_time;actual_total_time;predicted_startup_time;predicted_total_time;prediction_type;is_leaf
Q4_117_seed_951667596;5982;Seq Scan;5;Outer;0.07;161.744;0.22587298945699574;157.02723185508896;operator;True
Q4_117_seed_951667596;5983;Index Scan;5;Inner;0.061;0.061;0.06139985407944726;0.3804410001645522;operator;True
Q4_117_seed_951667596;5981;Nested Loop;4;Outer;0.203;1031.533;31.432902685407242;1106.5669661471713;operator;False
Q4_117_seed_951667596;5979;Sort;2;Outer;1033.525;1033.525;1054.302329461567;1055.4652603988343;pattern;
Q4_117_seed_951667596;5978;Gather Merge;1;Outer;1036.291;1038.296;1109.4995500783566;1112.7440840090226;operator;False
Q4_117_seed_951667596;5977;Aggregate;0;;1036.294;1038.301;1025.135531051799;1022.300664285495;operator;False
