query_file;node_id;node_type;depth;parent_relationship;actual_startup_time;actual_total_time;predicted_startup_time;predicted_total_time;prediction_type;is_leaf
Q3_133_seed_1082932092;4719;Seq Scan;7;Outer;4.792;27.947;0.26298146372291775;38.56986712631601;operator;True
Q3_133_seed_1082932092;4717;Seq Scan;6;Outer;0.309;156.249;0.29186895226615794;163.54993874919555;operator;True
Q3_133_seed_1082932092;4718;Hash;6;Inner;28.676;28.676;17.746020687919298;17.746561398818073;operator;False
Q3_133_seed_1082932092;4716;Hash Join;5;Outer;29.086;208.606;27.27990838148544;231.2431513010573;operator;False
Q3_133_seed_1082932092;4720;Index Scan;5;Inner;0.025;0.025;0.05839675190218198;-0.5180651256505655;operator;True
Q3_133_seed_1082932092;4715;Nested Loop;4;Outer;30.748;1138.827;121.9809932075092;1193.2808291787471;operator;False
Q3_133_seed_1082932092;4711;Limit;0;;1175.806;1175.92;1150.4215260188694;1151.1750260188694;pattern;
