query_file;node_id;node_type;depth;parent_relationship;actual_startup_time;actual_total_time;predicted_startup_time;predicted_total_time;prediction_type;is_leaf
Q18_62_seed_500445891;30560;Index Scan;11;Outer;0.023;2097.144;0.07840002060647741;219.99007701940465;operator;True
Q18_62_seed_500445891;30559;Aggregate;10;Outer;544.144;2601.247;946.7420652795311;1300.2141978658015;operator;False
Q18_62_seed_500445891;30556;Hash Join;8;Outer;2711.279;2828.877;276.92498344993373;688.8336598995999;pattern;
Q18_62_seed_500445891;30562;Seq Scan;8;Outer;0.038;53.01;0.09563123806324136;25.47059222001974;operator;True
Q18_62_seed_500445891;30555;Sort;7;Outer;2828.884;2828.885;1096.6068000643686;1098.1317670536107;operator;False
Q18_62_seed_500445891;30561;Sort;7;Inner;62.024;64.395;1014.2095935652225;1014.6022309830253;operator;False
Q18_62_seed_500445891;30548;Limit;0;;3025.446;3031.479;3043.076;3050.2394999999997;pattern;
