query_file;node_id;node_type;depth;parent_relationship;actual_startup_time;actual_total_time;predicted_startup_time;predicted_total_time;prediction_type;is_leaf
Q7_116_seed_943463565;10815;Hash Join;7;Outer;2.445;36.71;37.617349447730206;429.3830087422621;pattern;
Q7_116_seed_943463565;10812;Hash Join;5;Outer;38.611;215.562;39.638535265155625;304.8909869868012;pattern;
Q7_116_seed_943463565;10819;Index Scan;5;Inner;0.031;0.032;0.03941894583458616;0.9628515547403396;operator;True
Q7_116_seed_943463565;10821;Hash Join;5;Outer;0.173;3.115;37.61603003805647;429.3628282798292;pattern;
Q7_116_seed_943463565;10811;Nested Loop;4;Outer;38.794;1185.038;173.4013251715467;1215.9932441105188;operator;False
Q7_116_seed_943463565;10820;Hash;4;Inner;3.159;3.16;27.742268811544875;27.74323152040685;operator;False
Q7_116_seed_943463565;10810;Hash Join;3;Outer;45.757;1191.958;124.68849509864765;843.1103148833878;operator;False
Q7_116_seed_943463565;10809;Sort;2;Outer;1192.556;1192.585;1107.6640382246896;1109.1567501899126;operator;False
Q7_116_seed_943463565;10807;Aggregate;0;;1195.683;1199.377;1159.5364464121913;1163.1290541267842;pattern;
