query_file;node_id;node_type;depth;parent_relationship;actual_startup_time;actual_total_time;predicted_startup_time;predicted_total_time;prediction_type;is_leaf
Q12_107_seed_869627286;24374;Seq Scan;5;Outer;9.238;825.435;1.6084302538589164;745.1931614814298;operator;True
Q12_107_seed_869627286;24375;Index Scan;5;Inner;0.027;0.027;0.12456619013031595;0.07187872145217966;operator;True
Q12_107_seed_869627286;24373;Nested Loop;4;Outer;9.741;966.967;38.325207535670245;1127.4106449521805;operator;False
Q12_107_seed_869627286;24372;Sort;3;Outer;967.822;967.93;1092.3997955901023;1092.8128150626276;operator;False
Q12_107_seed_869627286;24371;Aggregate;2;Outer;968.224;968.584;868.9566464872497;895.3070298855946;operator;False
Q12_107_seed_869627286;24370;Gather Merge;1;Outer;982.006;988.886;1109.2229151448362;1111.8369978455894;operator;False
Q12_107_seed_869627286;24369;Aggregate;0;;982.388;988.9;903.5896910340194;919.0621331686599;operator;False
