query_file;node_id;node_type;depth;parent_relationship;actual_startup_time;actual_total_time;predicted_startup_time;predicted_total_time;prediction_type;is_leaf
Q10_33_seed_262528992;20365;Seq Scan;7;Outer;0.071;160.111;-0.5495326412700536;159.74372259467214;operator;True
Q10_33_seed_262528992;20366;Index Scan;7;Inner;0.059;0.062;0.02647520731883883;-0.5182283063351463;operator;True
Q10_33_seed_262528992;20368;Seq Scan;7;Outer;0.063;25.171;-10.029480805383272;26.639726858412047;operator;True
Q10_33_seed_262528992;20370;Seq Scan;6;Outer;0.008;0.009;0.43638700067583747;6.9787036398299165;operator;True
Q10_33_seed_262528992;20363;Hash Join;5;Outer;36.402;1080.898;51.85968116571288;1120.1863001516108;pattern;
Q10_33_seed_262528992;20369;Hash;5;Inner;0.013;0.013;15.710003163406043;15.710773700000516;operator;False
Q10_33_seed_262528992;20362;Hash Join;4;Outer;36.478;1083.936;54.1872684957507;1095.4752125225457;operator;False
Q10_33_seed_262528992;20358;Limit;0;;1138.28;1139.074;1197.4162580478192;1199.4703591139319;pattern;
