query_count;mean_actual_ms;mean_predicted_ms;mean_mre;std_mre;mean_mre_pct
150;1193.3224036544561;1137.9365856918957;0.04581812746335224;0.024298004223501927;4.581812746335224
