query_file;node_id;node_type;depth;parent_relationship;actual_startup_time;actual_total_time;predicted_startup_time;predicted_total_time;prediction_type;is_leaf
Q12_64_seed_516853953;25095;Seq Scan;5;Outer;9.703;838.295;1.6085045417622021;745.1937318438013;operator;True
Q12_64_seed_516853953;25096;Index Scan;5;Inner;0.026;0.026;0.12456619013031595;0.07187872145217966;operator;True
Q12_64_seed_516853953;25094;Nested Loop;4;Outer;10.113;972.752;38.32399757192053;1127.4115985953322;operator;False
Q12_64_seed_516853953;25093;Sort;3;Outer;973.817;973.915;1092.4032222043963;1092.8162667642418;operator;False
Q12_64_seed_516853953;25092;Aggregate;2;Outer;974.196;974.524;868.9493119057373;895.3025462017567;operator;False
Q12_64_seed_516853953;25091;Gather Merge;1;Outer;989.412;995.648;1109.22327686292;1111.83737770044;operator;False
Q12_64_seed_516853953;25090;Aggregate;0;;989.809;995.687;903.5821792716588;919.0574060837323;operator;False
