query_file;node_id;node_type;depth;parent_relationship;actual_startup_time;actual_total_time;predicted_startup_time;predicted_total_time;prediction_type;is_leaf
Q3_77_seed_623506356;5599;Seq Scan;7;Outer;5.414;30.99;0.26290512072724725;38.566617753396486;operator;True
Q3_77_seed_623506356;5597;Seq Scan;6;Outer;0.681;157.288;0.2917009103855417;163.48254913508464;operator;True
Q3_77_seed_623506356;5598;Hash;6;Inner;31.78;31.78;17.745896367083304;17.746437122207624;operator;False
Q3_77_seed_623506356;5596;Hash Join;5;Outer;33.88;213.071;27.248341224581267;231.05343758598042;operator;False
Q3_77_seed_623506356;5600;Index Scan;5;Inner;0.025;0.026;0.05839675190218198;-0.5180651256505655;operator;True
Q3_77_seed_623506356;5595;Nested Loop;4;Outer;35.008;1152.449;121.87400240450081;1193.1764804949994;operator;False
Q3_77_seed_623506356;5591;Limit;0;;1185.201;1188.335;1150.421526006234;1151.175026006234;pattern;
