query_file;node_id;node_type;depth;parent_relationship;actual_startup_time;actual_total_time;predicted_startup_time;predicted_total_time;prediction_type;is_leaf
Q1_14_seed_106652403;275;Seq Scan;4;Outer;8.182;548.978;0.8525953685309582;678.7426670825269;operator;True
Q1_14_seed_106652403;274;Aggregate;3;Outer;970.667;970.671;1037.4451324636484;1113.1888155728823;operator;False
Q1_14_seed_106652403;273;Sort;2;Outer;970.699;970.7;1181.0502548807945;1182.120000579876;operator;False
Q1_14_seed_106652403;272;Gather Merge;1;Outer;983.467;988.867;1161.4836731880832;1165.6090774488275;operator;False
Q1_14_seed_106652403;271;Aggregate;0;;983.49;988.904;1149.9015986077372;1195.9449628809357;operator;False
