query_file;node_id;node_type;depth;parent_relationship;actual_startup_time;actual_total_time;predicted_startup_time;predicted_total_time;prediction_type;is_leaf
Q12_129_seed_1050115968;24542;Seq Scan;5;Outer;9.301;845.837;1.608599090130351;745.1944576807962;operator;True
Q12_129_seed_1050115968;24543;Index Scan;5;Inner;0.026;0.026;0.12456619013031595;0.07187872145217966;operator;True
Q12_129_seed_1050115968;24541;Nested Loop;4;Outer;9.84;982.641;38.322501140303075;1127.4128375632322;operator;False
Q12_129_seed_1050115968;24540;Sort;3;Outer;983.575;983.682;1092.4076478737352;1092.8207250152386;operator;False
Q12_129_seed_1050115968;24539;Aggregate;2;Outer;983.969;984.317;868.939832665939;895.2967503601852;operator;False
Q12_129_seed_1050115968;24538;Gather Merge;1;Outer;997.33;1003.102;1109.223745525785;1111.8378698497513;operator;False
Q12_129_seed_1050115968;24537;Aggregate;0;;997.72;1003.122;903.572450758403;919.0512846737004;operator;False
