query_file;node_id;node_type;depth;parent_relationship;actual_startup_time;actual_total_time;predicted_startup_time;predicted_total_time;prediction_type;is_leaf
Q7_95_seed_771178914;13101;Hash Join;7;Outer;0.035;35.473;37.617349447730206;429.3830087422621;pattern;
Q7_95_seed_771178914;13098;Hash Join;5;Outer;36.267;210.811;39.638535265155625;304.8909869868012;pattern;
Q7_95_seed_771178914;13105;Index Scan;5;Inner;0.031;0.032;0.03941894583458616;0.9628515547403396;operator;True
Q7_95_seed_771178914;13107;Hash Join;5;Outer;0.108;4.493;37.61603003805647;429.3628282798292;pattern;
Q7_95_seed_771178914;13097;Nested Loop;4;Outer;36.501;1175.719;173.4013251715467;1215.9932441105188;operator;False
Q7_95_seed_771178914;13106;Hash;4;Inner;4.539;4.54;27.742268811544875;27.74323152040685;operator;False
Q7_95_seed_771178914;13096;Hash Join;3;Outer;42.812;1184.019;124.68849509864765;843.1103148833878;operator;False
Q7_95_seed_771178914;13095;Sort;2;Outer;1184.635;1184.666;1107.6640382246896;1109.1567501899126;operator;False
Q7_95_seed_771178914;13093;Aggregate;0;;1188.034;1192.467;1159.5364464121913;1163.1290541267842;pattern;
