query_file;node_id;node_type;depth;parent_relationship;actual_startup_time;actual_total_time;predicted_startup_time;predicted_total_time;prediction_type;is_leaf
Q3_95_seed_771178914;5799;Seq Scan;7;Outer;5.16;29.473;0.2620264914759458;38.52930414801136;operator;True
Q3_95_seed_771178914;5797;Seq Scan;6;Outer;0.225;156.299;0.2914377746000092;163.37887015757894;operator;True
Q3_95_seed_771178914;5798;Hash;6;Inner;30.274;30.274;17.74448016347796;17.74502142717205;operator;False
Q3_95_seed_771178914;5796;Hash Join;5;Outer;31.271;210.294;27.185322501385215;230.78792388523755;operator;False
Q3_95_seed_771178914;5800;Index Scan;5;Inner;0.026;0.026;0.05839675190218198;-0.5180651256505655;operator;True
Q3_95_seed_771178914;5795;Nested Loop;4;Outer;31.923;1175.897;121.88628110713542;1193.2078756294954;operator;False
Q3_95_seed_771178914;5791;Limit;0;;1212.57;1215.402;1150.421525864797;1151.1750258647971;pattern;
