query_file;node_id;node_type;depth;parent_relationship;actual_startup_time;actual_total_time;predicted_startup_time;predicted_total_time;prediction_type;is_leaf
Q5_124_seed_1009095813;7437;Seq Scan;13;Outer;0.13;0.131;0.11847516521860801;21.38994919585383;operator;True
Q5_124_seed_1009095813;7435;Seq Scan;12;Outer;0.008;0.008;-0.015167767241809571;10.494725911870546;operator;True
Q5_124_seed_1009095813;7436;Hash;12;Inner;0.135;0.136;16.01535370121718;16.014912333363355;operator;False
Q5_124_seed_1009095813;7421;Sort;0;;1042.89;1044.841;1068.792452418572;1070.4429124874355;pattern;
