query_file;node_id;node_type;depth;parent_relationship;actual_startup_time;actual_total_time;predicted_startup_time;predicted_total_time;prediction_type;is_leaf
Q4_104_seed_845015193;5884;Seq Scan;5;Outer;0.071;162.028;0.9373979629280136;154.6590217916221;operator;True
Q4_104_seed_845015193;5885;Index Scan;5;Inner;0.06;0.06;-0.003540313798687203;11.104348570218477;operator;True
Q4_104_seed_845015193;5883;Nested Loop;4;Outer;0.951;1026.35;199.80203399293853;1255.4487969298648;operator;False
Q4_104_seed_845015193;5879;Aggregate;0;;1031.176;1033.359;946.3724041557311;952.1882127354145;pattern;
