query_file;node_id;node_type;depth;parent_relationship;actual_startup_time;actual_total_time;predicted_startup_time;predicted_total_time;prediction_type;is_leaf
Q13_44_seed_352773333;25992;Index Only Scan;5;Outer;0.016;9.773;0.0;0.0;operator;True
Q13_44_seed_352773333;25990;Seq Scan;4;Outer;0.194;478.841;-1.9489254011497288;264.1182089172417;operator;True
Q13_44_seed_352773333;25991;Hash;4;Inner;15.127;15.127;80.14603185435155;80.14700462784211;operator;False
Q13_44_seed_352773333;25989;Hash Join;3;Outer;15.562;700.428;145.01164067703996;787.8302068759015;operator;False
Q13_44_seed_352773333;25988;Aggregate;2;Outer;916.381;923.385;917.0474038737932;1014.1808286843299;operator;False
Q13_44_seed_352773333;25987;Aggregate;1;Outer;929.32;929.327;968.7074124781565;1000.3398058246635;operator;False
Q13_44_seed_352773333;25986;Sort;0;;929.344;929.35;1080.3899255089282;1081.9311346962395;operator;False
