query_file;node_id;node_type;depth;parent_relationship;actual_startup_time;actual_total_time;predicted_startup_time;predicted_total_time;prediction_type;is_leaf
Q12_148_seed_1205992557;24689;Seq Scan;5;Outer;10.704;857.73;1.6084842814219487;745.1935762958217;operator;True
Q12_148_seed_1205992557;24690;Index Scan;5;Inner;0.026;0.026;0.12456619013031595;0.07187872145217966;operator;True
Q12_148_seed_1205992557;24688;Nested Loop;4;Outer;11.139;991.31;38.32430241962203;1127.4113242802496;operator;False
Q12_148_seed_1205992557;24687;Sort;3;Outer;992.19;992.288;1092.4022462515513;1092.8152835495116;operator;False
Q12_148_seed_1205992557;24686;Aggregate;2;Outer;992.56;992.874;868.9514122604908;895.3038314857977;operator;False
Q12_148_seed_1205992557;24685;Gather Merge;1;Outer;1007.68;1011.509;1109.2231732945652;1111.8372689411653;operator;False
Q12_148_seed_1205992557;24684;Aggregate;0;;1008.073;1011.532;903.5843295210653;919.058758969391;operator;False
