query_file;node_id;node_type;depth;parent_relationship;actual_startup_time;actual_total_time;predicted_startup_time;predicted_total_time;prediction_type;is_leaf
Q3_27_seed_213304806;5046;Hash Join;5;Outer;28.855;210.685;30.482879666783763;219.61577591593021;pattern;
Q3_27_seed_213304806;5050;Index Scan;5;Inner;0.026;0.026;0.056250765173245454;-0.018536695684687743;operator;True
Q3_27_seed_213304806;5045;Nested Loop;4;Outer;29.781;1158.141;29.68869084853054;1121.263171444767;operator;False
Q3_27_seed_213304806;5041;Limit;0;;1195.127;1195.237;1194.0019754307796;1195.8978249529598;pattern;
