query_file;node_id;node_type;depth;parent_relationship;actual_startup_time;actual_total_time;predicted_startup_time;predicted_total_time;prediction_type;is_leaf
Q1_127_seed_1033707906;150;Seq Scan;4;Outer;8.786;562.294;0.8500426438495499;680.3007882627949;operator;True
Q1_127_seed_1033707906;148;Sort;2;Outer;980.371;980.372;1196.397480034604;1200.4933448009026;pattern;
Q1_127_seed_1033707906;147;Gather Merge;1;Outer;993.99;999.974;1161.7811126157105;1165.904787525648;operator;False
Q1_127_seed_1033707906;146;Aggregate;0;;994.036;1000.043;1149.90414477662;1195.8841797109808;operator;False
