query_file;node_id;node_type;depth;parent_relationship;actual_startup_time;actual_total_time;predicted_startup_time;predicted_total_time;prediction_type;is_leaf
Q1_150_seed_1231235959;280;Seq Scan;4;Outer;9.516;533.694;1.9295334515006322;572.091794465088;operator;True
Q1_150_seed_1231235959;279;Aggregate;3;Outer;912.505;912.51;951.3319158121724;972.069733086111;operator;False
Q1_150_seed_1231235959;278;Sort;2;Outer;912.543;912.543;1150.4048166634766;1152.3869205669907;operator;False
Q1_150_seed_1231235959;277;Gather Merge;1;Outer;928.954;932.436;1075.0133128218815;1079.3778063364114;operator;False
Q1_150_seed_1231235959;276;Aggregate;0;;928.988;932.486;1039.538650844937;1052.0114970578782;operator;False
