query_file;node_id;node_type;depth;parent_relationship;actual_startup_time;actual_total_time;predicted_startup_time;predicted_total_time;prediction_type;is_leaf
Q4_88_seed_713750697;6808;Seq Scan;5;Outer;0.061;172.441;0.9383530782141563;154.66280148244888;operator;True
Q4_88_seed_713750697;6809;Index Scan;5;Inner;0.066;0.066;-0.0035403096654575417;11.104355266288522;operator;True
Q4_88_seed_713750697;6807;Nested Loop;4;Outer;0.973;1113.965;199.80203399293853;1255.4487969298648;operator;False
Q4_88_seed_713750697;6803;Aggregate;0;;1119.317;1121.382;946.3724041557311;952.1882127354145;pattern;
