query_file;node_id;node_type;depth;parent_relationship;actual_startup_time;actual_total_time;predicted_startup_time;predicted_total_time;prediction_type;is_leaf
Q9_59_seed_475833798;18542;Hash Join;7;Outer;18.254;178.889;18.562980511663923;546.3867463471873;pattern;
Q9_59_seed_475833798;18539;Hash Join;5;Outer;181.888;961.094;176.1509401754699;734.1862724330653;pattern;
Q9_59_seed_475833798;18551;Index Scan;5;Inner;0.003;0.003;0.003729219503801895;-0.04238100520862531;operator;True
Q9_59_seed_475833798;18538;Nested Loop;4;Outer;182.354;1139.026;131.07465761814325;1182.9069701424717;operator;False
Q9_59_seed_475833798;18537;Aggregate;3;Outer;1163.653;1164.088;1134.0357406253838;1135.5665136973423;operator;False
Q9_59_seed_475833798;18536;Gather;2;Outer;1177.553;1185.743;579.2805933999948;1135.483888470399;operator;False
Q9_59_seed_475833798;18534;Sort;0;;1180.547;1188.179;1115.3500145530863;1116.8364823604172;pattern;
