query_file;node_id;node_type;depth;parent_relationship;actual_startup_time;actual_total_time;predicted_startup_time;predicted_total_time;prediction_type;is_leaf
Q7_119_seed_968075658;10869;Hash Join;7;Outer;0.176;31.376;37.617349447730206;429.3830087422621;pattern;
Q7_119_seed_968075658;10866;Hash Join;5;Outer;32.178;212.582;39.638535265155625;304.8909869868012;pattern;
Q7_119_seed_968075658;10873;Index Scan;5;Inner;0.032;0.033;0.03941894583458616;0.9628515547403396;operator;True
Q7_119_seed_968075658;10875;Hash Join;5;Outer;0.099;6.639;37.61603003805647;429.3628282798292;pattern;
Q7_119_seed_968075658;10865;Nested Loop;4;Outer;32.885;1186.806;173.4013251715467;1215.9932441105188;operator;False
Q7_119_seed_968075658;10874;Hash;4;Inner;6.688;6.689;27.742268811544875;27.74323152040685;operator;False
Q7_119_seed_968075658;10864;Hash Join;3;Outer;41.307;1197.406;124.68849509864765;843.1103148833878;operator;False
Q7_119_seed_968075658;10863;Sort;2;Outer;1198.086;1198.116;1107.6640382246896;1109.1567501899126;operator;False
Q7_119_seed_968075658;10861;Aggregate;0;;1200.665;1205.63;1159.5364464121913;1163.1290541267842;pattern;
