query_file;node_id;node_type;depth;parent_relationship;actual_startup_time;actual_total_time;predicted_startup_time;predicted_total_time;prediction_type;is_leaf
Q9_128_seed_1041911937;17205;Seq Scan;10;Outer;0.114;18.695;0.4152746129576239;43.374444277790275;operator;True
Q9_128_seed_1041911937;17206;Index Scan;10;Inner;0.069;0.071;0.07161992026873223;0.11920644250163548;operator;True
Q9_128_seed_1041911937;17208;Seq Scan;10;Outer;0.059;3.036;0.0355295538972451;10.6167639219301;operator;True
Q9_128_seed_1041911937;17194;Sort;0;;1163.825;1168.571;1189.4348857373157;1195.0481921981739;pattern;
