query_file;node_id;node_type;depth;parent_relationship;actual_startup_time;actual_total_time;predicted_startup_time;predicted_total_time;prediction_type;is_leaf
Q3_111_seed_902443410;4476;Hash Join;5;Outer;30.094;208.511;30.436840336038625;219.36410512942865;pattern;
Q3_111_seed_902443410;4480;Index Scan;5;Inner;0.026;0.026;0.056250765173245454;-0.018536695684687743;operator;True
Q3_111_seed_902443410;4475;Nested Loop;4;Outer;32.275;1151.786;29.662218573804523;1121.2212387906727;operator;False
Q3_111_seed_902443410;4471;Limit;0;;1185.916;1186.839;1193.8927628714027;1195.7857531438215;pattern;
