query_file;node_id;node_type;depth;parent_relationship;actual_startup_time;actual_total_time;predicted_startup_time;predicted_total_time;prediction_type;is_leaf
Q14_56_seed_451221705;27133;Seq Scan;5;Outer;7.753;36.693;1.2208188453329911;12.703852905744952;operator;True
Q14_56_seed_451221705;27131;Seq Scan;4;Outer;0.589;679.271;6.817474544373363;758.4992530343411;operator;True
Q14_56_seed_451221705;27132;Hash;4;Inner;42.417;42.418;9.378350513673809;9.3794421988882;operator;False
Q14_56_seed_451221705;27127;Aggregate;0;;745.4;751.199;850.7728679900499;857.1353479349394;pattern;
