query_file;node_id;node_type;depth;parent_relationship;actual_startup_time;actual_total_time;predicted_startup_time;predicted_total_time;prediction_type;is_leaf
Q1_104_seed_845015193;25;Seq Scan;4;Outer;8.602;506.484;0.8509197056744635;679.775102527427;operator;True
Q1_104_seed_845015193;24;Aggregate;3;Outer;924.723;924.727;1037.417091909559;1112.9887040031495;operator;False
Q1_104_seed_845015193;23;Sort;2;Outer;924.764;924.765;1180.9949105776789;1182.0645907700675;operator;False
Q1_104_seed_845015193;22;Gather Merge;1;Outer;939.559;943.446;1161.4676337294893;1165.5925107150092;operator;False
Q1_104_seed_845015193;21;Aggregate;0;;939.597;943.505;1149.8797803186362;1195.874489681744;operator;False
