query_file;node_id;node_type;depth;parent_relationship;actual_startup_time;actual_total_time;predicted_startup_time;predicted_total_time;prediction_type;is_leaf
Q3_103_seed_836811162;4389;Seq Scan;7;Outer;4.877;28.874;0.26298146372291775;38.56986712631601;operator;True
Q3_103_seed_836811162;4386;Hash Join;5;Outer;29.842;208.211;29.811597030627212;242.39889187519128;pattern;
Q3_103_seed_836811162;4390;Index Scan;5;Inner;0.027;0.027;0.05839675190218198;-0.5180651256505655;operator;True
Q3_103_seed_836811162;4385;Nested Loop;4;Outer;31.279;1179.364;121.39283414775245;1192.6335015608697;operator;False
Q3_103_seed_836811162;4381;Limit;0;;1213.871;1215.087;1150.4215260728859;1151.1750260728859;pattern;
