query_file;node_id;node_type;depth;parent_relationship;actual_startup_time;actual_total_time;predicted_startup_time;predicted_total_time;prediction_type;is_leaf
Q1_56_seed_451221705;510;Seq Scan;4;Outer;7.894;492.413;0.8534626103628384;678.1926834350846;operator;True
Q1_56_seed_451221705;509;Aggregate;3;Outer;913.389;913.393;1037.4600936907127;1113.2954588223083;operator;False
Q1_56_seed_451221705;508;Sort;2;Outer;913.413;913.414;1181.0796954893028;1182.1494759836585;operator;False
Q1_56_seed_451221705;507;Gather Merge;1;Outer;925.1;929.639;1161.4922194843602;1165.6179038294638;operator;False
Q1_56_seed_451221705;506;Aggregate;0;;925.166;929.716;1149.9131968560455;1195.9824625605067;operator;False
