query_file;node_id;node_type;depth;parent_relationship;actual_startup_time;actual_total_time;predicted_startup_time;predicted_total_time;prediction_type;is_leaf
Q4_28_seed_221508837;6346;Seq Scan;5;Outer;0.066;167.586;0.9382368946211561;154.6623391285806;operator;True
Q4_28_seed_221508837;6347;Index Scan;5;Inner;0.064;0.064;-0.0035403110426649176;11.104353034264989;operator;True
Q4_28_seed_221508837;6345;Nested Loop;4;Outer;0.926;1068.818;199.80203399293853;1255.4487969298648;operator;False
Q4_28_seed_221508837;6341;Aggregate;0;;1074.901;1077.039;946.3724041557311;952.1882127354145;pattern;
