template;static_mre_pct;dynamic_mre_pct
Q1;2.94163096414712;5.319999999999999
Q3;2.33460577619619;24.39
Q4;2.00728686164768;2.72
Q5;2.9385372497366498;10.34
Q6;2.16581847270639;2.5
Q7;1.8277353534381;4.0
Q8;1.05686750922332;3.82
Q9;2.46474224605021;12.09
Q10;1.96993556719912;4.71
Q12;1.77489259056079;8.129999999999999
Q13;8.02416322955328;56.67
Q14;2.6438386733980397;2.82
Q18;34.56337182390897;61.52
Q19;1.85164847178345;2.29
