metric;value;percentage
mean_mre;0.14379256557898182;14.379256557898183
