query_file;node_id;node_type;depth;parent_relationship;actual_startup_time;actual_total_time;predicted_startup_time;predicted_total_time;prediction_type;is_leaf
Q14_13_seed_98448372;26727;Seq Scan;5;Outer;7.947;37.99;1.2208188453329911;12.703852905744952;operator;True
Q14_13_seed_98448372;26725;Seq Scan;4;Outer;0.739;747.434;6.817355568821922;758.4737411684691;operator;True
Q14_13_seed_98448372;26726;Hash;4;Inner;43.946;43.947;9.378350513673809;9.3794421988882;operator;False
Q14_13_seed_98448372;26724;Hash Join;3;Outer;45.329;798.975;78.56131177791136;807.6296572148315;operator;False
Q14_13_seed_98448372;26721;Aggregate;0;;815.126;821.084;842.8573422818017;848.3558863064933;pattern;
