query_file;node_id;node_type;depth;parent_relationship;actual_startup_time;actual_total_time;predicted_startup_time;predicted_total_time;prediction_type;is_leaf
Q3_53_seed_426609612;5339;Seq Scan;7;Outer;5.165;31.049;0.26298146372291775;38.56986712631601;operator;True
Q3_53_seed_426609612;5337;Seq Scan;6;Outer;0.139;156.181;0.29130921977087576;163.32901498770636;operator;True
Q3_53_seed_426609612;5338;Hash;6;Inner;31.885;31.885;17.746020687919298;17.746561398818073;operator;False
Q3_53_seed_426609612;5336;Hash Join;5;Outer;34.084;213.172;27.181186287812807;230.61271690181422;operator;False
Q3_53_seed_426609612;5340;Index Scan;5;Inner;0.026;0.026;0.05839675190218198;-0.5180651256505655;operator;True
Q3_53_seed_426609612;5335;Nested Loop;4;Outer;35.946;1172.371;121.57257072762961;1192.8730154248635;operator;False
Q3_53_seed_426609612;5331;Limit;0;;1205.936;1211.729;1150.4215260415128;1151.1750260415129;pattern;
