query_file;node_id;node_type;depth;parent_relationship;actual_startup_time;actual_total_time;predicted_startup_time;predicted_total_time;prediction_type;is_leaf
Q7_66_seed_533262015;12525;Hash Join;7;Outer;0.187;35.795;37.617349447730206;429.3830087422621;pattern;
Q7_66_seed_533262015;12522;Hash Join;5;Outer;37.498;214.099;39.638535265155625;304.8909869868012;pattern;
Q7_66_seed_533262015;12529;Index Scan;5;Inner;0.032;0.033;0.03941894583458616;0.9628515547403396;operator;True
Q7_66_seed_533262015;12531;Hash Join;5;Outer;0.098;2.563;37.61603003805647;429.3628282798292;pattern;
Q7_66_seed_533262015;12521;Nested Loop;4;Outer;37.817;1196.602;173.4013251715467;1215.9932441105188;operator;False
Q7_66_seed_533262015;12530;Hash;4;Inner;2.611;2.611;27.742268811544875;27.74323152040685;operator;False
Q7_66_seed_533262015;12520;Hash Join;3;Outer;41.078;1203.106;124.68849509864765;843.1103148833878;operator;False
Q7_66_seed_533262015;12519;Sort;2;Outer;1203.749;1203.777;1107.6640382246896;1109.1567501899126;operator;False
Q7_66_seed_533262015;12517;Aggregate;0;;1207.036;1211.01;1159.5364464121913;1163.1290541267842;pattern;
