query_file;node_id;node_type;depth;parent_relationship;actual_startup_time;actual_total_time;predicted_startup_time;predicted_total_time;prediction_type;is_leaf
Q7_124_seed_1009095813;10977;Hash Join;7;Outer;0.102;36.517;0.244988718307674;24.82128462146136;pattern;
Q7_124_seed_1009095813;10974;Hash Join;5;Outer;37.857;216.044;37.16837594011375;260.16041393747275;pattern;
Q7_124_seed_1009095813;10981;Index Scan;5;Inner;0.031;0.032;0.03861891685575192;0.08695394945135604;operator;True
Q7_124_seed_1009095813;10983;Hash Join;5;Outer;0.096;2.699;0.15307644758142303;21.236310736734197;pattern;
Q7_124_seed_1009095813;10973;Nested Loop;4;Outer;38.187;1197.445;42.24331911707124;1145.3730708220435;operator;False
Q7_124_seed_1009095813;10982;Hash;4;Inner;2.752;2.753;14.938379238697365;14.938763777250472;operator;False
Q7_124_seed_1009095813;10972;Hash Join;3;Outer;41.519;1204.085;43.42578054992339;1129.0568150886245;operator;False
Q7_124_seed_1009095813;10971;Sort;2;Outer;1204.685;1204.712;1149.2180891709254;1149.813162537229;operator;False
Q7_124_seed_1009095813;10969;Aggregate;0;;1208.361;1213.647;1184.0519011625388;1187.6479853732715;pattern;
