query_file;node_id;node_type;depth;parent_relationship;actual_startup_time;actual_total_time;predicted_startup_time;predicted_total_time;prediction_type;is_leaf
Q5_133_seed_1082932092;7637;Seq Scan;13;Outer;0.054;0.054;0.11847516521860801;21.38994919585383;operator;True
Q5_133_seed_1082932092;7635;Seq Scan;12;Outer;0.008;0.008;-0.015167767241809571;10.494725911870546;operator;True
Q5_133_seed_1082932092;7636;Hash;12;Inner;0.056;0.056;16.01535370121718;16.014912333363355;operator;False
Q5_133_seed_1082932092;7621;Sort;0;;1076.47;1078.372;1068.791821053136;1070.4422092873856;pattern;
