query_file;node_id;node_type;depth;parent_relationship;actual_startup_time;actual_total_time;predicted_startup_time;predicted_total_time;prediction_type;is_leaf
Q10_80_seed_648118449;21046;Seq Scan;6;Outer;0.011;0.012;0.06128368059525324;7.194474264237783;operator;True
Q10_80_seed_648118449;21039;Hash Join;5;Outer;37.402;1106.908;36.97406027109553;725.1381942149939;pattern;
Q10_80_seed_648118449;21045;Hash;5;Inner;0.018;0.018;14.539339481092867;14.53971731681122;operator;False
Q10_80_seed_648118449;21034;Limit;0;;1158.369;1159.143;1150.3965055718552;1151.1620055718552;pattern;
