query_file;node_id;node_type;depth;parent_relationship;actual_startup_time;actual_total_time;predicted_startup_time;predicted_total_time;prediction_type;is_leaf
Q12_99_seed_803995038;25361;Seq Scan;5;Outer;9.29;845.523;1.608599090130351;745.1944576807962;operator;True
Q12_99_seed_803995038;25362;Index Scan;5;Inner;0.027;0.027;0.12456619013031595;0.07187872145217966;operator;True
Q12_99_seed_803995038;25360;Nested Loop;4;Outer;9.758;986.829;38.322451292891344;1127.4128094453565;operator;False
Q12_99_seed_803995038;25359;Sort;3;Outer;987.695;987.796;1092.407563082069;1092.8206393641317;operator;False
Q12_99_seed_803995038;25358;Aggregate;2;Outer;988.086;988.421;868.9400340106529;895.2968759841901;operator;False
Q12_99_seed_803995038;25357;Gather Merge;1;Outer;1001.949;1009.252;1109.2237353414207;1111.8378591541514;operator;False
Q12_99_seed_803995038;25356;Aggregate;0;;1002.421;1009.279;903.5726610418803;919.0514173659719;operator;False
