query_file;node_id;node_type;depth;parent_relationship;actual_startup_time;actual_total_time;predicted_startup_time;predicted_total_time;prediction_type;is_leaf
Q13_30_seed_237916899;25887;Index Only Scan;5;Outer;0.009;9.943;0.010999999999999233;10.0855;operator;True
Q13_30_seed_237916899;25885;Seq Scan;4;Outer;0.182;469.953;0.23273567730066813;412.6620560931443;operator;True
Q13_30_seed_237916899;25886;Hash;4;Inner;15.038;15.038;37.633741096849306;37.63511860841764;operator;False
Q13_30_seed_237916899;25884;Hash Join;3;Outer;15.423;673.393;17.692692298527376;705.8467190907129;operator;False
Q13_30_seed_237916899;25881;Sort;0;;884.552;884.554;915.3255133636402;915.3295133636401;pattern;
