query_count;mean_actual_ms;mean_predicted_ms;mean_mre;std_mre;mean_mre_pct
150;1101.4231619262137;1127.5895380372313;0.030348024287506044;0.01979266125650361;3.0348024287506044
