query_file;node_id;node_type;depth;parent_relationship;actual_startup_time;actual_total_time;predicted_startup_time;predicted_total_time;prediction_type;is_leaf
Q8_35_seed_278937054;15006;Seq Scan;10;Outer;0.076;33.073;0.27610590718633166;24.87346631481978;operator;True
Q8_35_seed_278937054;15007;Hash;10;Inner;0.315;0.315;0.19455457104402996;0.195299517027415;pattern;
Q8_35_seed_278937054;15014;Seq Scan;7;Outer;0.134;41.974;0.4239624016488106;44.48043740618385;operator;True
Q8_35_seed_278937054;15001;Nested Loop;6;Outer;36.751;1193.426;37.6417632564794;1155.057519186467;pattern;
Q8_35_seed_278937054;15013;Hash;6;Inner;42.073;42.073;17.764670746281553;17.764236045836014;operator;False
Q8_35_seed_278937054;15000;Hash Join;5;Outer;83.51;1239.911;78.66709533239322;1042.8693682182754;operator;False
Q8_35_seed_278937054;15015;Index Scan;5;Inner;0.006;0.006;0.005987109893472176;0.051211396152496036;operator;True
Q8_35_seed_278937054;15017;Seq Scan;5;Outer;0.009;0.01;0.06128368059525324;7.194474264237783;operator;True
Q8_35_seed_278937054;14995;Aggregate;0;;1249.469;1249.829;1219.120954002189;1220.4875926198333;pattern;
