pattern_hash;pattern_string;mre;mre_pct;status
3e2d5a00246ff56483c16003698d4917;Sort -> Hash Join (Outer);0.09450035289405058;9.450035289405058;SELECTED
