query_file;node_id;node_type;depth;parent_relationship;actual_startup_time;actual_total_time;predicted_startup_time;predicted_total_time;prediction_type;is_leaf
Q12_109_seed_886035348;24388;Seq Scan;5;Outer;9.926;828.032;3.9754773872073312;750.4570481998755;operator;True
Q12_109_seed_886035348;24389;Index Scan;5;Inner;0.027;0.027;0.02578304839054807;-0.01647583438285949;operator;True
Q12_109_seed_886035348;24387;Nested Loop;4;Outer;10.534;966.609;21.28182330558434;1101.3090650222853;operator;False
Q12_109_seed_886035348;24386;Sort;3;Outer;967.46;967.565;1057.1107154033145;1058.103288709131;operator;False
Q12_109_seed_886035348;24385;Aggregate;2;Outer;967.806;968.206;927.0331965032553;941.961655019014;operator;False
Q12_109_seed_886035348;24383;Aggregate;0;;985.224;987.993;1022.9227440075016;1027.0478221888204;pattern;
