query_file;node_id;node_type;depth;parent_relationship;actual_startup_time;actual_total_time;predicted_startup_time;predicted_total_time;prediction_type;is_leaf
Q13_127_seed_1033707906;25579;Index Only Scan;5;Outer;0.017;10.293;0.0;0.0;operator;True
Q13_127_seed_1033707906;25577;Seq Scan;4;Outer;0.229;506.15;-1.9573972347551463;264.1925409425301;operator;True
Q13_127_seed_1033707906;25578;Hash;4;Inner;15.698;15.698;80.14603185435155;80.14700462784211;operator;False
Q13_127_seed_1033707906;25576;Hash Join;3;Outer;16.125;719.077;145.01164067703996;787.8302068759015;operator;False
Q13_127_seed_1033707906;25575;Aggregate;2;Outer;923.525;931.374;917.0178124207043;1014.3875217138225;operator;False
Q13_127_seed_1033707906;25574;Aggregate;1;Outer;937.622;937.626;968.6999423050423;1000.3283401184681;operator;False
Q13_127_seed_1033707906;25573;Sort;0;;937.646;937.648;1080.3914887596711;1081.9327597444683;operator;False
