query_file;node_id;node_type;depth;parent_relationship;actual_startup_time;actual_total_time;predicted_startup_time;predicted_total_time;prediction_type;is_leaf
Q19_144_seed_1173176433;31562;Seq Scan;5;Outer;13.938;45.277;1.1346996488190357;23.761992306961247;operator;True
Q19_144_seed_1173176433;31560;Seq Scan;4;Outer;0.664;769.942;7.828472417648041;743.4590536793107;operator;True
Q19_144_seed_1173176433;31561;Hash;4;Inner;45.415;45.415;8.284657635696476;8.285218570502593;operator;False
Q19_144_seed_1173176433;31559;Hash Join;3;Outer;105.287;819.021;60.25909556841417;766.0578035768075;operator;False
Q19_144_seed_1173176433;31556;Aggregate;0;;832.864;840.54;825.7345122816541;831.1997699689382;pattern;
