query_file;node_id;node_type;depth;parent_relationship;actual_startup_time;actual_total_time;predicted_startup_time;predicted_total_time;prediction_type;is_leaf
Q7_97_seed_787586976;13137;Hash Join;7;Outer;0.141;35.311;37.617349447730206;429.3830087422621;pattern;
Q7_97_seed_787586976;13134;Hash Join;5;Outer;35.955;211.599;39.638535265155625;304.8909869868012;pattern;
Q7_97_seed_787586976;13141;Index Scan;5;Inner;0.031;0.032;0.03941894583458616;0.9628515547403396;operator;True
Q7_97_seed_787586976;13143;Hash Join;5;Outer;0.106;5.652;37.61603003805647;429.3628282798292;pattern;
Q7_97_seed_787586976;13133;Nested Loop;4;Outer;36.659;1168.001;173.4013251715467;1215.9932441105188;operator;False
Q7_97_seed_787586976;13142;Hash;4;Inner;5.697;5.697;27.742268811544875;27.74323152040685;operator;False
Q7_97_seed_787586976;13132;Hash Join;3;Outer;46.54;1177.569;124.68849509864765;843.1103148833878;operator;False
Q7_97_seed_787586976;13131;Sort;2;Outer;1178.216;1178.247;1107.6640382246896;1109.1567501899126;operator;False
Q7_97_seed_787586976;13129;Aggregate;0;;1181.41;1185.193;1159.5364464121913;1163.1290541267842;pattern;
