query_file;node_id;node_type;depth;parent_relationship;actual_startup_time;actual_total_time;predicted_startup_time;predicted_total_time;prediction_type;is_leaf
Q14_141_seed_1148564340;26741;Seq Scan;5;Outer;7.893;37.325;1.2208188453329911;12.703852905744952;operator;True
Q14_141_seed_1148564340;26739;Seq Scan;4;Outer;1.676;747.722;6.817318492679311;758.4658682520618;operator;True
Q14_141_seed_1148564340;26740;Hash;4;Inner;42.828;42.831;9.378350513673809;9.3794421988882;operator;False
Q14_141_seed_1148564340;26738;Hash Join;3;Outer;47.254;800.493;78.55818900604265;807.6200671293996;operator;False
Q14_141_seed_1148564340;26735;Aggregate;0;;819.02;823.017;842.8526548683488;848.351071364166;pattern;
