query_file;node_id;node_type;depth;parent_relationship;actual_startup_time;actual_total_time;predicted_startup_time;predicted_total_time;prediction_type;is_leaf
Q7_132_seed_1074728061;11139;Hash Join;7;Outer;0.023;34.501;37.617349447730206;429.3830087422621;pattern;
Q7_132_seed_1074728061;11136;Hash Join;5;Outer;35.887;213.45;39.638535265155625;304.8909869868012;pattern;
Q7_132_seed_1074728061;11143;Index Scan;5;Inner;0.032;0.032;0.03941894583458616;0.9628515547403396;operator;True
Q7_132_seed_1074728061;11145;Hash Join;5;Outer;0.105;4.773;37.61603003805647;429.3628282798292;pattern;
Q7_132_seed_1074728061;11135;Nested Loop;4;Outer;36.313;1187.866;173.4013251715467;1215.9932441105188;operator;False
Q7_132_seed_1074728061;11144;Hash;4;Inner;4.817;4.817;27.742268811544875;27.74323152040685;operator;False
Q7_132_seed_1074728061;11134;Hash Join;3;Outer;42.018;1196.427;124.68849509864765;843.1103148833878;operator;False
Q7_132_seed_1074728061;11133;Sort;2;Outer;1197.021;1197.05;1107.6640382246896;1109.1567501899126;operator;False
Q7_132_seed_1074728061;11131;Aggregate;0;;1199.814;1203.554;1159.5364464121913;1163.1290541267842;pattern;
