query_file;node_id;node_type;depth;parent_relationship;actual_startup_time;actual_total_time;predicted_startup_time;predicted_total_time;prediction_type;is_leaf
Q12_44_seed_352773333;24941;Seq Scan;5;Outer;10.241;826.238;1.6081331030657307;745.1908794873424;operator;True
Q12_44_seed_352773333;24942;Index Scan;5;Inner;0.027;0.027;0.12456619013031595;0.07187872145217966;operator;True
Q12_44_seed_352773333;24940;Nested Loop;4;Outer;10.758;965.874;38.330038627097366;1127.406830204186;operator;False
Q12_44_seed_352773333;24939;Sort;3;Outer;966.724;966.827;1092.3860137703837;1092.798932117305;operator;False
Q12_44_seed_352773333;24938;Aggregate;2;Outer;967.103;967.457;868.9861757034031;895.3250866141663;operator;False
Q12_44_seed_352773333;24937;Gather Merge;1;Outer;979.527;986.788;1109.2214607902113;1111.835470435928;operator;False
Q12_44_seed_352773333;24936;Aggregate;0;;979.983;986.81;903.6199651516648;919.0811917958183;operator;False
