query_file;node_id;node_type;depth;parent_relationship;actual_startup_time;actual_total_time;predicted_startup_time;predicted_total_time;prediction_type;is_leaf
Q14_33_seed_262528992;26958;Seq Scan;5;Outer;7.961;36.235;2.100459698143283;16.559768779669923;operator;True
Q14_33_seed_262528992;26956;Seq Scan;4;Outer;0.668;732.142;3.4684598776581788;747.9301984785319;operator;True
Q14_33_seed_262528992;26957;Hash;4;Inner;42.769;42.769;21.248022626321983;21.248680753082937;operator;False
Q14_33_seed_262528992;26955;Hash Join;3;Outer;44.622;783.687;49.31984091417861;788.2742071007399;operator;False
Q14_33_seed_262528992;26952;Aggregate;0;;802.008;805.896;829.1900911573389;834.7412901874582;pattern;
