iteration;pattern_hash;delta
45;25df29b5b69835d07c0d8b72b0e46a3b;0.0949698946088199
17;a5f39f08c510532e02e96e109e48c0cd;0.0248790266829612
117;fd858367085e17ddeebcdbba5dd3a6ac;0.0219398277674388
0;895c6e8c1a30a094329d71cef3111fbd;0.0185327708666828
86;35ffb64405c972adec2b1bd3878a66ec;0.0112884183736153
4;2724c08067c017e6455632f46231780c;0.0097333489122114
105;52c5ec816a9d28d4af954e0780cc226d;0.0054912804346903
15;634cdbe24fda21720ccd3dc746d5c979;0.0052475507400378
