query_file;node_id;node_type;depth;parent_relationship;actual_startup_time;actual_total_time;predicted_startup_time;predicted_total_time;prediction_type;is_leaf
Q7_94_seed_762974883;13083;Hash Join;7;Outer;0.03;33.937;0.244988718307674;24.82128462146136;pattern;
Q7_94_seed_762974883;13080;Hash Join;5;Outer;35.629;213.24;37.16837594011375;260.16041393747275;pattern;
Q7_94_seed_762974883;13087;Index Scan;5;Inner;0.031;0.032;0.03861891685575192;0.08695394945135604;operator;True
Q7_94_seed_762974883;13089;Hash Join;5;Outer;0.109;4.092;0.15307644758142303;21.236310736734197;pattern;
Q7_94_seed_762974883;13079;Nested Loop;4;Outer;36.204;1178.47;42.24331911707124;1145.3730708220435;operator;False
Q7_94_seed_762974883;13088;Hash;4;Inner;4.14;4.141;14.938379238697365;14.938763777250472;operator;False
Q7_94_seed_762974883;13078;Hash Join;3;Outer;42.33;1187.087;43.42578054992339;1129.0568150886245;operator;False
Q7_94_seed_762974883;13077;Sort;2;Outer;1187.669;1187.698;1149.2180891709254;1149.813162537229;operator;False
Q7_94_seed_762974883;13075;Aggregate;0;;1190.611;1196.865;1184.0519011625388;1187.6479853732715;pattern;
