metric;value;percentage
mean_mre;0.11101805563828077;11.101805563828076
