metric;value;percentage
mean_mre;0.2005931936465604;20.05931936465604
