metric;value;percentage
mean_mre;0.0624926337895432;6.24926337895432
