query_file;node_id;node_type;depth;parent_relationship;actual_startup_time;actual_total_time;predicted_startup_time;predicted_total_time;prediction_type;is_leaf
Q12_12_seed_90244341;24549;Seq Scan;5;Outer;10.417;846.876;1.6083221988740206;745.1923317662073;operator;True
Q12_12_seed_90244341;24550;Index Scan;5;Inner;0.025;0.025;0.12456619013031595;0.07187872145217966;operator;True
Q12_12_seed_90244341;24548;Nested Loop;4;Outer;10.829;978.852;38.326988863804786;1127.4092707489608;operator;False
Q12_12_seed_90244341;24547;Sort;3;Outer;979.72;979.821;1092.39483827254;1092.8078215242024;operator;False
Q12_12_seed_90244341;24546;Aggregate;2;Outer;980.09;980.417;868.9672518650052;895.3135126533227;operator;False
Q12_12_seed_90244341;24545;Gather Merge;1;Outer;994.864;1003.002;1109.2223924423079;1111.8364489106568;operator;False
Q12_12_seed_90244341;24544;Aggregate;0;;995.246;1003.03;903.6005596049972;919.0689738898648;operator;False
