query_file;node_id;node_type;depth;parent_relationship;actual_startup_time;actual_total_time;predicted_startup_time;predicted_total_time;prediction_type;is_leaf
Q7_59_seed_475833798;12390;Seq Scan;7;Outer;0.009;0.01;0.057510053765475355;7.1959461692964055;operator;True
Q7_59_seed_475833798;12379;Seq Scan;6;Outer;0.352;151.129;0.17165698011059138;192.19189190052919;operator;True
Q7_59_seed_475833798;12380;Hash;6;Inner;35.945;35.945;35.59041974959206;35.59136215845007;pattern;
Q7_59_seed_475833798;12388;Seq Scan;6;Outer;0.088;2.039;0.0355295538972451;10.6167639219301;operator;True
Q7_59_seed_475833798;12389;Hash;6;Inner;0.013;0.013;14.536786179837549;14.537163827824884;operator;False
Q7_59_seed_475833798;12373;Aggregate;0;;1181.162;1185.19;1196.627;1200.903;pattern;
