query_file;node_id;node_type;depth;parent_relationship;actual_startup_time;actual_total_time;predicted_startup_time;predicted_total_time;prediction_type;is_leaf
Q4_11_seed_82040310;6003;Seq Scan;5;Outer;0.075;165.594;0.9387997934218602;154.6645858385597;operator;True
Q4_11_seed_82040310;6004;Index Scan;5;Inner;0.061;0.061;-0.003540308287079061;11.104357498313234;operator;True
Q4_11_seed_82040310;6002;Nested Loop;4;Outer;0.256;1041.178;199.80203399293853;1255.4487969298648;operator;False
Q4_11_seed_82040310;5998;Aggregate;0;;1047.165;1049.326;946.3724041557311;952.1882127354145;pattern;
