query_file;node_id;node_type;depth;parent_relationship;actual_startup_time;actual_total_time;predicted_startup_time;predicted_total_time;prediction_type;is_leaf
Q3_6_seed_41020155;5519;Seq Scan;7;Outer;5.042;27.184;0.26290512072724725;38.566617753396486;operator;True
Q3_6_seed_41020155;5516;Hash Join;5;Outer;28.617;208.662;29.719593561707427;242.49748915480097;pattern;
Q3_6_seed_41020155;5520;Index Scan;5;Inner;0.026;0.026;0.05839675190218198;-0.5180651256505655;operator;True
Q3_6_seed_41020155;5515;Nested Loop;4;Outer;29.664;1163.758;121.91300208554195;1193.1629820527419;operator;False
Q3_6_seed_41020155;5511;Limit;0;;1199.08;1200.862;1150.4215260033016;1151.1750260033016;pattern;
