query_file;node_id;node_type;depth;parent_relationship;actual_startup_time;actual_total_time;predicted_startup_time;predicted_total_time;prediction_type;is_leaf
Q18_111_seed_902443410;29024;Index Scan;11;Outer;0.077;2110.336;0.07840002060647741;219.99007701940465;operator;True
Q18_111_seed_902443410;29023;Aggregate;10;Outer;546.193;2613.206;946.7420652795311;1300.2141978658015;operator;False
Q18_111_seed_902443410;29020;Hash Join;8;Outer;2714.128;2840.318;276.92498344993373;688.8336598995999;pattern;
Q18_111_seed_902443410;29026;Seq Scan;8;Outer;0.031;54.137;0.09563123806324136;25.47059222001974;operator;True
Q18_111_seed_902443410;29019;Sort;7;Outer;2840.33;2840.331;1096.6068000643686;1098.1317670536107;operator;False
Q18_111_seed_902443410;29025;Sort;7;Inner;64.503;67.012;1014.2095935652225;1014.6022309830253;operator;False
Q18_111_seed_902443410;29012;Limit;0;;3040.668;3048.089;3043.076;3050.2394999999997;pattern;
