query_file;node_id;node_type;depth;parent_relationship;actual_startup_time;actual_total_time;predicted_startup_time;predicted_total_time;prediction_type;is_leaf
Q4_50_seed_401997519;6521;Seq Scan;5;Outer;0.068;163.512;0.9389960652556808;154.66537316052955;operator;True
Q4_50_seed_401997519;6522;Index Scan;5;Inner;0.063;0.063;-0.003540308287079061;11.104357498313234;operator;True
Q4_50_seed_401997519;6520;Nested Loop;4;Outer;0.659;1044.829;199.80203399293853;1255.4487969298648;operator;False
Q4_50_seed_401997519;6516;Aggregate;0;;1050.483;1052.638;946.3724041557311;952.1882127354145;pattern;
