query_file;node_id;node_type;depth;parent_relationship;actual_startup_time;actual_total_time;predicted_startup_time;predicted_total_time;prediction_type;is_leaf
Q12_127_seed_1033707906;24528;Seq Scan;5;Outer;9.172;848.983;1.608470774534588;745.1934725949296;operator;True
Q12_127_seed_1033707906;24529;Index Scan;5;Inner;0.026;0.026;0.12456619013031595;0.07187872145217966;operator;True
Q12_127_seed_1033707906;24527;Nested Loop;4;Outer;9.617;988.909;38.32455343067252;1127.411168376362;operator;False
Q12_127_seed_1033707906;24526;Sort;3;Outer;989.796;989.899;1092.4016752718699;1092.8147085362086;operator;False
Q12_127_seed_1033707906;24525;Aggregate;2;Outer;990.182;990.531;868.9526199483878;895.3045680468074;operator;False
Q12_127_seed_1033707906;24524;Gather Merge;1;Outer;1007.061;1010.724;1109.2231140043523;1111.8372066738748;operator;False
Q12_127_seed_1033707906;24523;Aggregate;0;;1007.398;1010.74;903.5855628102734;919.0595352153252;operator;False
