query_file;node_id;node_type;depth;parent_relationship;actual_startup_time;actual_total_time;predicted_startup_time;predicted_total_time;prediction_type;is_leaf
Q12_128_seed_1041911937;24535;Seq Scan;5;Outer;9.375;826.594;1.6084572676376307;745.1933688922255;operator;True
Q12_128_seed_1041911937;24536;Index Scan;5;Inner;0.026;0.026;0.12456619013031595;0.07187872145217966;operator;True
Q12_128_seed_1041911937;24534;Nested Loop;4;Outer;9.871;962.513;38.32473977778429;1127.4109760099172;operator;False
Q12_128_seed_1041911937;24533;Sort;3;Outer;963.343;963.45;1092.4009954615562;1092.8140235888025;operator;False
Q12_128_seed_1041911937;24532;Aggregate;2;Outer;963.738;964.108;868.954089681634;895.3054683039763;operator;False
Q12_128_seed_1041911937;24531;Gather Merge;1;Outer;977.98;983.529;1109.2230413263926;1111.8371303504643;operator;False
Q12_128_seed_1041911937;24530;Aggregate;0;;978.454;983.561;903.5870730424252;919.0604857080837;operator;False
