query_file;node_id;node_type;depth;parent_relationship;actual_startup_time;actual_total_time;predicted_startup_time;predicted_total_time;prediction_type;is_leaf
Q12_105_seed_853219224;24360;Seq Scan;5;Outer;9.518;835.073;1.608599090130351;745.1944576807962;operator;True
Q12_105_seed_853219224;24361;Index Scan;5;Inner;0.026;0.026;0.12456619013031595;0.07187872145217966;operator;True
Q12_105_seed_853219224;24359;Nested Loop;4;Outer;10.01;973.322;38.322501140303075;1127.4128375632322;operator;False
Q12_105_seed_853219224;24358;Sort;3;Outer;974.279;974.386;1092.4076478737352;1092.8207250152386;operator;False
Q12_105_seed_853219224;24357;Aggregate;2;Outer;974.702;975.062;868.939832665939;895.2967503601852;operator;False
Q12_105_seed_853219224;24356;Gather Merge;1;Outer;989.015;994.824;1109.223745525785;1111.8378698497513;operator;False
Q12_105_seed_853219224;24355;Aggregate;0;;989.488;994.851;903.572450758403;919.0512846737004;operator;False
