query_file;node_id;node_type;depth;parent_relationship;actual_startup_time;actual_total_time;predicted_startup_time;predicted_total_time;prediction_type;is_leaf
Q1_135_seed_1099340154;195;Seq Scan;4;Outer;8.636;470.291;0.8520780099514971;679.0655461251132;operator;True
Q1_135_seed_1099340154;194;Aggregate;3;Outer;871.872;871.875;1037.4363569982543;1113.1262226080835;operator;False
Q1_135_seed_1099340154;193;Sort;2;Outer;871.906;871.907;1181.032957808408;1182.102683047857;operator;False
Q1_135_seed_1099340154;192;Gather Merge;1;Outer;886.965;892.872;1161.478656612963;1165.6038961886402;operator;False
Q1_135_seed_1099340154;191;Aggregate;0;;887.004;892.93;1149.894781793958;1195.922934698215;operator;False
