query_file;node_id;node_type;depth;parent_relationship;actual_startup_time;actual_total_time;predicted_startup_time;predicted_total_time;prediction_type;is_leaf
Q1_135_seed_1099340154;195;Seq Scan;4;Outer;8.636;470.291;0.8520780099514971;679.0655461251132;operator;True
Q1_135_seed_1099340154;193;Sort;2;Outer;871.906;871.907;1196.7236522524943;1200.8185943120882;pattern;
Q1_135_seed_1099340154;192;Gather Merge;1;Outer;886.965;892.872;1161.8053482605746;1165.92964005481;operator;False
Q1_135_seed_1099340154;191;Aggregate;0;;887.004;892.93;1149.9308362575405;1195.969263735071;operator;False
