query_file;node_id;node_type;depth;parent_relationship;actual_startup_time;actual_total_time;predicted_startup_time;predicted_total_time;prediction_type;is_leaf
Q7_15_seed_114856434;11517;Hash Join;7;Outer;0.107;35.936;0.244988718307674;24.82128462146136;pattern;
Q7_15_seed_114856434;11514;Hash Join;5;Outer;37.042;210.8;37.16837594011375;260.16041393747275;pattern;
Q7_15_seed_114856434;11521;Index Scan;5;Inner;0.032;0.033;0.03861891685575192;0.08695394945135604;operator;True
Q7_15_seed_114856434;11523;Hash Join;5;Outer;0.11;3.112;0.15307644758142303;21.236310736734197;pattern;
Q7_15_seed_114856434;11513;Nested Loop;4;Outer;37.282;1183.83;42.24331911707124;1145.3730708220435;operator;False
Q7_15_seed_114856434;11522;Hash;4;Inner;3.162;3.163;14.938379238697365;14.938763777250472;operator;False
Q7_15_seed_114856434;11512;Hash Join;3;Outer;42.443;1190.735;43.42578054992339;1129.0568150886245;operator;False
Q7_15_seed_114856434;11511;Sort;2;Outer;1191.346;1191.375;1149.2180891709254;1149.813162537229;operator;False
Q7_15_seed_114856434;11509;Aggregate;0;;1194.411;1199.431;1184.0519011625388;1187.6479853732715;pattern;
