query_count;mean_actual_ms;mean_predicted_ms;mean_mre;std_mre;mean_mre_pct
150;3166.5819719947954;1216.981224374567;0.6156006777814066;0.005444678361944202;61.560067778140656
