query_file;node_id;node_type;depth;parent_relationship;actual_startup_time;actual_total_time;predicted_startup_time;predicted_total_time;prediction_type;is_leaf
Q12_72_seed_582486201;25158;Seq Scan;5;Outer;11.415;829.604;1.6084572676376307;745.1933688922255;operator;True
Q12_72_seed_582486201;25159;Index Scan;5;Inner;0.026;0.026;0.12456619013031595;0.07187872145217966;operator;True
Q12_72_seed_582486201;25157;Nested Loop;4;Outer;11.806;967.149;38.32473977778429;1127.4109760099172;operator;False
Q12_72_seed_582486201;25156;Sort;3;Outer;967.973;968.074;1092.4009954615562;1092.8140235888025;operator;False
Q12_72_seed_582486201;25155;Aggregate;2;Outer;968.354;968.696;868.954089681634;895.3054683039763;operator;False
Q12_72_seed_582486201;25154;Gather Merge;1;Outer;986.322;988.727;1109.2230413263926;1111.8371303504643;operator;False
Q12_72_seed_582486201;25153;Aggregate;0;;986.693;988.745;903.5870730424252;919.0604857080837;operator;False
