query_file;node_id;node_type;depth;parent_relationship;actual_startup_time;actual_total_time;predicted_startup_time;predicted_total_time;prediction_type;is_leaf
Q7_40_seed_319957209;12021;Hash Join;7;Outer;0.568;35.231;37.617349447730206;429.3830087422621;pattern;
Q7_40_seed_319957209;12018;Hash Join;5;Outer;35.785;216.637;39.638535265155625;304.8909869868012;pattern;
Q7_40_seed_319957209;12025;Index Scan;5;Inner;0.032;0.032;0.03941894583458616;0.9628515547403396;operator;True
Q7_40_seed_319957209;12027;Hash Join;5;Outer;0.105;3.615;37.61603003805647;429.3628282798292;pattern;
Q7_40_seed_319957209;12017;Nested Loop;4;Outer;36.385;1206.809;173.4013251715467;1215.9932441105188;operator;False
Q7_40_seed_319957209;12026;Hash;4;Inner;3.664;3.664;27.742268811544875;27.74323152040685;operator;False
Q7_40_seed_319957209;12016;Hash Join;3;Outer;42.044;1214.304;124.68849509864765;843.1103148833878;operator;False
Q7_40_seed_319957209;12015;Sort;2;Outer;1214.897;1214.926;1107.6640382246896;1109.1567501899126;operator;False
Q7_40_seed_319957209;12013;Aggregate;0;;1217.978;1222.214;1159.5364464121913;1163.1290541267842;pattern;
