query_file;node_id;node_type;depth;parent_relationship;actual_startup_time;actual_total_time;predicted_startup_time;predicted_total_time;prediction_type;is_leaf
Q3_63_seed_508649922;5449;Seq Scan;7;Outer;4.972;29.091;0.26298146372291775;38.56986712631601;operator;True
Q3_63_seed_508649922;5446;Hash Join;5;Outer;30.226;209.778;29.70702333087;242.50747659544288;pattern;
Q3_63_seed_508649922;5450;Index Scan;5;Inner;0.026;0.026;0.05839675190218198;-0.5180651256505655;operator;True
Q3_63_seed_508649922;5445;Nested Loop;4;Outer;31.959;1182.083;121.96961596502317;1193.216600482375;operator;False
Q3_63_seed_508649922;5441;Limit;0;;1215.876;1217.504;1150.421526027964;1151.1750260279641;pattern;
