metric;value;percentage
mean_mre;0.03556366280588459;3.5563662805884593
