metric;value;percentage
mean_mre;0.03477485947697487;3.477485947697487
