query_file;node_id;node_type;depth;parent_relationship;actual_startup_time;actual_total_time;predicted_startup_time;predicted_total_time;prediction_type;is_leaf
Q12_141_seed_1148564340;24640;Seq Scan;5;Outer;9.804;827.278;3.9755330696593174;750.4579109159994;operator;True
Q12_141_seed_1148564340;24641;Index Scan;5;Inner;0.027;0.027;0.02578304839054807;-0.01647583438285949;operator;True
Q12_141_seed_1148564340;24639;Nested Loop;4;Outer;10.165;967.801;21.28558427438358;1101.3158081637698;operator;False
Q12_141_seed_1148564340;24638;Sort;3;Outer;968.673;968.773;1057.1152796077927;1058.1079012670127;operator;False
Q12_141_seed_1148564340;24637;Aggregate;2;Outer;969.055;969.382;927.0273880387808;941.959533663404;operator;False
Q12_141_seed_1148564340;24635;Aggregate;0;;985.245;989.24;1022.922507865151;1027.0476861356233;pattern;
