query_file;node_id;node_type;depth;parent_relationship;actual_startup_time;actual_total_time;predicted_startup_time;predicted_total_time;prediction_type;is_leaf
Q1_94_seed_762974883;720;Seq Scan;4;Outer;7.814;506.614;0.8502948202878393;680.1506246773089;operator;True
Q1_94_seed_762974883;719;Aggregate;3;Outer;928.621;928.626;1037.4069061323303;1112.9159417238188;operator;False
Q1_94_seed_762974883;718;Sort;2;Outer;928.647;928.647;1180.974754616764;1182.044410920515;operator;False
Q1_94_seed_762974883;717;Gather Merge;1;Outer;939.236;944.309;1161.4617999630066;1165.586484641478;operator;False
Q1_94_seed_762974883;716;Aggregate;0;;939.256;944.343;1149.871828030216;1195.848826505584;operator;False
