query_file;node_id;node_type;depth;parent_relationship;actual_startup_time;actual_total_time;predicted_startup_time;predicted_total_time;prediction_type;is_leaf
Q1_106_seed_861423255;35;Seq Scan;4;Outer;8.483;511.109;0.8495350520942346;680.6007058406449;operator;True
Q1_106_seed_861423255;34;Aggregate;3;Outer;917.143;917.147;1037.3947084462075;1112.828750821296;operator;False
Q1_106_seed_861423255;33;Sort;2;Outer;917.179;917.18;1180.9505783809395;1182.0202060092117;operator;False
Q1_106_seed_861423255;32;Gather Merge;1;Outer;932.06;937.673;1161.454809271932;1165.5792631344093;operator;False
Q1_106_seed_861423255;31;Aggregate;0;;932.101;937.73;1149.8622870011438;1195.8180523058757;operator;False
