query_file;node_id;node_type;depth;parent_relationship;actual_startup_time;actual_total_time;predicted_startup_time;predicted_total_time;prediction_type;is_leaf
Q1_106_seed_861423255;35;Seq Scan;4;Outer;8.483;511.109;0.8495350520942346;680.6007058406449;operator;True
Q1_106_seed_861423255;33;Sort;2;Outer;917.179;917.18;1196.3180921329586;1200.4141756751455;pattern;
Q1_106_seed_861423255;32;Gather Merge;1;Outer;932.06;937.673;1161.7752263645923;1165.8987510729255;operator;False
Q1_106_seed_861423255;31;Aggregate;0;;932.101;937.73;1149.8976505954809;1195.863498259133;operator;False
