metric;value;percentage
mean_mre;0.04721577370766781;4.721577370766781
