query_file;node_id;node_type;depth;parent_relationship;actual_startup_time;actual_total_time;predicted_startup_time;predicted_total_time;prediction_type;is_leaf
Q4_39_seed_311753178;6430;Seq Scan;5;Outer;0.144;160.649;0.22562196571090642;157.03153897651052;operator;True
Q4_39_seed_311753178;6431;Index Scan;5;Inner;0.062;0.062;0.0613998547578784;0.3804463618884739;operator;True
Q4_39_seed_311753178;6429;Nested Loop;4;Outer;0.816;1046.806;31.320725780409134;1106.3739690178359;operator;False
Q4_39_seed_311753178;6427;Sort;2;Outer;1048.714;1048.715;1054.2609312153731;1055.4240424950485;pattern;
Q4_39_seed_311753178;6426;Gather Merge;1;Outer;1050.809;1052.966;1109.536898091338;1112.780405607221;operator;False
Q4_39_seed_311753178;6425;Aggregate;0;;1050.813;1052.97;1025.2890792502901;1022.485110320151;operator;False
