query_file;node_id;node_type;depth;parent_relationship;actual_startup_time;actual_total_time;predicted_startup_time;predicted_total_time;prediction_type;is_leaf
Q12_27_seed_213304806;24808;Seq Scan;5;Outer;9.898;828.35;3.9754861792179583;750.4571844288442;operator;True
Q12_27_seed_213304806;24809;Index Scan;5;Inner;0.026;0.026;0.02578304839054807;-0.01647583438285949;operator;True
Q12_27_seed_213304806;24807;Nested Loop;4;Outer;10.487;966.877;21.28239506367524;1101.3101285143262;operator;False
Q12_27_seed_213304806;24806;Sort;3;Outer;967.785;967.89;1057.1113751217936;1058.1039549232282;operator;False
Q12_27_seed_213304806;24805;Aggregate;2;Outer;968.171;968.531;927.0323852766821;941.9613632195484;operator;False
Q12_27_seed_213304806;24804;Gather Merge;1;Outer;981.908;987.496;1055.988961728711;1060.961293482893;operator;False
Q12_27_seed_213304806;24803;Aggregate;0;;982.309;987.511;951.9568394979913;954.6949042679116;operator;False
