query_file;node_id;node_type;depth;parent_relationship;actual_startup_time;actual_total_time;predicted_startup_time;predicted_total_time;prediction_type;is_leaf
Q9_109_seed_886035348;16825;Seq Scan;10;Outer;0.491;20.956;0.4141340069470414;43.2455745869444;operator;True
Q9_109_seed_886035348;16826;Index Scan;10;Inner;0.071;0.073;0.07161991920248914;0.11919840584207009;operator;True
Q9_109_seed_886035348;16828;Seq Scan;10;Outer;0.082;3.073;0.0355295538972451;10.6167639219301;operator;True
Q9_109_seed_886035348;16814;Sort;0;;1248.947;1253.922;1189.4033152827826;1195.0124953645745;pattern;
