query_file;node_id;node_type;depth;parent_relationship;actual_startup_time;actual_total_time;predicted_startup_time;predicted_total_time;prediction_type;is_leaf
Q1_49_seed_393793488;470;Seq Scan;4;Outer;9.028;598.24;0.851167692913001;679.6246913557623;operator;True
Q1_49_seed_393793488;468;Sort;2;Outer;1003.935;1003.935;1196.576166105802;1200.6715301712372;pattern;
Q1_49_seed_393793488;467;Gather Merge;1;Outer;1018.106;1024.463;1161.7943799654852;1165.9183928909042;operator;False
Q1_49_seed_393793488;466;Aggregate;0;;1018.139;1024.519;1149.9187661430176;1195.9307717302136;operator;False
