query_file;node_id;node_type;depth;parent_relationship;actual_startup_time;actual_total_time;predicted_startup_time;predicted_total_time;prediction_type;is_leaf
Q7_38_seed_303549147;11967;Hash Join;7;Outer;0.234;34.444;37.617349447730206;429.3830087422621;pattern;
Q7_38_seed_303549147;11964;Hash Join;5;Outer;35.032;211.814;39.638535265155625;304.8909869868012;pattern;
Q7_38_seed_303549147;11971;Index Scan;5;Inner;0.032;0.032;0.03941894583458616;0.9628515547403396;operator;True
Q7_38_seed_303549147;11973;Hash Join;5;Outer;0.103;1.865;37.61603003805647;429.3628282798292;pattern;
Q7_38_seed_303549147;11963;Nested Loop;4;Outer;35.304;1199.534;173.4013251715467;1215.9932441105188;operator;False
Q7_38_seed_303549147;11972;Hash;4;Inner;1.907;1.907;27.742268811544875;27.74323152040685;operator;False
Q7_38_seed_303549147;11962;Hash Join;3;Outer;39.082;1205.378;124.68849509864765;843.1103148833878;operator;False
Q7_38_seed_303549147;11961;Sort;2;Outer;1205.965;1205.993;1107.6640382246896;1109.1567501899126;operator;False
Q7_38_seed_303549147;11959;Aggregate;0;;1209.595;1213.356;1159.5364464121913;1163.1290541267842;pattern;
