query_file;node_id;node_type;depth;parent_relationship;actual_startup_time;actual_total_time;predicted_startup_time;predicted_total_time;prediction_type;is_leaf
Q14_4_seed_24612093;27084;Seq Scan;5;Outer;7.798;36.707;1.2208188453329911;12.703852905744952;operator;True
Q14_4_seed_24612093;27082;Seq Scan;4;Outer;0.606;744.127;6.817318492679311;758.4658682520618;operator;True
Q14_4_seed_24612093;27083;Hash;4;Inner;41.545;41.546;9.378350513673809;9.3794421988882;operator;False
Q14_4_seed_24612093;27081;Hash Join;3;Outer;43.091;793.578;78.55818900604265;807.6200671293996;operator;False
Q14_4_seed_24612093;27078;Aggregate;0;;810.141;815.468;842.8526548683488;848.351071364166;pattern;
