query_file;node_id;node_type;depth;parent_relationship;actual_startup_time;actual_total_time;predicted_startup_time;predicted_total_time;prediction_type;is_leaf
Q12_138_seed_1123952247;24612;Seq Scan;5;Outer;10.18;844.541;1.6085045417622021;745.1937318438013;operator;True
Q12_138_seed_1123952247;24613;Index Scan;5;Inner;0.025;0.025;0.12456619013031595;0.07187872145217966;operator;True
Q12_138_seed_1123952247;24611;Nested Loop;4;Outer;10.67;976.293;38.32399757192053;1127.4115985953322;operator;False
Q12_138_seed_1123952247;24610;Sort;3;Outer;977.129;977.228;1092.4032222043963;1092.8162667642418;operator;False
Q12_138_seed_1123952247;24609;Aggregate;2;Outer;977.518;977.843;868.9493119057373;895.3025462017567;operator;False
Q12_138_seed_1123952247;24608;Gather Merge;1;Outer;992.589;997.167;1109.22327686292;1111.83737770044;operator;False
Q12_138_seed_1123952247;24607;Aggregate;0;;992.919;997.175;903.5821792716588;919.0574060837323;operator;False
