query_file;node_id;node_type;depth;parent_relationship;actual_startup_time;actual_total_time;predicted_startup_time;predicted_total_time;prediction_type;is_leaf
Q4_91_seed_738362790;6836;Seq Scan;5;Outer;0.151;162.237;0.939342163578508;154.6667664524127;operator;True
Q4_91_seed_738362790;6837;Index Scan;5;Inner;0.063;0.063;-0.0035403069109492535;11.10435973033728;operator;True
Q4_91_seed_738362790;6835;Nested Loop;4;Outer;0.705;1046.64;199.80203399293853;1255.4487969298648;operator;False
Q4_91_seed_738362790;6831;Aggregate;0;;1050.806;1052.94;946.3724041557311;952.1882127354145;pattern;
