query_file;node_id;node_type;depth;parent_relationship;actual_startup_time;actual_total_time;predicted_startup_time;predicted_total_time;prediction_type;is_leaf
Q4_26_seed_205100775;6332;Seq Scan;5;Outer;0.184;164.443;0.22606599498765334;157.02394372281367;operator;True
Q4_26_seed_205100775;6333;Index Scan;5;Inner;0.063;0.063;0.06139985362771172;0.38043742568729044;operator;True
Q4_26_seed_205100775;6331;Nested Loop;4;Outer;0.426;1062.333;31.52180893126095;1106.7177642961278;operator;False
Q4_26_seed_205100775;6329;Sort;2;Outer;1064.457;1064.458;1054.3340506523139;1055.4968435510355;pattern;
Q4_26_seed_205100775;6328;Gather Merge;1;Outer;1068.591;1068.764;1109.4710847015858;1112.7164033492913;operator;False
Q4_26_seed_205100775;6327;Aggregate;0;;1068.596;1068.77;1025.018284404449;1022.1600102223415;operator;False
