metric;value;percentage
mean_mre;0.1944949995942295;19.44949995942295
