metric;value;percentage
mean_mre;0.19271572880252488;19.27157288025249
