query_file;node_id;node_type;depth;parent_relationship;actual_startup_time;actual_total_time;predicted_startup_time;predicted_total_time;prediction_type;is_leaf
Q7_83_seed_672730542;12865;Seq Scan;6;Outer;0.388;151.798;0.17165698011059138;192.19189190052919;operator;True
Q7_83_seed_672730542;12866;Hash;6;Inner;36.199;36.2;35.59041974959206;35.59136215845007;pattern;
Q7_83_seed_672730542;12864;Hash Join;5;Outer;36.629;214.292;41.872272921538226;319.9010984494266;operator;False
Q7_83_seed_672730542;12871;Index Scan;5;Inner;0.032;0.033;0.03861891685575192;0.08695394945135604;operator;True
Q7_83_seed_672730542;12863;Nested Loop;4;Outer;36.883;1205.249;43.63052156289221;1145.8116182556264;operator;False
Q7_83_seed_672730542;12872;Hash;4;Inner;2.001;2.002;3.419225587680483;3.420219390564668;pattern;
Q7_83_seed_672730542;12862;Hash Join;3;Outer;41.329;1211.065;43.92602067967012;1130.4265305950305;operator;False
Q7_83_seed_672730542;12861;Sort;2;Outer;1211.666;1211.694;1149.2755057348375;1149.8710441917033;operator;False
Q7_83_seed_672730542;12859;Aggregate;0;;1216.256;1220.662;1184.0519011625388;1187.6479853732715;pattern;
