query_file;node_id;node_type;depth;parent_relationship;actual_startup_time;actual_total_time;predicted_startup_time;predicted_total_time;prediction_type;is_leaf
Q7_33_seed_262528992;11886;Seq Scan;7;Outer;0.011;0.012;0.057510053765475355;7.1959461692964055;operator;True
Q7_33_seed_262528992;11875;Seq Scan;6;Outer;0.271;152.903;0.17165698011059138;192.19189190052919;operator;True
Q7_33_seed_262528992;11876;Hash;6;Inner;36.01;36.01;35.59041974959206;35.59136215845007;pattern;
Q7_33_seed_262528992;11884;Seq Scan;6;Outer;0.085;2.114;0.0355295538972451;10.6167639219301;operator;True
Q7_33_seed_262528992;11885;Hash;6;Inner;0.015;0.015;14.536786179837549;14.537163827824884;operator;False
Q7_33_seed_262528992;11869;Aggregate;0;;1190.685;1194.346;1196.627;1200.903;pattern;
