query_file;node_id;node_type;depth;parent_relationship;actual_startup_time;actual_total_time;predicted_startup_time;predicted_total_time;prediction_type;is_leaf
Q13_129_seed_1050115968;25593;Index Only Scan;5;Outer;0.019;10.401;0.010999999999999233;10.0855;operator;True
Q13_129_seed_1050115968;25591;Seq Scan;4;Outer;0.262;471.313;0.23955540197050418;410.7396450685961;operator;True
Q13_129_seed_1050115968;25592;Hash;4;Inner;17.463;17.463;37.633741096849306;37.63511860841764;operator;False
Q13_129_seed_1050115968;25590;Hash Join;3;Outer;17.967;688.503;18.002611178914393;705.4087672710122;operator;False
Q13_129_seed_1050115968;25587;Sort;0;;907.324;907.326;915.3246327011215;915.3286327011214;pattern;
