metric;value;percentage
mean_mre;0.11173733537311173;11.173733537311174
