metric;value;percentage
mean_mre;0.13520760107224472;13.520760107224472
