query_file;node_id;node_type;depth;parent_relationship;actual_startup_time;actual_total_time;predicted_startup_time;predicted_total_time;prediction_type;is_leaf
Q1_92_seed_746566821;710;Seq Scan;4;Outer;7.844;499.249;0.8516600561280341;679.3236576964327;operator;True
Q1_92_seed_746566821;709;Aggregate;3;Outer;910.057;910.06;1037.429346241849;1113.0761932872656;operator;False
Q1_92_seed_746566821;708;Sort;2;Outer;910.081;910.081;1181.0191232611692;1182.088832127811;operator;False
Q1_92_seed_746566821;707;Gather Merge;1;Outer;920.471;927.064;1161.4746469705117;1165.5997547686884;operator;False
Q1_92_seed_746566821;706;Aggregate;0;;920.49;927.112;1149.889328596368;1195.9053194102437;operator;False
