query_file;node_id;node_type;depth;parent_relationship;actual_startup_time;actual_total_time;predicted_startup_time;predicted_total_time;prediction_type;is_leaf
Q9_26_seed_205100775;17891;Hash Join;7;Outer;19.302;188.009;18.58172558462747;546.617139282571;pattern;
Q9_26_seed_205100775;17888;Hash Join;5;Outer;193.308;1043.468;176.12588808182204;734.3590266737184;pattern;
Q9_26_seed_205100775;17900;Index Scan;5;Inner;0.003;0.003;0.003729219503801895;-0.04238100520862531;operator;True
Q9_26_seed_205100775;17887;Nested Loop;4;Outer;193.72;1214.619;133.94077574739964;1184.568413855527;operator;False
Q9_26_seed_205100775;17886;Aggregate;3;Outer;1239.043;1239.553;1127.4638469046558;1127.4723470451281;operator;False
Q9_26_seed_205100775;17885;Gather;2;Outer;1251.545;1258.526;579.6078386628569;1135.2371198509893;operator;False
Q9_26_seed_205100775;17883;Sort;0;;1254.742;1259.698;1115.8644788256731;1117.3483383957887;pattern;
