metric;value;percentage
mean_mre;0.1820318874164671;18.20318874164671
