query_file;node_id;node_type;depth;parent_relationship;actual_startup_time;actual_total_time;predicted_startup_time;predicted_total_time;prediction_type;is_leaf
Q1_79_seed_639914418;635;Seq Scan;4;Outer;8.095;492.412;0.8529032308714304;678.5487070482661;operator;True
Q1_79_seed_639914418;633;Sort;2;Outer;915.151;915.151;1196.8597489652605;1200.9542946493257;pattern;
Q1_79_seed_639914418;632;Gather Merge;1;Outer;926.077;931.709;1161.815484527678;1165.940033586509;operator;False
Q1_79_seed_639914418;631;Aggregate;0;;926.1;931.754;1149.9419770067964;1196.0048158860038;operator;False
