iteration;feature_added;mre;n_features;features
1;rt1;0.0035487497891830205;1;rt1
2;nt;0.0033895899194888264;2;rt1, nt
3;st1;0.003362038030498874;3;rt1, nt, st1
