query_file;node_id;node_type;depth;parent_relationship;actual_startup_time;actual_total_time;predicted_startup_time;predicted_total_time;prediction_type;is_leaf
Q4_75_seed_607098294;6710;Seq Scan;5;Outer;0.066;165.663;0.9373979629280136;154.6590217916221;operator;True
Q4_75_seed_607098294;6711;Index Scan;5;Inner;0.062;0.062;-0.003540313798687203;11.104348570218477;operator;True
Q4_75_seed_607098294;6709;Nested Loop;4;Outer;2.985;1062.622;199.80203399293853;1255.4487969298648;operator;False
Q4_75_seed_607098294;6705;Aggregate;0;;1068.477;1068.721;946.3724041557311;952.1882127354145;pattern;
