query_file;node_id;node_type;depth;parent_relationship;actual_startup_time;actual_total_time;predicted_startup_time;predicted_total_time;prediction_type;is_leaf
Q3_147_seed_1197788526;4869;Seq Scan;7;Outer;5.253;29.221;0.26290512072724725;38.566617753396486;operator;True
Q3_147_seed_1197788526;4867;Seq Scan;6;Outer;0.209;168.847;0.29083989090061824;163.15126697935554;operator;True
Q3_147_seed_1197788526;4868;Hash;6;Inner;30.082;30.082;17.745896367083304;17.746437122207624;operator;False
Q3_147_seed_1197788526;4866;Hash Join;5;Outer;31.406;222.787;27.100298518355658;230.10843525680616;operator;False
Q3_147_seed_1197788526;4870;Index Scan;5;Inner;0.028;0.028;0.05839675190218198;-0.5180651256505655;operator;True
Q3_147_seed_1197788526;4865;Nested Loop;4;Outer;32.524;1231.037;121.26119327741331;1192.560712583575;operator;False
Q3_147_seed_1197788526;4861;Limit;0;;1264.995;1270.048;1150.4215260555836;1151.1750260555837;pattern;
