query_file;node_id;node_type;depth;parent_relationship;actual_startup_time;actual_total_time;predicted_startup_time;predicted_total_time;prediction_type;is_leaf
Q14_92_seed_746566821;27413;Seq Scan;5;Outer;7.934;40.492;2.100459698143283;16.559768779669923;operator;True
Q14_92_seed_746566821;27411;Seq Scan;4;Outer;1.018;760.172;3.467539433279447;747.9155766244639;operator;True
Q14_92_seed_746566821;27412;Hash;4;Inner;46.684;46.685;21.248022626321983;21.248680753082937;operator;False
Q14_92_seed_746566821;27410;Hash Join;3;Outer;48.341;814.771;49.3092412129932;788.2574653825775;operator;False
Q14_92_seed_746566821;27407;Aggregate;0;;831.008;836.848;829.1858392687367;834.7367228222007;pattern;
