query_file;node_id;node_type;depth;parent_relationship;actual_startup_time;actual_total_time;predicted_startup_time;predicted_total_time;prediction_type;is_leaf
Q3_83_seed_672730542;5669;Seq Scan;7;Outer;4.569;29.846;0.3539614632002279;36.68905405354411;operator;True
Q3_83_seed_672730542;5667;Seq Scan;6;Outer;0.287;153.518;0.2966554370198322;162.21373358185835;operator;True
Q3_83_seed_672730542;5668;Hash;6;Inner;30.706;30.706;17.5124538902042;17.51214317522195;operator;False
Q3_83_seed_672730542;5666;Hash Join;5;Outer;31.101;206.822;29.065374462918385;231.44052338153404;operator;False
Q3_83_seed_672730542;5670;Index Scan;5;Inner;0.026;0.026;0.056250765173245454;-0.018536695684687743;operator;True
Q3_83_seed_672730542;5665;Nested Loop;4;Outer;32.679;1152.4;30.160822152388675;1121.6933795265381;operator;False
Q3_83_seed_672730542;5661;Limit;0;;1187.345;1189.911;1194.0065309796034;1195.9025030868222;pattern;
