query_file;node_id;node_type;depth;parent_relationship;actual_startup_time;actual_total_time;predicted_startup_time;predicted_total_time;prediction_type;is_leaf
Q1_45_seed_360977364;450;Seq Scan;4;Outer;9.253;493.08;0.853550814064481;678.1361111825363;operator;True
Q1_45_seed_360977364;448;Sort;2;Outer;903.621;903.622;1196.9682384182472;1201.062463355593;pattern;
Q1_45_seed_360977364;447;Gather Merge;1;Outer;917.549;922.751;1161.8235751159755;1165.9483292114803;operator;False
Q1_45_seed_360977364;446;Aggregate;0;;917.581;922.802;1149.9508599609746;1196.0331794670938;operator;False
