query_file;node_id;node_type;depth;parent_relationship;actual_startup_time;actual_total_time;predicted_startup_time;predicted_total_time;prediction_type;is_leaf
Q13_68_seed_549670077;26174;Index Only Scan;5;Outer;0.016;10.577;0.0;0.0;operator;True
Q13_68_seed_549670077;26172;Seq Scan;4;Outer;0.2;478.29;-1.9489254011497288;264.1182089172417;operator;True
Q13_68_seed_549670077;26173;Hash;4;Inner;16.824;16.824;80.14603185435155;80.14700462784211;operator;False
Q13_68_seed_549670077;26171;Hash Join;3;Outer;17.263;696.884;145.01164067703996;787.8302068759015;operator;False
Q13_68_seed_549670077;26170;Aggregate;2;Outer;908.084;915.538;917.0474038737932;1014.1808286843299;operator;False
Q13_68_seed_549670077;26169;Aggregate;1;Outer;921.595;921.599;968.7074124781565;1000.3398058246635;operator;False
Q13_68_seed_549670077;26168;Sort;0;;921.624;921.626;1080.3899255089282;1081.9311346962395;operator;False
