query_file;node_id;node_type;depth;parent_relationship;actual_startup_time;actual_total_time;predicted_startup_time;predicted_total_time;prediction_type;is_leaf
Q12_113_seed_918851472;24423;Seq Scan;5;Outer;9.743;827.942;1.6081466098907828;745.1909832332456;operator;True
Q12_113_seed_918851472;24424;Index Scan;5;Inner;0.026;0.026;0.12456619013031595;0.07187872145217966;operator;True
Q12_113_seed_918851472;24422;Nested Loop;4;Outer;10.319;965.573;38.32979115506319;1127.4069877074025;operator;False
Q12_113_seed_918851472;24421;Sort;3;Outer;966.538;966.648;1092.386595755575;1092.7995182486175;operator;False
Q12_113_seed_918851472;24420;Aggregate;2;Outer;967.162;967.507;868.9849398066676;895.3243322124798;operator;False
Q12_113_seed_918851472;24419;Gather Merge;1;Outer;982.908;988.435;1109.221521644541;1111.8355343523438;operator;False
Q12_113_seed_918851472;24418;Aggregate;0;;983.246;988.447;903.618695945734;919.0803923807474;operator;False
