metric;value;percentage
mean_mre;0.11326196247824935;11.326196247824935
