query_file;node_id;node_type;depth;parent_relationship;actual_startup_time;actual_total_time;predicted_startup_time;predicted_total_time;prediction_type;is_leaf
Q1_118_seed_959871627;100;Seq Scan;4;Outer;9.907;586.709;1.9286651812851177;571.9822830667438;operator;True
Q1_118_seed_959871627;99;Aggregate;3;Outer;988.685;988.689;951.3332018940125;972.0810989918386;operator;False
Q1_118_seed_959871627;98;Sort;2;Outer;988.714;988.714;1150.4075220996851;1152.3896910423355;operator;False
Q1_118_seed_959871627;97;Gather Merge;1;Outer;1002.709;1008.89;1075.0125242783952;1079.3770602381153;operator;False
Q1_118_seed_959871627;96;Aggregate;0;;1002.743;1008.957;1039.5357381645595;1052.0118875040546;operator;False
