query_file;node_id;node_type;depth;parent_relationship;actual_startup_time;actual_total_time;predicted_startup_time;predicted_total_time;prediction_type;is_leaf
Q12_52_seed_418405581;25004;Seq Scan;5;Outer;9.179;823.35;1.6086396108983942;745.1947687267897;operator;True
Q12_52_seed_418405581;25005;Index Scan;5;Inner;0.027;0.027;0.12456619013031595;0.07187872145217966;operator;True
Q12_52_seed_418405581;25003;Nested Loop;4;Outer;9.621;964.255;38.32184340837574;1127.413359532392;operator;False
Q12_52_seed_418405581;25002;Sort;3;Outer;965.084;965.183;1092.4095152644352;1092.8226060713757;operator;False
Q12_52_seed_418405581;25001;Aggregate;2;Outer;965.453;965.781;868.9358419803552;895.2943114705906;operator;False
Q12_52_seed_418405581;25000;Gather Merge;1;Outer;978.719;984.215;1109.223942994591;1111.8380772022042;operator;False
Q12_52_seed_418405581;24999;Aggregate;0;;979.084;984.228;903.5683573098995;919.0487097562589;operator;False
