query_file;node_id;node_type;depth;parent_relationship;actual_startup_time;actual_total_time;predicted_startup_time;predicted_total_time;prediction_type;is_leaf
Q12_84_seed_680934573;25248;Nested Loop;4;Outer;11.132;973.532;10.431656459216853;976.0948243225469;pattern;
Q12_84_seed_680934573;25247;Sort;3;Outer;974.45;974.546;1049.8294677697531;1050.8109724519768;operator;False
Q12_84_seed_680934573;25246;Aggregate;2;Outer;974.822;975.141;925.9527302238987;940.636151301962;operator;False
Q12_84_seed_680934573;25244;Aggregate;0;;991.292;996.838;1022.922507865151;1027.0476861356233;pattern;
