query_file;node_id;node_type;depth;parent_relationship;actual_startup_time;actual_total_time;predicted_startup_time;predicted_total_time;prediction_type;is_leaf
Q7_104_seed_845015193;10581;Hash Join;7;Outer;0.23;32.848;37.617349447730206;429.3830087422621;pattern;
Q7_104_seed_845015193;10578;Hash Join;5;Outer;34.282;209.881;39.638535265155625;304.8909869868012;pattern;
Q7_104_seed_845015193;10585;Index Scan;5;Inner;0.031;0.032;0.03941894583458616;0.9628515547403396;operator;True
Q7_104_seed_845015193;10587;Hash Join;5;Outer;0.188;3.676;37.61603003805647;429.3628282798292;pattern;
Q7_104_seed_845015193;10577;Nested Loop;4;Outer;34.728;1173.866;173.4013251715467;1215.9932441105188;operator;False
Q7_104_seed_845015193;10586;Hash;4;Inner;3.726;3.727;27.742268811544875;27.74323152040685;operator;False
Q7_104_seed_845015193;10576;Hash Join;3;Outer;41.352;1181.295;124.68849509864765;843.1103148833878;operator;False
Q7_104_seed_845015193;10575;Sort;2;Outer;1181.898;1181.927;1107.6640382246896;1109.1567501899126;operator;False
Q7_104_seed_845015193;10573;Aggregate;0;;1184.926;1188.492;1159.5364464121913;1163.1290541267842;pattern;
