query_file;node_id;node_type;depth;parent_relationship;actual_startup_time;actual_total_time;predicted_startup_time;predicted_total_time;prediction_type;is_leaf
Q18_64_seed_516853953;30592;Index Scan;11;Outer;0.083;2141.876;0.07840002060647741;219.99007701940465;operator;True
Q18_64_seed_516853953;30591;Aggregate;10;Outer;548.626;2612.932;946.7420652795311;1300.2141978658015;operator;False
Q18_64_seed_516853953;30588;Hash Join;8;Outer;2694.284;2834.526;276.92498344993373;688.8336598995999;pattern;
Q18_64_seed_516853953;30594;Seq Scan;8;Outer;0.044;52.75;0.09563123806324136;25.47059222001974;operator;True
Q18_64_seed_516853953;30587;Sort;7;Outer;2834.536;2834.538;1096.6068000643686;1098.1317670536107;operator;False
Q18_64_seed_516853953;30593;Sort;7;Inner;62.016;64.454;1014.2095935652225;1014.6022309830253;operator;False
Q18_64_seed_516853953;30580;Limit;0;;3028.412;3036.735;3043.076;3050.2394999999997;pattern;
