query_count;mean_actual_ms;mean_predicted_ms;mean_mre;std_mre;mean_mre_pct
150;1427.8129258392921;1111.0468747927787;0.2210883657677576;0.023924973887424324;22.108836576775758
