query_file;node_id;node_type;depth;parent_relationship;actual_startup_time;actual_total_time;predicted_startup_time;predicted_total_time;prediction_type;is_leaf
Q10_123_seed_1000891782;19702;Seq Scan;7;Outer;0.387;163.816;-0.5491366451836432;159.74248148798057;operator;True
Q10_123_seed_1000891782;19703;Index Scan;7;Inner;0.059;0.062;0.02647520717656418;-0.5182304879599258;operator;True
Q10_123_seed_1000891782;19705;Seq Scan;7;Outer;0.012;25.197;-10.029480805383272;26.639726858412047;operator;True
Q10_123_seed_1000891782;19707;Seq Scan;6;Outer;0.01;0.011;0.43638700067583747;6.9787036398299165;operator;True
Q10_123_seed_1000891782;19700;Hash Join;5;Outer;35.671;1097.223;51.85968116795292;1120.1863001612883;pattern;
Q10_123_seed_1000891782;19706;Hash;5;Inner;0.015;0.015;15.710003163406043;15.710773700000516;operator;False
Q10_123_seed_1000891782;19699;Hash Join;4;Outer;35.754;1100.163;54.19811832444046;1095.5059278880453;operator;False
Q10_123_seed_1000891782;19695;Limit;0;;1155.758;1156.556;1197.4162580478192;1199.4703591139319;pattern;
