query_file;node_id;node_type;depth;parent_relationship;actual_startup_time;actual_total_time;predicted_startup_time;predicted_total_time;prediction_type;is_leaf
Q19_7_seed_49224186;32115;Seq Scan;5;Outer;13.916;45.17;1.1346295599720917;23.76309079941393;operator;True
Q19_7_seed_49224186;32113;Seq Scan;4;Outer;0.408;740.06;7.828405722639566;743.4580093380177;operator;True
Q19_7_seed_49224186;32114;Hash;4;Inner;45.321;45.321;8.284648716106773;8.285209791672713;operator;False
Q19_7_seed_49224186;32109;Aggregate;0;;800.824;806.574;824.243092722646;829.2883993922977;pattern;
