query_file;node_id;node_type;depth;parent_relationship;actual_startup_time;actual_total_time;predicted_startup_time;predicted_total_time;prediction_type;is_leaf
Q1_47_seed_377385426;460;Seq Scan;4;Outer;8.834;543.142;0.8523892199467311;678.8717781925866;operator;True
Q1_47_seed_377385426;459;Aggregate;3;Outer;931.069;931.074;1037.4416227102956;1113.1637850435507;operator;False
Q1_47_seed_377385426;458;Sort;2;Outer;931.107;931.108;1181.0433394191423;1182.1130769398324;operator;False
Q1_47_seed_377385426;457;Gather Merge;1;Outer;944.501;950.288;1161.481667148091;1165.607005579036;operator;False
Q1_47_seed_377385426;456;Aggregate;0;;944.532;950.354;1149.8988734666423;1195.9361556558008;operator;False
