query_file;node_id;node_type;depth;parent_relationship;actual_startup_time;actual_total_time;predicted_startup_time;predicted_total_time;prediction_type;is_leaf
Q12_61_seed_492241860;25074;Seq Scan;5;Outer;9.325;837.198;1.608491034868524;745.1936281456074;operator;True
Q12_61_seed_492241860;25075;Index Scan;5;Inner;0.026;0.026;0.12456619013031595;0.07187872145217966;operator;True
Q12_61_seed_492241860;25073;Nested Loop;4;Outer;9.836;975.756;38.32424175115017;1127.4114388137573;operator;False
Q12_61_seed_492241860;25072;Sort;3;Outer;976.572;976.676;1092.402638511564;1092.8156789092013;operator;False
Q12_61_seed_492241860;25071;Aggregate;2;Outer;977.293;977.638;868.9505532685541;895.3033039124533;operator;False
Q12_61_seed_492241860;25070;Gather Merge;1;Outer;993.564;996.179;1109.2232160892174;1111.8373138775737;operator;False
Q12_61_seed_492241860;25069;Aggregate;0;;993.873;996.209;903.5834422844428;919.058200768638;operator;False
