query_file;node_id;node_type;depth;parent_relationship;actual_startup_time;actual_total_time;predicted_startup_time;predicted_total_time;prediction_type;is_leaf
Q14_136_seed_1107544185;26699;Seq Scan;5;Outer;7.479;35.346;1.2208188453329911;12.703852905744952;operator;True
Q14_136_seed_1107544185;26697;Seq Scan;4;Outer;0.601;743.916;6.817573972962693;758.5208784460444;operator;True
Q14_136_seed_1107544185;26698;Hash;4;Inner;40.696;40.696;9.378350513673809;9.3794421988882;operator;False
Q14_136_seed_1107544185;26693;Aggregate;0;;808.375;813.69;850.7827190144594;857.1451981921497;pattern;
