query_file;node_id;node_type;depth;parent_relationship;actual_startup_time;actual_total_time;predicted_startup_time;predicted_total_time;prediction_type;is_leaf
Q13_98_seed_795791007;26405;Index Only Scan;5;Outer;0.01;10.476;0.0;0.0;operator;True
Q13_98_seed_795791007;26403;Seq Scan;4;Outer;0.216;479.253;-1.9318542525433196;263.9675220251799;operator;True
Q13_98_seed_795791007;26404;Hash;4;Inner;16.291;16.292;80.14603185435155;80.14700462784211;operator;False
Q13_98_seed_795791007;26402;Hash Join;3;Outer;16.723;689.715;145.01164067703996;787.8302068759015;operator;False
Q13_98_seed_795791007;26401;Aggregate;2;Outer;890.469;898.334;917.1070266701255;1013.7686666597517;operator;False
Q13_98_seed_795791007;26400;Aggregate;1;Outer;904.405;904.411;968.7224680770357;1000.3628875073614;operator;False
Q13_98_seed_795791007;26399;Sort;0;;904.426;904.431;1080.386817720128;1081.9279033678613;operator;False
