query_file;node_id;node_type;depth;parent_relationship;actual_startup_time;actual_total_time;predicted_startup_time;predicted_total_time;prediction_type;is_leaf
Q13_31_seed_246120930;25894;Index Only Scan;5;Outer;0.012;9.808;0.0;0.0;operator;True
Q13_31_seed_246120930;25892;Seq Scan;4;Outer;0.207;503.395;-1.9489254011497288;264.1182089172417;operator;True
Q13_31_seed_246120930;25893;Hash;4;Inner;16.376;16.376;80.14603185435155;80.14700462784211;operator;False
Q13_31_seed_246120930;25891;Hash Join;3;Outer;16.792;709.605;145.01164067703996;787.8302068759015;operator;False
Q13_31_seed_246120930;25890;Aggregate;2;Outer;909.594;916.525;917.0474038737932;1014.1808286843299;operator;False
Q13_31_seed_246120930;25889;Aggregate;1;Outer;922.481;922.484;968.7074124781565;1000.3398058246635;operator;False
Q13_31_seed_246120930;25888;Sort;0;;922.501;922.503;1080.3899255089282;1081.9311346962395;operator;False
