query_file;node_id;node_type;depth;parent_relationship;actual_startup_time;actual_total_time;predicted_startup_time;predicted_total_time;prediction_type;is_leaf
Q7_53_seed_426609612;12273;Hash Join;7;Outer;0.944;36.928;37.617349447730206;429.3830087422621;pattern;
Q7_53_seed_426609612;12270;Hash Join;5;Outer;38.475;214.482;39.638535265155625;304.8909869868012;pattern;
Q7_53_seed_426609612;12277;Index Scan;5;Inner;0.032;0.032;0.03941894583458616;0.9628515547403396;operator;True
Q7_53_seed_426609612;12279;Hash Join;5;Outer;0.108;3.392;37.61603003805647;429.3628282798292;pattern;
Q7_53_seed_426609612;12269;Nested Loop;4;Outer;38.953;1183.817;173.4013251715467;1215.9932441105188;operator;False
Q7_53_seed_426609612;12278;Hash;4;Inner;3.435;3.436;27.742268811544875;27.74323152040685;operator;False
Q7_53_seed_426609612;12268;Hash Join;3;Outer;43.451;1191.153;124.68849509864765;843.1103148833878;operator;False
Q7_53_seed_426609612;12267;Sort;2;Outer;1191.745;1191.776;1107.6640382246896;1109.1567501899126;operator;False
Q7_53_seed_426609612;12265;Aggregate;0;;1194.483;1198.296;1159.5364464121913;1163.1290541267842;pattern;
