query_file;node_id;node_type;depth;parent_relationship;actual_startup_time;actual_total_time;predicted_startup_time;predicted_total_time;prediction_type;is_leaf
Q14_51_seed_410201550;27098;Seq Scan;5;Outer;8.606;36.319;1.2208188453329911;12.703852905744952;operator;True
Q14_51_seed_410201550;27096;Seq Scan;4;Outer;0.677;735.962;6.817448890393958;758.4937192683201;operator;True
Q14_51_seed_410201550;27097;Hash;4;Inner;42.215;42.216;9.378350513673809;9.3794421988882;operator;False
Q14_51_seed_410201550;27095;Hash Join;3;Outer;43.645;786.147;78.56929847498259;807.6540382479672;operator;False
Q14_51_seed_410201550;27092;Aggregate;0;;802.741;808.95;842.8697489781504;848.3686193442079;pattern;
