query_file;node_id;node_type;depth;parent_relationship;actual_startup_time;actual_total_time;predicted_startup_time;predicted_total_time;prediction_type;is_leaf
Q10_47_seed_377385426;20560;Seq Scan;7;Outer;0.22;160.671;-0.5482279213683974;159.7396478082424;operator;True
Q10_47_seed_377385426;20561;Index Scan;7;Inner;0.058;0.061;0.026475206891233366;-0.5182348512141317;operator;True
Q10_47_seed_377385426;20563;Seq Scan;7;Outer;0.101;25.097;-10.029480805383272;26.639726858412047;operator;True
Q10_47_seed_377385426;20565;Seq Scan;6;Outer;0.008;0.009;0.43638700067583747;6.9787036398299165;operator;True
Q10_47_seed_377385426;20558;Hash Join;5;Outer;32.857;1082.251;51.85968117310687;1120.186300183601;pattern;
Q10_47_seed_377385426;20564;Hash;5;Inner;0.013;0.013;15.710003163406043;15.710773700000516;operator;False
Q10_47_seed_377385426;20557;Hash Join;4;Outer;32.932;1085.175;54.22287001295902;1095.5753855078558;operator;False
Q10_47_seed_377385426;20553;Limit;0;;1129.279;1130.046;1197.4162580478192;1199.4703591139319;pattern;
