query_file;node_id;node_type;depth;parent_relationship;actual_startup_time;actual_total_time;predicted_startup_time;predicted_total_time;prediction_type;is_leaf
Q12_110_seed_894239379;24402;Seq Scan;5;Outer;11.046;827.126;1.608423500418513;745.1931096275995;operator;True
Q12_110_seed_894239379;24403;Index Scan;5;Inner;0.026;0.026;0.12456619013031595;0.07187872145217966;operator;True
Q12_110_seed_894239379;24401;Nested Loop;4;Outer;11.194;965.217;38.32527015083045;1127.4105315513175;operator;False
Q12_110_seed_894239379;24400;Sort;3;Outer;966.107;966.207;1092.3994020442112;1092.8124184046235;operator;False
Q12_110_seed_894239379;24399;Aggregate;2;Outer;966.472;966.82;868.9575054485522;895.3075573446336;operator;False
Q12_110_seed_894239379;24398;Gather Merge;1;Outer;983.698;986.511;1109.222872545149;1111.8369531079275;operator;False
Q12_110_seed_894239379;24397;Aggregate;0;;984.055;986.532;903.5905783724725;919.0626915211803;operator;False
