query_file;node_id;node_type;depth;parent_relationship;actual_startup_time;actual_total_time;predicted_startup_time;predicted_total_time;prediction_type;is_leaf
Q7_141_seed_1148564340;11319;Hash Join;7;Outer;0.219;36.223;0.244988718307674;24.82128462146136;pattern;
Q7_141_seed_1148564340;11316;Hash Join;5;Outer;37.86;217.522;37.16837594011375;260.16041393747275;pattern;
Q7_141_seed_1148564340;11323;Index Scan;5;Inner;0.032;0.033;0.03861891685575192;0.08695394945135604;operator;True
Q7_141_seed_1148564340;11325;Hash Join;5;Outer;0.109;3.387;0.15307644758142303;21.236310736734197;pattern;
Q7_141_seed_1148564340;11315;Nested Loop;4;Outer;39.629;1194.404;42.24331911707124;1145.3730708220435;operator;False
Q7_141_seed_1148564340;11324;Hash;4;Inner;3.433;3.434;14.938379238697365;14.938763777250472;operator;False
Q7_141_seed_1148564340;11314;Hash Join;3;Outer;44.317;1201.81;43.42578054992339;1129.0568150886245;operator;False
Q7_141_seed_1148564340;11313;Sort;2;Outer;1202.467;1202.498;1149.2180891709254;1149.813162537229;operator;False
Q7_141_seed_1148564340;11311;Aggregate;0;;1204.839;1208.551;1184.0519011625388;1187.6479853732715;pattern;
