query_file;node_id;node_type;depth;parent_relationship;actual_startup_time;actual_total_time;predicted_startup_time;predicted_total_time;prediction_type;is_leaf
Q5_39_seed_311753178;8557;Seq Scan;13;Outer;0.143;0.144;0.11847516521860801;21.38994919585383;operator;True
Q5_39_seed_311753178;8555;Seq Scan;12;Outer;0.008;0.009;-0.015167767241809571;10.494725911870546;operator;True
Q5_39_seed_311753178;8556;Hash;12;Inner;0.146;0.147;16.01535370121718;16.014912333363355;operator;False
Q5_39_seed_311753178;8541;Sort;0;;1060.869;1062.906;1068.791821053136;1070.4422092873856;pattern;
