query_file;node_id;node_type;depth;parent_relationship;actual_startup_time;actual_total_time;predicted_startup_time;predicted_total_time;prediction_type;is_leaf
Q12_75_seed_607098294;25179;Seq Scan;5;Outer;9.608;833.568;1.6086598712821045;745.1949242437112;operator;True
Q12_75_seed_607098294;25180;Index Scan;5;Inner;0.026;0.026;0.12456619013031595;0.07187872145217966;operator;True
Q12_75_seed_607098294;25178;Nested Loop;4;Outer;10.229;970.614;38.32153241157053;1127.4136306494856;operator;False
Q12_75_seed_607098294;25177;Sort;3;Outer;971.471;971.572;1092.410477302936;1092.8235752299809;operator;False
Q12_75_seed_607098294;25176;Aggregate;2;Outer;971.837;972.17;868.9337761763574;895.2930479640288;operator;False
Q12_75_seed_607098294;25175;Gather Merge;1;Outer;984.847;991.382;1109.2240452332485;1111.8381845597478;operator;False
Q12_75_seed_607098294;25174;Aggregate;0;;985.33;991.398;903.5662372990612;919.0473760910809;operator;False
