query_file;node_id;node_type;depth;parent_relationship;actual_startup_time;actual_total_time;predicted_startup_time;predicted_total_time;prediction_type;is_leaf
Q12_130_seed_1058319999;24556;Seq Scan;5;Outer;9.358;844.481;1.6087476663835476;745.1955981035616;operator;True
Q12_130_seed_1058319999;24557;Index Scan;5;Inner;0.024;0.024;0.12456619013031595;0.07187872145217966;operator;True
Q12_130_seed_1058319999;24555;Nested Loop;4;Outer;9.792;973.303;38.320113779612825;1127.4147658634615;operator;False
Q12_130_seed_1058319999;24554;Sort;3;Outer;974.067;974.164;1092.4145243372486;1092.8276518817622;operator;False
Q12_130_seed_1058319999;24553;Aggregate;2;Outer;974.425;974.751;868.9251261178015;895.2877617532083;operator;False
Q12_130_seed_1058319999;24552;Gather Merge;1;Outer;988.72;993.922;1109.2244731392043;1111.8386338826415;operator;False
Q12_130_seed_1058319999;24551;Aggregate;0;;989.091;993.941;903.5573665956326;919.0417964929811;operator;False
