query_file;node_id;node_type;depth;parent_relationship;actual_startup_time;actual_total_time;predicted_startup_time;predicted_total_time;prediction_type;is_leaf
Q7_146_seed_1189584495;11409;Hash Join;7;Outer;0.24;35.229;37.617349447730206;429.3830087422621;pattern;
Q7_146_seed_1189584495;11406;Hash Join;5;Outer;36.236;212.55;39.638535265155625;304.8909869868012;pattern;
Q7_146_seed_1189584495;11413;Index Scan;5;Inner;0.03;0.031;0.03941894583458616;0.9628515547403396;operator;True
Q7_146_seed_1189584495;11415;Hash Join;5;Outer;0.112;3.624;37.61603003805647;429.3628282798292;pattern;
Q7_146_seed_1189584495;11405;Nested Loop;4;Outer;37.053;1168.646;173.4013251715467;1215.9932441105188;operator;False
Q7_146_seed_1189584495;11414;Hash;4;Inner;3.679;3.68;27.742268811544875;27.74323152040685;operator;False
Q7_146_seed_1189584495;11404;Hash Join;3;Outer;41.299;1176.213;124.68849509864765;843.1103148833878;operator;False
Q7_146_seed_1189584495;11403;Sort;2;Outer;1176.857;1176.888;1107.6640382246896;1109.1567501899126;operator;False
Q7_146_seed_1189584495;11401;Aggregate;0;;1179.122;1182.949;1159.5364464121913;1163.1290541267842;pattern;
