query_file;node_id;node_type;depth;parent_relationship;actual_startup_time;actual_total_time;predicted_startup_time;predicted_total_time;prediction_type;is_leaf
Q8_129_seed_1050115968;13925;Seq Scan;10;Outer;0.489;33.723;0.27610590718633166;24.87346631481978;operator;True
Q8_129_seed_1050115968;13926;Hash;10;Inner;0.144;0.145;0.19455457104402996;0.195299517027415;pattern;
Q8_129_seed_1050115968;13933;Seq Scan;7;Outer;0.091;38.23;0.42399114048961595;44.48453760496315;operator;True
Q8_129_seed_1050115968;13920;Nested Loop;6;Outer;37.885;1195.393;37.6417632564794;1155.057519186467;pattern;
Q8_129_seed_1050115968;13932;Hash;6;Inner;38.324;38.324;17.764789380767866;17.76435458001359;operator;False
Q8_129_seed_1050115968;13919;Hash Join;5;Outer;80.214;1238.277;78.66913083618488;1042.86724036355;operator;False
Q8_129_seed_1050115968;13934;Index Scan;5;Inner;0.006;0.006;0.005987109893472176;0.051211396152496036;operator;True
Q8_129_seed_1050115968;13936;Seq Scan;5;Outer;0.011;0.012;0.06128368059525324;7.194474264237783;operator;True
Q8_129_seed_1050115968;13914;Aggregate;0;;1245.337;1247.851;1219.1472696331055;1220.5118004516103;pattern;
