iteration;pattern_hash;pattern_string;baseline_mre;new_mre;delta;status
0;3aab37bea1a884da206eb32f2c1ae5ba;Hash -> Seq Scan (Outer);0.2297;0.21176972582965248;0.01793027417034751;SELECTED
1;1d35fb978b379d4a820897907e56ab7b;Sort -> Aggregate (Outer);0.21176972582965248;0.2068343055754941;0.004935420254158385;SELECTED
6;3e2d5a00246ff56483c16003698d4917;Sort -> Hash Join (Outer);0.2068343055754941;0.2051737013443151;0.0016606042311790026;SELECTED
7;634cdbe24fda21720ccd3dc746d5c979;Gather -> Aggregate (Outer);0.2051737013443151;0.19907323096812474;0.006100470376190353;SELECTED
28;a5f39f08c510532e02e96e109e48c0cd;Aggregate -> Gather -> Aggregate (Outer) (Outer);0.19907323096812474;0.17272661510712306;0.026346615861001677;SELECTED
29;c53c43965386239f53c764b9a60720dd;Nested Loop -> [Seq Scan (Outer), Index Scan (Inner)];0.17272661510712306;0.17270869697606908;1.791813105397888e-05;SELECTED
33;715d5c92d04e9fdd3e607001ad32ee57;Gather Merge -> Sort -> Aggregate (Outer) (Outer);0.17270869697606908;0.16866265196907498;0.004046045006994098;SELECTED
56;c0a8d3deb0fdb169e0a08bb071cd8160;Hash -> Hash Join -> [Seq Scan (Outer), Hash (Inner)] (Outer);0.16866265196907498;0.16866222608438367;4.2588469131854545e-07;SELECTED
60;25df29b5b69835d07c0d8b72b0e46a3b;Limit -> Sort -> Aggregate -> Gather (Outer) (Outer) (Outer);0.16866222608438367;0.07362642148843618;0.09503580459594749;SELECTED
