query_file;node_id;node_type;depth;parent_relationship;actual_startup_time;actual_total_time;predicted_startup_time;predicted_total_time;prediction_type;is_leaf
Q13_16_seed_123060465;25775;Index Only Scan;5;Outer;0.009;10.192;0.0;0.0;operator;True
Q13_16_seed_123060465;25773;Seq Scan;4;Outer;0.223;504.961;-1.9318542525433196;263.9675220251799;operator;True
Q13_16_seed_123060465;25774;Hash;4;Inner;15.646;15.646;80.14603185435155;80.14700462784211;operator;False
Q13_16_seed_123060465;25772;Hash Join;3;Outer;16.064;710.881;145.01164067703996;787.8302068759015;operator;False
Q13_16_seed_123060465;25771;Aggregate;2;Outer;910.469;918.155;917.1070266701255;1013.7686666597517;operator;False
Q13_16_seed_123060465;25770;Aggregate;1;Outer;924.247;924.256;968.7224680770357;1000.3628875073614;operator;False
Q13_16_seed_123060465;25769;Sort;0;;924.265;924.274;1080.386817720128;1081.9279033678613;operator;False
