query_file;node_id;node_type;depth;parent_relationship;actual_startup_time;actual_total_time;predicted_startup_time;predicted_total_time;prediction_type;is_leaf
Q13_8_seed_57428217;26342;Index Only Scan;5;Outer;0.023;14.185;0.0;0.0;operator;True
Q13_8_seed_57428217;26340;Seq Scan;4;Outer;0.274;475.678;-1.9318542525433196;263.9675220251799;operator;True
Q13_8_seed_57428217;26341;Hash;4;Inner;23.267;23.268;80.14603185435155;80.14700462784211;operator;False
Q13_8_seed_57428217;26339;Hash Join;3;Outer;24.053;665.089;145.01164067703996;787.8302068759015;operator;False
Q13_8_seed_57428217;26338;Aggregate;2;Outer;843.579;850.717;917.1070266701255;1013.7686666597517;operator;False
Q13_8_seed_57428217;26337;Aggregate;1;Outer;856.848;856.853;968.7224680770357;1000.3628875073614;operator;False
Q13_8_seed_57428217;26336;Sort;0;;856.888;856.892;1080.386817720128;1081.9279033678613;operator;False
