query_file;node_id;node_type;depth;parent_relationship;actual_startup_time;actual_total_time;predicted_startup_time;predicted_total_time;prediction_type;is_leaf
Q13_77_seed_623506356;26244;Index Only Scan;5;Outer;0.01;10.411;0.0;0.0;operator;True
Q13_77_seed_623506356;26242;Seq Scan;4;Outer;0.237;481.392;-1.9318542525433196;263.9675220251799;operator;True
Q13_77_seed_623506356;26243;Hash;4;Inner;16.63;16.63;80.14603185435155;80.14700462784211;operator;False
Q13_77_seed_623506356;26241;Hash Join;3;Outer;17.092;685.746;145.01164067703996;787.8302068759015;operator;False
Q13_77_seed_623506356;26240;Aggregate;2;Outer;881.276;888.559;917.1070266701255;1013.7686666597517;operator;False
Q13_77_seed_623506356;26239;Aggregate;1;Outer;894.62;894.623;968.7224680770357;1000.3628875073614;operator;False
Q13_77_seed_623506356;26238;Sort;0;;894.64;894.642;1080.386817720128;1081.9279033678613;operator;False
