query_file;node_id;node_type;depth;parent_relationship;actual_startup_time;actual_total_time;predicted_startup_time;predicted_total_time;prediction_type;is_leaf
Q3_90_seed_730158759;5749;Seq Scan;7;Outer;7.556;29.129;0.2637634289738302;38.60321669875583;operator;True
Q3_90_seed_730158759;5747;Seq Scan;6;Outer;0.259;158.44;0.29183556105468833;163.53647330915047;operator;True
Q3_90_seed_730158759;5748;Hash;6;Inner;29.892;29.892;17.74730579576675;17.74784605333653;operator;False
Q3_90_seed_730158759;5746;Hash Join;5;Outer;30.515;210.9;27.288814550742273;231.177737970905;operator;False
Q3_90_seed_730158759;5750;Index Scan;5;Inner;0.025;0.025;0.05839675190218198;-0.5180651256505655;operator;True
Q3_90_seed_730158759;5745;Nested Loop;4;Outer;33.921;1142.795;121.7733714343931;1193.0550615231468;operator;False
Q3_90_seed_730158759;5741;Limit;0;;1179.853;1183.674;1150.4215262053654;1151.1750262053654;pattern;
