query_file;node_id;node_type;depth;parent_relationship;actual_startup_time;actual_total_time;predicted_startup_time;predicted_total_time;prediction_type;is_leaf
Q3_50_seed_401997519;5309;Seq Scan;7;Outer;4.842;27.775;0.2637634289738302;38.60321669875583;operator;True
Q3_50_seed_401997519;5306;Hash Join;5;Outer;28.813;209.194;29.73007882813539;242.4465399366132;pattern;
Q3_50_seed_401997519;5310;Index Scan;5;Inner;0.026;0.026;0.05839675190218198;-0.5180651256505655;operator;True
Q3_50_seed_401997519;5305;Nested Loop;4;Outer;31.056;1154.485;121.68619531053352;1192.9139710271697;operator;False
Q3_50_seed_401997519;5301;Limit;0;;1193.944;1194.054;1150.4215262222885;1151.1750262222886;pattern;
