query_count;mean_actual_ms;mean_predicted_ms;mean_mre;std_mre;mean_mre_pct
150;1127.774919718892;1243.551235686099;0.10340365705902525;0.028495993175304785;10.340365705902526
