query_file;node_id;node_type;depth;parent_relationship;actual_startup_time;actual_total_time;predicted_startup_time;predicted_total_time;prediction_type;is_leaf
Q3_84_seed_680934573;5679;Seq Scan;7;Outer;4.665;30.341;0.2620264914759458;38.52930414801136;operator;True
Q3_84_seed_680934573;5676;Hash Join;5;Outer;32.885;213.043;29.76344989812594;242.4920690733063;pattern;
Q3_84_seed_680934573;5680;Index Scan;5;Inner;0.027;0.027;0.05839675190218198;-0.5180651256505655;operator;True
Q3_84_seed_680934573;5675;Nested Loop;4;Outer;33.9;1182.085;121.84267943610644;1193.1107058745984;operator;False
Q3_84_seed_680934573;5671;Limit;0;;1216.306;1218.913;1150.4215258611634;1151.1750258611635;pattern;
