query_file;node_id;node_type;depth;parent_relationship;actual_startup_time;actual_total_time;predicted_startup_time;predicted_total_time;prediction_type;is_leaf
Q13_131_seed_1066524030;25614;Index Only Scan;5;Outer;0.012;10.854;0.0;0.0;operator;True
Q13_131_seed_1066524030;25612;Seq Scan;4;Outer;0.28;478.394;-1.9318542525433196;263.9675220251799;operator;True
Q13_131_seed_1066524030;25613;Hash;4;Inner;17.269;17.269;80.14603185435155;80.14700462784211;operator;False
Q13_131_seed_1066524030;25611;Hash Join;3;Outer;17.781;694.012;145.01164067703996;787.8302068759015;operator;False
Q13_131_seed_1066524030;25610;Aggregate;2;Outer;901.897;909.353;917.1070266701255;1013.7686666597517;operator;False
Q13_131_seed_1066524030;25609;Aggregate;1;Outer;915.436;915.44;968.7224680770357;1000.3628875073614;operator;False
Q13_131_seed_1066524030;25608;Sort;0;;915.475;915.476;1080.386817720128;1081.9279033678613;operator;False
