query_file;node_id;node_type;depth;parent_relationship;actual_startup_time;actual_total_time;predicted_startup_time;predicted_total_time;prediction_type;is_leaf
Q1_34_seed_270733023;390;Seq Scan;4;Outer;8.279;479.507;0.853550814064481;678.1361111825363;operator;True
Q1_34_seed_270733023;388;Sort;2;Outer;904.412;904.413;1196.9682384182472;1201.062463355593;pattern;
Q1_34_seed_270733023;387;Gather Merge;1;Outer;918.998;924.585;1161.8235751159755;1165.9483292114803;operator;False
Q1_34_seed_270733023;386;Aggregate;0;;919.022;924.64;1149.9508599609746;1196.0331794670938;operator;False
