query_file;node_id;node_type;depth;parent_relationship;actual_startup_time;actual_total_time;predicted_startup_time;predicted_total_time;prediction_type;is_leaf
Q14_94_seed_762974883;27427;Seq Scan;5;Outer;8.924;37.378;2.100459698143283;16.559768779669923;operator;True
Q14_94_seed_762974883;27425;Seq Scan;4;Outer;0.971;778.381;3.4647297109343627;747.8706273964999;operator;True
Q14_94_seed_762974883;27426;Hash;4;Inner;42.056;42.057;21.248022626321983;21.248680753082937;operator;False
Q14_94_seed_762974883;27424;Hash Join;3;Outer;43.956;828.374;49.27705843752265;788.2061523914215;operator;False
Q14_94_seed_762974883;27421;Aggregate;0;;844.371;849.727;829.174698933743;834.724618034711;pattern;
