query_file;node_id;node_type;depth;parent_relationship;actual_startup_time;actual_total_time;predicted_startup_time;predicted_total_time;prediction_type;is_leaf
Q7_87_seed_705546666;12939;Hash Join;7;Outer;0.447;31.049;37.617349447730206;429.3830087422621;pattern;
Q7_87_seed_705546666;12936;Hash Join;5;Outer;31.928;205.691;39.638535265155625;304.8909869868012;pattern;
Q7_87_seed_705546666;12943;Index Scan;5;Inner;0.031;0.031;0.03941894583458616;0.9628515547403396;operator;True
Q7_87_seed_705546666;12945;Hash Join;5;Outer;0.107;3.058;37.61603003805647;429.3628282798292;pattern;
Q7_87_seed_705546666;12935;Nested Loop;4;Outer;32.426;1169.508;173.4013251715467;1215.9932441105188;operator;False
Q7_87_seed_705546666;12944;Hash;4;Inner;3.105;3.106;27.742268811544875;27.74323152040685;operator;False
Q7_87_seed_705546666;12934;Hash Join;3;Outer;36.698;1176.441;124.68849509864765;843.1103148833878;operator;False
Q7_87_seed_705546666;12933;Sort;2;Outer;1177.05;1177.08;1107.6640382246896;1109.1567501899126;operator;False
Q7_87_seed_705546666;12931;Aggregate;0;;1179.765;1183.442;1159.5364464121913;1163.1290541267842;pattern;
