query_file;node_id;node_type;depth;parent_relationship;actual_startup_time;actual_total_time;predicted_startup_time;predicted_total_time;prediction_type;is_leaf
Q18_96_seed_779382945;31152;Index Scan;11;Outer;0.023;2140.203;0.07840002060647741;219.99007701940465;operator;True
Q18_96_seed_779382945;31151;Aggregate;10;Outer;547.748;2637.371;946.7420652795311;1300.2141978658015;operator;False
Q18_96_seed_779382945;31149;Seq Scan;9;Outer;0.224;188.305;0.272310839798261;187.1099509577836;operator;True
Q18_96_seed_779382945;31150;Hash;9;Inner;2637.41;2637.41;255.34711090785868;255.34792158437378;operator;False
Q18_96_seed_779382945;31148;Hash Join;8;Outer;2719.474;2854.435;142.63724163560374;773.6746268516752;operator;False
Q18_96_seed_779382945;31154;Seq Scan;8;Outer;0.045;53.317;0.09563123806324136;25.47059222001974;operator;True
Q18_96_seed_779382945;31147;Sort;7;Outer;2854.443;2854.444;1097.3073317036833;1098.7472034809587;operator;False
Q18_96_seed_779382945;31153;Sort;7;Inner;62.569;65.045;1014.2095935652225;1014.6022309830253;operator;False
Q18_96_seed_779382945;31140;Limit;0;;3044.358;3053.096;3043.076;3050.2394999999997;pattern;
