query_file;node_id;node_type;depth;parent_relationship;actual_startup_time;actual_total_time;predicted_startup_time;predicted_total_time;prediction_type;is_leaf
Q13_145_seed_1181380464;25719;Index Only Scan;5;Outer;0.009;9.944;0.0;0.0;operator;True
Q13_145_seed_1181380464;25716;Hash Join;3;Outer;15.648;713.159;157.7025990346343;470.31115147869974;pattern;
Q13_145_seed_1181380464;25715;Aggregate;2;Outer;919.445;926.633;908.2640129155427;999.7559047775422;operator;False
Q13_145_seed_1181380464;25713;Sort;0;;932.662;932.663;1078.7040072930517;1079.938978038967;pattern;
