query_file;node_id;node_type;depth;parent_relationship;actual_startup_time;actual_total_time;predicted_startup_time;predicted_total_time;prediction_type;is_leaf
Q13_145_seed_1181380464;25719;Index Only Scan;5;Outer;0.009;9.944;0.0;0.0;operator;True
Q13_145_seed_1181380464;25717;Seq Scan;4;Outer;0.237;501.558;-1.9573972347551463;264.1925409425301;operator;True
Q13_145_seed_1181380464;25718;Hash;4;Inner;15.222;15.222;80.14603185435155;80.14700462784211;operator;False
Q13_145_seed_1181380464;25716;Hash Join;3;Outer;15.648;713.159;145.01164067703996;787.8302068759015;operator;False
Q13_145_seed_1181380464;25715;Aggregate;2;Outer;919.445;926.633;917.0178124207043;1014.3875217138225;operator;False
Q13_145_seed_1181380464;25714;Aggregate;1;Outer;932.642;932.645;968.6999423050423;1000.3283401184681;operator;False
Q13_145_seed_1181380464;25713;Sort;0;;932.662;932.663;1080.3914887596711;1081.9327597444683;operator;False
