query_file;node_id;node_type;depth;parent_relationship;actual_startup_time;actual_total_time;predicted_startup_time;predicted_total_time;prediction_type;is_leaf
Q4_83_seed_672730542;6773;Seq Scan;5;Outer;0.159;163.654;0.9381181351567531;154.66186726197748;operator;True
Q4_83_seed_672730542;6774;Index Scan;5;Inner;0.062;0.062;-0.0035403110426649176;11.104353034264989;operator;True
Q4_83_seed_672730542;6772;Nested Loop;4;Outer;0.316;1053.84;199.80203399293853;1255.4487969298648;operator;False
Q4_83_seed_672730542;6768;Aggregate;0;;1059.782;1061.99;946.3724041557311;952.1882127354145;pattern;
