query_file;node_id;node_type;depth;parent_relationship;actual_startup_time;actual_total_time;predicted_startup_time;predicted_total_time;prediction_type;is_leaf
Q14_81_seed_656322480;27329;Seq Scan;5;Outer;7.473;37.332;1.2208188453329911;12.703852905744952;operator;True
Q14_81_seed_656322480;27327;Seq Scan;4;Outer;0.856;741.232;6.817419741629628;758.4874538055216;operator;True
Q14_81_seed_656322480;27328;Hash;4;Inner;44.915;44.915;9.378350513673809;9.3794421988882;operator;False
Q14_81_seed_656322480;27326;Hash Join;3;Outer;46.293;793.614;78.56678554192952;807.6463891955863;operator;False
Q14_81_seed_656322480;27323;Aggregate;0;;808.573;814.3;842.8657787058164;848.3645462980727;pattern;
