query_file;node_id;node_type;depth;parent_relationship;actual_startup_time;actual_total_time;predicted_startup_time;predicted_total_time;prediction_type;is_leaf
Q4_64_seed_516853953;6626;Seq Scan;5;Outer;0.069;165.227;0.2261390571947801;157.02270434585753;operator;True
Q4_64_seed_516853953;6627;Index Scan;5;Inner;0.062;0.062;0.06139985340167564;0.3804356384477501;operator;True
Q4_64_seed_516853953;6625;Nested Loop;4;Outer;0.546;1053.742;31.555236181125366;1106.774554109841;operator;False
Q4_64_seed_516853953;6624;Aggregate;3;Outer;1055.696;1055.697;911.9198763455448;922.994470250389;operator;False
Q4_64_seed_516853953;6623;Sort;2;Outer;1055.714;1055.714;1059.890654125376;1061.2052625627625;operator;False
Q4_64_seed_516853953;6622;Gather Merge;1;Outer;1058.501;1060.664;1109.5564365037264;1112.801714422815;operator;False
Q4_64_seed_516853953;6621;Aggregate;0;;1058.505;1060.668;1024.985522520405;1022.1219975550214;operator;False
