query_file;node_id;node_type;depth;parent_relationship;actual_startup_time;actual_total_time;predicted_startup_time;predicted_total_time;prediction_type;is_leaf
Q7_25_seed_196896744;11715;Hash Join;7;Outer;0.509;32.009;37.617349447730206;429.3830087422621;pattern;
Q7_25_seed_196896744;11712;Hash Join;5;Outer;32.952;207.121;39.638535265155625;304.8909869868012;pattern;
Q7_25_seed_196896744;11719;Index Scan;5;Inner;0.032;0.032;0.03941894583458616;0.9628515547403396;operator;True
Q7_25_seed_196896744;11721;Hash Join;5;Outer;0.155;3.507;37.61603003805647;429.3628282798292;pattern;
Q7_25_seed_196896744;11711;Nested Loop;4;Outer;33.213;1196.531;173.4013251715467;1215.9932441105188;operator;False
Q7_25_seed_196896744;11720;Hash;4;Inner;3.582;3.582;27.742268811544875;27.74323152040685;operator;False
Q7_25_seed_196896744;11710;Hash Join;3;Outer;41.039;1203.816;124.68849509864765;843.1103148833878;operator;False
Q7_25_seed_196896744;11709;Sort;2;Outer;1204.448;1204.477;1107.6640382246896;1109.1567501899126;operator;False
Q7_25_seed_196896744;11707;Aggregate;0;;1208.562;1212.293;1159.5364464121913;1163.1290541267842;pattern;
