query_file;node_id;node_type;depth;parent_relationship;actual_startup_time;actual_total_time;predicted_startup_time;predicted_total_time;prediction_type;is_leaf
Q12_33_seed_262528992;24857;Seq Scan;5;Outer;11.022;825.612;1.6081668701314138;745.1911388487305;operator;True
Q12_33_seed_262528992;24858;Index Scan;5;Inner;0.027;0.027;0.12456619013031595;0.07187872145217966;operator;True
Q12_33_seed_262528992;24856;Nested Loop;4;Outer;11.194;968.158;38.329481616108126;1127.4072587873136;operator;False
Q12_33_seed_262528992;24855;Sort;3;Outer;968.997;969.097;1092.387571236188;1092.8005009879448;operator;False
Q12_33_seed_262528992;24854;Aggregate;2;Outer;969.376;969.714;868.9828372787407;895.3230451063495;operator;False
Q12_33_seed_262528992;24853;Gather Merge;1;Outer;984.325;989.947;1109.2216248965244;1111.835642795153;operator;False
Q12_33_seed_262528992;24852;Aggregate;0;;984.733;989.958;903.6165446531635;919.0790379119665;operator;False
