query_file;node_id;node_type;depth;parent_relationship;actual_startup_time;actual_total_time;predicted_startup_time;predicted_total_time;prediction_type;is_leaf
Q7_138_seed_1123952247;11247;Hash Join;7;Outer;0.514;34.859;37.617349447730206;429.3830087422621;pattern;
Q7_138_seed_1123952247;11244;Hash Join;5;Outer;36.072;213.453;39.638535265155625;304.8909869868012;pattern;
Q7_138_seed_1123952247;11251;Index Scan;5;Inner;0.033;0.033;0.03941894583458616;0.9628515547403396;operator;True
Q7_138_seed_1123952247;11253;Hash Join;5;Outer;0.1;3.156;37.61603003805647;429.3628282798292;pattern;
Q7_138_seed_1123952247;11243;Nested Loop;4;Outer;36.554;1209.892;173.4013251715467;1215.9932441105188;operator;False
Q7_138_seed_1123952247;11252;Hash;4;Inner;3.2;3.201;27.742268811544875;27.74323152040685;operator;False
Q7_138_seed_1123952247;11242;Hash Join;3;Outer;44.029;1216.846;124.68849509864765;843.1103148833878;operator;False
Q7_138_seed_1123952247;11241;Sort;2;Outer;1217.474;1217.507;1107.6640382246896;1109.1567501899126;operator;False
Q7_138_seed_1123952247;11239;Aggregate;0;;1220.774;1226.428;1159.5364464121913;1163.1290541267842;pattern;
