iteration;pattern_hash;pattern_string;error_score;new_mre;delta;status;mre_after
0;2724c08067c017e6455632f46231780c;Aggregate -> Gather Merge (Outer);21.872297674005623;0.1761001033636298;-0.005018365651796669;REJECTED;0.17108173771183313
1;3754655cfe1a94f82fbddab4e376c57d;Aggregate -> Sort (Outer);1.3305922816959381;;;SKIPPED_LOW_ERROR;0.17108173771183313
2;46f37744a683caa98c7864be249e8d71;Gather Merge -> Aggregate (Outer);1.7441199623950754;;;SKIPPED_LOW_ERROR;0.17108173771183313
3;c53c43965386239f53c764b9a60720dd;Nested Loop -> [Seq Scan (Outer), Index Scan (Inner)];173.85655497037556;0.1710820591461672;-3.2143433406628397e-07;REJECTED;0.17108173771183313
4;8a8c43c6e5296c8252f967d740368fb6;Aggregate -> Gather Merge -> Aggregate (Outer) (Outer);0.35369019762188625;;;SKIPPED_LOW_ERROR;0.17108173771183313
5;e6c1e0d80e32f1143d09cc88a08370bd;Gather Merge -> Aggregate -> Sort (Outer) (Outer);1.7441199623950754;;;SKIPPED_LOW_ERROR;0.17108173771183313
6;460af52cdecd0ba229546017c25fee3b;Aggregate -> Gather Merge -> Aggregate -> Sort (Outer) (Outer) (Outer);0.35369019762188625;;;SKIPPED_LOW_ERROR;0.17108173771183313
