query_file;node_id;node_type;depth;parent_relationship;actual_startup_time;actual_total_time;predicted_startup_time;predicted_total_time;prediction_type;is_leaf
Q10_69_seed_557874108;20872;Seq Scan;7;Outer;0.128;164.468;-0.5478494285373419;159.7384734705052;operator;True
Q10_69_seed_557874108;20873;Index Scan;7;Inner;0.06;0.062;0.026475206749591446;-0.518237032841327;operator;True
Q10_69_seed_557874108;20875;Seq Scan;7;Outer;0.107;26.565;-10.029480805383272;26.639726858412047;operator;True
Q10_69_seed_557874108;20877;Seq Scan;6;Outer;0.01;0.011;0.43638700067583747;6.9787036398299165;operator;True
Q10_69_seed_557874108;20870;Hash Join;5;Outer;40.319;1107.53;51.85968117530449;1120.1863001931063;pattern;
Q10_69_seed_557874108;20876;Hash;5;Inner;0.015;0.015;15.710003163406043;15.710773700000516;operator;False
Q10_69_seed_557874108;20869;Hash Join;4;Outer;40.395;1110.482;54.23334835089891;1095.6045141960703;operator;False
Q10_69_seed_557874108;20865;Limit;0;;1161.452;1162.254;1197.4162580478192;1199.4703591139319;pattern;
