query_file;node_id;node_type;depth;parent_relationship;actual_startup_time;actual_total_time;predicted_startup_time;predicted_total_time;prediction_type;is_leaf
Q3_35_seed_278937054;5136;Hash Join;5;Outer;29.38;210.875;30.190226851561395;218.96314772414;pattern;
Q3_35_seed_278937054;5140;Index Scan;5;Inner;0.027;0.027;0.056250765173245454;-0.018536695684687743;operator;True
Q3_35_seed_278937054;5135;Nested Loop;4;Outer;29.956;1187.224;30.975922243271867;1122.7181764667032;operator;False
Q3_35_seed_278937054;5131;Limit;0;;1220.172;1222.633;1194.159608223914;1196.0595975304054;pattern;
