query_file;node_id;node_type;depth;parent_relationship;actual_startup_time;actual_total_time;predicted_startup_time;predicted_total_time;prediction_type;is_leaf
Q12_132_seed_1074728061;24570;Seq Scan;5;Outer;9.746;840.943;1.6087138990292802;745.1953389356953;operator;True
Q12_132_seed_1074728061;24571;Index Scan;5;Inner;0.028;0.028;0.12456619013031595;0.07187872145217966;operator;True
Q12_132_seed_1074728061;24569;Nested Loop;4;Outer;10.332;984.871;38.320685629381586;1127.4143439541592;operator;False
Q12_132_seed_1074728061;24568;Sort;3;Outer;985.704;985.809;1092.413013596577;1092.826130214225;operator;False
Q12_132_seed_1074728061;24567;Aggregate;2;Outer;986.072;986.419;868.928344419041;895.2897271070284;operator;False
Q12_132_seed_1074728061;24566;Gather Merge;1;Outer;999.293;1006.235;1109.2243139431791;1111.838466723153;operator;False
Q12_132_seed_1074728061;24565;Aggregate;0;;999.766;1006.248;903.5606642292273;919.0438704698925;operator;False
