query_file;node_id;node_type;depth;parent_relationship;actual_startup_time;actual_total_time;predicted_startup_time;predicted_total_time;prediction_type;is_leaf
Q3_111_seed_902443410;4479;Seq Scan;7;Outer;4.756;28.937;0.2637634289738302;38.60321669875583;operator;True
Q3_111_seed_902443410;4477;Seq Scan;6;Outer;0.326;156.187;0.2913378549305081;163.3400755572231;operator;True
Q3_111_seed_902443410;4478;Hash;6;Inner;29.672;29.673;17.74730579576675;17.74784605333653;operator;False
Q3_111_seed_902443410;4476;Hash Join;5;Outer;30.094;208.511;27.201021526982544;230.61738668572457;operator;False
Q3_111_seed_902443410;4480;Index Scan;5;Inner;0.026;0.026;0.05839675190218198;-0.5180651256505655;operator;True
Q3_111_seed_902443410;4475;Nested Loop;4;Outer;32.275;1151.786;121.41540595919214;1192.6959548218251;operator;False
Q3_111_seed_902443410;4471;Limit;0;;1185.916;1186.839;1150.4215262375922;1151.1750262375922;pattern;
