query_file;node_id;node_type;depth;parent_relationship;actual_startup_time;actual_total_time;predicted_startup_time;predicted_total_time;prediction_type;is_leaf
Q12_16_seed_123060465;24724;Seq Scan;5;Outer;9.947;839.401;1.608045308759415;745.190205095071;operator;True
Q12_16_seed_123060465;24725;Index Scan;5;Inner;0.025;0.025;0.12456619013031595;0.07187872145217966;operator;True
Q12_16_seed_123060465;24723;Nested Loop;4;Outer;10.563;972.733;38.33146593298579;1127.4057045435554;operator;False
Q12_16_seed_123060465;24722;Sort;3;Outer;973.54;973.638;1092.3819223542873;1092.7948106216475;operator;False
Q12_16_seed_123060465;24721;Aggregate;2;Outer;973.917;974.257;868.9949566146392;895.3304578905256;operator;False
Q12_16_seed_123060465;24720;Gather Merge;1;Outer;991.572;994.742;1109.2210295681057;1111.8350175172511;operator;False
Q12_16_seed_123060465;24719;Aggregate;0;;991.943;994.759;903.6289567155657;919.0868545314827;operator;False
