query_file;node_id;node_type;depth;parent_relationship;actual_startup_time;actual_total_time;predicted_startup_time;predicted_total_time;prediction_type;is_leaf
Q4_30_seed_237916899;6367;Seq Scan;5;Outer;0.072;163.385;0.22596147216547702;157.0257218818736;operator;True
Q4_30_seed_237916899;6368;Index Scan;5;Inner;0.063;0.063;0.061399853853777386;0.3804392129269445;operator;True
Q4_30_seed_237916899;6366;Nested Loop;4;Outer;0.4;1045.483;31.472923533445794;1106.6353802481028;operator;False
Q4_30_seed_237916899;6364;Sort;2;Outer;1047.646;1047.646;1054.3168800711999;1055.4797476176518;pattern;
Q4_30_seed_237916899;6362;Aggregate;0;;1050.201;1052.29;1076.423676401933;1078.9619426766596;pattern;
