query_file;node_id;node_type;depth;parent_relationship;actual_startup_time;actual_total_time;predicted_startup_time;predicted_total_time;prediction_type;is_leaf
Q4_111_seed_902443410;5940;Seq Scan;5;Outer;0.071;165.672;0.22614197915770395;157.0226548408192;operator;True
Q4_111_seed_902443410;5941;Index Scan;5;Inner;0.062;0.062;0.06139985340167564;0.3804356384477501;operator;True
Q4_111_seed_902443410;5939;Nested Loop;4;Outer;0.397;1050.374;31.556889946440293;1106.7771454656474;operator;False
Q4_111_seed_902443410;5938;Aggregate;3;Outer;1052.345;1052.346;911.9175476600234;922.9918179224444;operator;False
Q4_111_seed_902443410;5937;Sort;2;Outer;1052.361;1052.362;1059.8907548068141;1061.2053734716492;operator;False
Q4_111_seed_902443410;5936;Gather Merge;1;Outer;1054.93;1057.154;1109.5559924717504;1112.8012825139112;operator;False
Q4_111_seed_902443410;5935;Aggregate;0;;1054.934;1057.159;1024.9837143495422;1022.1198305095096;operator;False
