query_file;node_id;node_type;depth;parent_relationship;actual_startup_time;actual_total_time;predicted_startup_time;predicted_total_time;prediction_type;is_leaf
Q12_127_seed_1033707906;24528;Seq Scan;5;Outer;9.172;848.983;3.9754715258550113;750.4569573783451;operator;True
Q12_127_seed_1033707906;24529;Index Scan;5;Inner;0.026;0.026;0.02578304839054807;-0.01647583438285949;operator;True
Q12_127_seed_1033707906;24527;Nested Loop;4;Outer;9.617;988.909;21.281421537662595;1101.3083554823893;operator;False
Q12_127_seed_1033707906;24526;Sort;3;Outer;989.796;989.899;1057.1102172601293;1058.1027851439321;operator;False
Q12_127_seed_1033707906;24525;Aggregate;2;Outer;990.182;990.531;927.0338394103544;941.9618912688118;operator;False
Q12_127_seed_1033707906;24523;Aggregate;0;;1007.398;1010.74;1022.9227703627464;1027.0478374623212;pattern;
