query_file;node_id;node_type;depth;parent_relationship;actual_startup_time;actual_total_time;predicted_startup_time;predicted_total_time;prediction_type;is_leaf
Q3_59_seed_475833798;5399;Seq Scan;7;Outer;4.799;28.815;0.26221760492631097;38.5374073235966;operator;True
Q3_59_seed_475833798;5397;Seq Scan;6;Outer;0.324;157.161;0.29083989090061824;163.15126697935554;operator;True
Q3_59_seed_475833798;5398;Hash;6;Inner;29.497;29.497;17.744785923081054;17.745327076220036;operator;False
Q3_59_seed_475833798;5396;Hash Join;5;Outer;29.937;209.31;27.087247754574747;230.1321081434818;operator;False
Q3_59_seed_475833798;5400;Index Scan;5;Inner;0.026;0.026;0.05839675190218198;-0.5180651256505655;operator;True
Q3_59_seed_475833798;5395;Nested Loop;4;Outer;30.514;1167.878;121.41657903004152;1192.7337342503108;operator;False
Q3_59_seed_475833798;5391;Limit;0;;1203.523;1203.644;1150.421525914223;1151.175025914223;pattern;
