query_file;node_id;node_type;depth;parent_relationship;actual_startup_time;actual_total_time;predicted_startup_time;predicted_total_time;prediction_type;is_leaf
Q13_150_seed_1231235959;25761;Index Only Scan;5;Outer;0.016;9.753;0.010999999999999233;10.0855;operator;True
Q13_150_seed_1231235959;25759;Seq Scan;4;Outer;0.287;485.65;0.23620090449352116;411.71807328947915;operator;True
Q13_150_seed_1231235959;25760;Hash;4;Inner;15.903;15.903;37.633741096849306;37.63511860841764;operator;False
Q13_150_seed_1231235959;25758;Hash Join;3;Outer;16.406;698.384;17.838134940070574;705.6338192438528;operator;False
Q13_150_seed_1231235959;25755;Sort;0;;917.233;917.235;915.3250742952932;915.3290742952931;pattern;
