query_file;node_id;node_type;depth;parent_relationship;actual_startup_time;actual_total_time;predicted_startup_time;predicted_total_time;prediction_type;is_leaf
Q18_35_seed_278937054;30080;Index Scan;11;Outer;0.077;2111.191;0.07840002060647741;219.99007701940465;operator;True
Q18_35_seed_278937054;30079;Aggregate;10;Outer;545.01;2588.553;946.7420652795311;1300.2141978658015;operator;False
Q18_35_seed_278937054;30077;Seq Scan;9;Outer;0.218;196.096;0.272310839798261;187.1099509577836;operator;True
Q18_35_seed_278937054;30078;Hash;9;Inner;2588.588;2588.588;255.34711090785868;255.34792158437378;operator;False
Q18_35_seed_278937054;30076;Hash Join;8;Outer;2678.646;2813.619;142.63724163560374;773.6746268516752;operator;False
Q18_35_seed_278937054;30082;Seq Scan;8;Outer;0.052;57.97;0.09563123806324136;25.47059222001974;operator;True
Q18_35_seed_278937054;30075;Sort;7;Outer;2813.63;2813.631;1097.3073317036833;1098.7472034809587;operator;False
Q18_35_seed_278937054;30081;Sort;7;Inner;68.047;70.696;1014.2095935652225;1014.6022309830253;operator;False
Q18_35_seed_278937054;30068;Limit;0;;3014.054;3022.573;3043.076;3050.2394999999997;pattern;
