query_file;node_id;node_type;depth;parent_relationship;actual_startup_time;actual_total_time;predicted_startup_time;predicted_total_time;prediction_type;is_leaf
Q4_27_seed_213304806;6339;Seq Scan;5;Outer;0.174;164.345;0.2259205260839927;157.02642009976842;operator;True
Q4_27_seed_213304806;6340;Index Scan;5;Inner;0.063;0.063;0.06139985407944726;0.3804410001645522;operator;True
Q4_27_seed_213304806;6338;Nested Loop;4;Outer;1.213;1049.094;31.454731976623066;1106.604029157937;operator;False
Q4_27_seed_213304806;6336;Sort;2;Outer;1051.053;1051.053;1054.310132566224;1055.4730295160077;pattern;
Q4_27_seed_213304806;6335;Gather Merge;1;Outer;1053.475;1055.579;1109.4925331122665;1112.7372602866321;operator;False
Q4_27_seed_213304806;6334;Aggregate;0;;1053.478;1055.583;1025.1066464826301;1022.2659981979509;operator;False
