query_file;node_id;node_type;depth;parent_relationship;actual_startup_time;actual_total_time;predicted_startup_time;predicted_total_time;prediction_type;is_leaf
Q12_121_seed_984483720;24486;Seq Scan;5;Outer;10.795;846.929;1.6084775279786694;745.1935244456035;operator;True
Q12_121_seed_984483720;24487;Index Scan;5;Inner;0.025;0.025;0.12456619013031595;0.07187872145217966;operator;True
Q12_121_seed_984483720;24485;Nested Loop;4;Outer;12.24;978.941;38.32446445760377;1127.4112669349663;operator;False
Q12_121_seed_984483720;24484;Sort;3;Outer;979.788;979.891;1092.4020208571296;1092.815056747796;operator;False
Q12_121_seed_984483720;24483;Aggregate;2;Outer;980.137;980.499;868.9518752292422;895.3041119249435;operator;False
Q12_121_seed_984483720;24482;Gather Merge;1;Outer;994.541;1000.19;1109.2231508580712;1111.837245375876;operator;False
Q12_121_seed_984483720;24481;Aggregate;0;;995.137;1000.25;903.5847971140694;919.05905331421;operator;False
