query_file;node_id;node_type;depth;parent_relationship;actual_startup_time;actual_total_time;predicted_startup_time;predicted_total_time;prediction_type;is_leaf
Q10_9_seed_65632248;21314;Seq Scan;7;Outer;0.264;162.364;-0.550018291488303;159.74524987875012;operator;True
Q10_9_seed_65632248;21315;Index Scan;7;Inner;0.059;0.062;0.026475207461739814;-0.5182261247079083;operator;True
Q10_9_seed_65632248;21317;Seq Scan;7;Outer;0.011;24.607;-10.029480805383272;26.639726858412047;operator;True
Q10_9_seed_65632248;21319;Seq Scan;6;Outer;0.008;0.009;0.43638700067583747;6.9787036398299165;operator;True
Q10_9_seed_65632248;21312;Hash Join;5;Outer;34.371;1075.254;51.85968116301093;1120.1863001399367;pattern;
Q10_9_seed_65632248;21318;Hash;5;Inner;0.012;0.013;15.710003163406043;15.710773700000516;operator;False
Q10_9_seed_65632248;21311;Hash Join;4;Outer;34.446;1078.132;54.17412468648733;1095.4377649101025;operator;False
Q10_9_seed_65632248;21307;Limit;0;;1126.284;1127.033;1197.4162580478192;1199.4703591139319;pattern;
