query_file;node_id;node_type;depth;parent_relationship;actual_startup_time;actual_total_time;predicted_startup_time;predicted_total_time;prediction_type;is_leaf
Q3_78_seed_631710387;5609;Seq Scan;7;Outer;5.163;29.95;0.26221760492631097;38.5374073235966;operator;True
Q3_78_seed_631710387;5606;Hash Join;5;Outer;31.093;208.463;29.706844748790203;242.5430746503083;pattern;
Q3_78_seed_631710387;5610;Index Scan;5;Inner;0.025;0.026;0.05839675190218198;-0.5180651256505655;operator;True
Q3_78_seed_631710387;5605;Nested Loop;4;Outer;31.353;1164.358;122.121593860581;1193.3889901659193;operator;False
Q3_78_seed_631710387;5601;Limit;0;;1200.745;1200.927;1150.4215258623767;1151.1750258623767;pattern;
