query_file;node_id;node_type;depth;parent_relationship;actual_startup_time;actual_total_time;predicted_startup_time;predicted_total_time;prediction_type;is_leaf
Q7_140_seed_1140360309;11301;Hash Join;7;Outer;4.009;37.02;37.617349447730206;429.3830087422621;pattern;
Q7_140_seed_1140360309;11298;Hash Join;5;Outer;38.604;213.543;39.638535265155625;304.8909869868012;pattern;
Q7_140_seed_1140360309;11305;Index Scan;5;Inner;0.032;0.032;0.03941894583458616;0.9628515547403396;operator;True
Q7_140_seed_1140360309;11307;Hash Join;5;Outer;0.108;3.531;37.61603003805647;429.3628282798292;pattern;
Q7_140_seed_1140360309;11297;Nested Loop;4;Outer;39.726;1202.83;173.4013251715467;1215.9932441105188;operator;False
Q7_140_seed_1140360309;11306;Hash;4;Inner;3.578;3.578;27.742268811544875;27.74323152040685;operator;False
Q7_140_seed_1140360309;11296;Hash Join;3;Outer;45.857;1210.096;124.68849509864765;843.1103148833878;operator;False
Q7_140_seed_1140360309;11295;Sort;2;Outer;1210.713;1210.742;1107.6640382246896;1109.1567501899126;operator;False
Q7_140_seed_1140360309;11293;Aggregate;0;;1213.456;1216.993;1159.5364464121913;1163.1290541267842;pattern;
