query_file;node_id;node_type;depth;parent_relationship;actual_startup_time;actual_total_time;predicted_startup_time;predicted_total_time;prediction_type;is_leaf
Q7_101_seed_820403100;10527;Hash Join;7;Outer;0.03;31.974;37.617349447730206;429.3830087422621;pattern;
Q7_101_seed_820403100;10524;Hash Join;5;Outer;35.125;211.721;39.638535265155625;304.8909869868012;pattern;
Q7_101_seed_820403100;10531;Index Scan;5;Inner;0.032;0.032;0.03941894583458616;0.9628515547403396;operator;True
Q7_101_seed_820403100;10533;Hash Join;5;Outer;0.095;5.286;37.61603003805647;429.3628282798292;pattern;
Q7_101_seed_820403100;10523;Nested Loop;4;Outer;35.509;1191.054;173.4013251715467;1215.9932441105188;operator;False
Q7_101_seed_820403100;10532;Hash;4;Inner;5.327;5.327;27.742268811544875;27.74323152040685;operator;False
Q7_101_seed_820403100;10522;Hash Join;3;Outer;42.96;1200.394;124.68849509864765;843.1103148833878;operator;False
Q7_101_seed_820403100;10521;Sort;2;Outer;1201.012;1201.044;1107.6640382246896;1109.1567501899126;operator;False
Q7_101_seed_820403100;10519;Aggregate;0;;1204.63;1208.673;1159.5364464121913;1163.1290541267842;pattern;
