query_file;node_id;node_type;depth;parent_relationship;actual_startup_time;actual_total_time;predicted_startup_time;predicted_total_time;prediction_type;is_leaf
Q13_115_seed_935259534;25488;Index Only Scan;5;Outer;0.01;10.106;0.0;0.0;operator;True
Q13_115_seed_935259534;25485;Hash Join;3;Outer;15.843;720.385;157.7025990346343;470.31115147869974;pattern;
Q13_115_seed_935259534;25484;Aggregate;2;Outer;927.027;934.448;908.2640129155427;999.7559047775422;operator;False
Q13_115_seed_935259534;25482;Sort;0;;940.586;940.591;1078.7040072930517;1079.938978038967;pattern;
