query_file;node_id;node_type;depth;parent_relationship;actual_startup_time;actual_total_time;predicted_startup_time;predicted_total_time;prediction_type;is_leaf
Q12_55_seed_443017674;25025;Seq Scan;5;Outer;10.06;821.322;1.6084572676376307;745.1933688922255;operator;True
Q12_55_seed_443017674;25026;Index Scan;5;Inner;0.027;0.027;0.12456619013031595;0.07187872145217966;operator;True
Q12_55_seed_443017674;25024;Nested Loop;4;Outer;10.551;960.171;38.32474808385308;1127.4109806955862;operator;False
Q12_55_seed_443017674;25023;Sort;3;Outer;961.045;961.143;1092.401009592126;1092.8140378626106;operator;False
Q12_55_seed_443017674;25022;Aggregate;2;Outer;961.428;961.761;868.9540561162681;895.3054473553309;operator;False
Q12_55_seed_443017674;25021;Gather Merge;1;Outer;974.734;981.076;1109.223042848083;1111.837131953591;operator;False
Q12_55_seed_443017674;25020;Aggregate;0;;975.193;981.099;903.5870377090048;919.0604634279035;operator;False
