query_file;node_id;node_type;depth;parent_relationship;actual_startup_time;actual_total_time;predicted_startup_time;predicted_total_time;prediction_type;is_leaf
Q4_92_seed_746566821;6843;Seq Scan;5;Outer;0.071;165.84;0.22617630920156873;157.02207356022356;operator;True
Q4_92_seed_746566821;6844;Index Scan;5;Inner;0.06;0.06;0.06139985340167564;0.3804356384477501;operator;True
Q4_92_seed_746566821;6842;Nested Loop;4;Outer;0.556;1026.169;31.57235553286904;1106.803547545636;operator;False
Q4_92_seed_746566821;6840;Sort;2;Outer;1028.157;1028.157;1054.352194382796;1055.5149082714918;pattern;
Q4_92_seed_746566821;6839;Gather Merge;1;Outer;1030.62;1032.956;1109.4548467611012;1112.700613983935;operator;False
Q4_92_seed_746566821;6838;Aggregate;0;;1030.625;1032.961;1024.9513187789996;1022.0797475963207;operator;False
