query_file;node_id;node_type;depth;parent_relationship;actual_startup_time;actual_total_time;predicted_startup_time;predicted_total_time;prediction_type;is_leaf
Q14_44_seed_352773333;27042;Seq Scan;5;Outer;7.941;36.41;1.2208188453329911;12.703852905744952;operator;True
Q14_44_seed_352773333;27040;Seq Scan;4;Outer;0.628;755.977;6.817322103632341;758.4666334500857;operator;True
Q14_44_seed_352773333;27041;Hash;4;Inner;42.9;42.902;9.378350513673809;9.3794421988882;operator;False
Q14_44_seed_352773333;27036;Aggregate;0;;822.838;828.18;850.7584247053094;857.1209057378672;pattern;
