query_file;node_id;node_type;depth;parent_relationship;actual_startup_time;actual_total_time;predicted_startup_time;predicted_total_time;prediction_type;is_leaf
Q7_143_seed_1164972402;11355;Hash Join;7;Outer;0.146;36.835;37.617349447730206;429.3830087422621;pattern;
Q7_143_seed_1164972402;11352;Hash Join;5;Outer;38.953;212.262;39.638535265155625;304.8909869868012;pattern;
Q7_143_seed_1164972402;11359;Index Scan;5;Inner;0.032;0.033;0.03941894583458616;0.9628515547403396;operator;True
Q7_143_seed_1164972402;11361;Hash Join;5;Outer;0.099;3.687;37.61603003805647;429.3628282798292;pattern;
Q7_143_seed_1164972402;11351;Nested Loop;4;Outer;39.358;1189.458;173.4013251715467;1215.9932441105188;operator;False
Q7_143_seed_1164972402;11360;Hash;4;Inner;3.732;3.733;27.742268811544875;27.74323152040685;operator;False
Q7_143_seed_1164972402;11350;Hash Join;3;Outer;44.651;1196.872;124.68849509864765;843.1103148833878;operator;False
Q7_143_seed_1164972402;11349;Sort;2;Outer;1197.453;1197.483;1107.6640382246896;1109.1567501899126;operator;False
Q7_143_seed_1164972402;11347;Aggregate;0;;1200.432;1204.139;1159.5364464121913;1163.1290541267842;pattern;
