query_file;node_id;node_type;depth;parent_relationship;actual_startup_time;actual_total_time;predicted_startup_time;predicted_total_time;prediction_type;is_leaf
Q7_114_seed_927055503;10779;Hash Join;7;Outer;0.091;35.258;37.617349447730206;429.3830087422621;pattern;
Q7_114_seed_927055503;10776;Hash Join;5;Outer;36.831;213.208;39.638535265155625;304.8909869868012;pattern;
Q7_114_seed_927055503;10783;Index Scan;5;Inner;0.032;0.033;0.03941894583458616;0.9628515547403396;operator;True
Q7_114_seed_927055503;10785;Hash Join;5;Outer;0.202;4.781;37.61603003805647;429.3628282798292;pattern;
Q7_114_seed_927055503;10775;Nested Loop;4;Outer;37.233;1192.893;173.4013251715467;1215.9932441105188;operator;False
Q7_114_seed_927055503;10784;Hash;4;Inner;4.83;4.831;27.742268811544875;27.74323152040685;operator;False
Q7_114_seed_927055503;10774;Hash Join;3;Outer;43.425;1201.575;124.68849509864765;843.1103148833878;operator;False
Q7_114_seed_927055503;10773;Sort;2;Outer;1202.148;1202.177;1107.6640382246896;1109.1567501899126;operator;False
Q7_114_seed_927055503;10771;Aggregate;0;;1205.211;1209.324;1159.5364464121913;1163.1290541267842;pattern;
