query_file;node_id;node_type;depth;parent_relationship;actual_startup_time;actual_total_time;predicted_startup_time;predicted_total_time;prediction_type;is_leaf
Q7_120_seed_976279689;10905;Hash Join;7;Outer;0.196;37.943;37.617349447730206;429.3830087422621;pattern;
Q7_120_seed_976279689;10902;Hash Join;5;Outer;38.881;214.631;39.638535265155625;304.8909869868012;pattern;
Q7_120_seed_976279689;10909;Index Scan;5;Inner;0.031;0.032;0.03941894583458616;0.9628515547403396;operator;True
Q7_120_seed_976279689;10911;Hash Join;5;Outer;0.097;2.559;37.61603003805647;429.3628282798292;pattern;
Q7_120_seed_976279689;10901;Nested Loop;4;Outer;39.281;1170.371;173.4013251715467;1215.9932441105188;operator;False
Q7_120_seed_976279689;10910;Hash;4;Inner;2.607;2.607;27.742268811544875;27.74323152040685;operator;False
Q7_120_seed_976279689;10900;Hash Join;3;Outer;43.494;1176.846;124.68849509864765;843.1103148833878;operator;False
Q7_120_seed_976279689;10899;Sort;2;Outer;1177.456;1177.487;1107.6640382246896;1109.1567501899126;operator;False
Q7_120_seed_976279689;10897;Aggregate;0;;1180.615;1184.646;1159.5364464121913;1163.1290541267842;pattern;
