query_file;node_id;node_type;depth;parent_relationship;actual_startup_time;actual_total_time;predicted_startup_time;predicted_total_time;prediction_type;is_leaf
Q12_32_seed_254324961;24850;Seq Scan;5;Outer;10.063;833.426;1.6085383090169643;745.1939910814265;operator;True
Q12_32_seed_254324961;24851;Index Scan;5;Inner;0.025;0.025;0.12456619013031595;0.07187872145217966;operator;True
Q12_32_seed_254324961;24849;Nested Loop;4;Outer;10.632;965.337;38.3234624291498;1127.4120405989088;operator;False
Q12_32_seed_254324961;24848;Sort;3;Outer;966.171;966.276;1092.4048031286295;1092.8178593282814;operator;False
Q12_32_seed_254324961;24847;Aggregate;2;Outer;966.55;966.902;868.9459236639354;895.3004743801771;operator;False
Q12_32_seed_254324961;24846;Gather Merge;1;Outer;981.97;987.653;1109.223444237083;1111.8375534640052;operator;False
Q12_32_seed_254324961;24845;Aggregate;0;;982.381;987.673;903.578704108178;919.0552193827962;operator;False
