query_file;node_id;node_type;depth;parent_relationship;actual_startup_time;actual_total_time;predicted_startup_time;predicted_total_time;prediction_type;is_leaf
Q19_85_seed_689138604;32157;Seq Scan;5;Outer;13.238;48.545;1.134652923187665;23.7627246256572;operator;True
Q19_85_seed_689138604;32155;Seq Scan;4;Outer;0.58;787.293;7.828453362286592;743.4587553307315;operator;True
Q19_85_seed_689138604;32156;Hash;4;Inner;48.691;48.691;8.284651686013888;8.28521271466019;operator;False
Q19_85_seed_689138604;32151;Aggregate;0;;853.234;859.982;824.2546598605109;829.2999660403003;pattern;
