query_file;node_id;node_type;depth;parent_relationship;actual_startup_time;actual_total_time;predicted_startup_time;predicted_total_time;prediction_type;is_leaf
Q13_123_seed_1000891782;25551;Index Only Scan;5;Outer;0.028;11.285;0.0;0.0;operator;True
Q13_123_seed_1000891782;25548;Hash Join;3;Outer;19.328;678.005;157.7025990346343;470.31115147869974;pattern;
Q13_123_seed_1000891782;25547;Aggregate;2;Outer;879.767;887.588;908.2640129155427;999.7559047775422;operator;False
Q13_123_seed_1000891782;25545;Sort;0;;893.727;893.73;1078.7040072930517;1079.938978038967;pattern;
