query_file;node_id;node_type;depth;parent_relationship;actual_startup_time;actual_total_time;predicted_startup_time;predicted_total_time;prediction_type;is_leaf
Q4_14_seed_106652403;6234;Seq Scan;5;Outer;0.074;162.426;0.9381671872438044;154.6620620700557;operator;True
Q4_14_seed_106652403;6235;Index Scan;5;Inner;0.062;0.062;-0.0035403110426649176;11.104353034264989;operator;True
Q4_14_seed_106652403;6233;Nested Loop;4;Outer;0.397;1053.521;199.80203399293853;1255.4487969298648;operator;False
Q4_14_seed_106652403;6229;Aggregate;0;;1058.98;1060.86;946.3724041557311;952.1882127354145;pattern;
