query_file;node_id;node_type;depth;parent_relationship;actual_startup_time;actual_total_time;predicted_startup_time;predicted_total_time;prediction_type;is_leaf
Q3_48_seed_385589457;5279;Seq Scan;7;Outer;4.872;27.069;0.26221760492631097;38.5374073235966;operator;True
Q3_48_seed_385589457;5277;Seq Scan;6;Outer;0.332;154.085;0.2917009103855417;163.48254913508464;operator;True
Q3_48_seed_385589457;5278;Hash;6;Inner;27.894;27.894;17.744785923081054;17.745327076220036;operator;False
Q3_48_seed_385589457;5276;Hash Join;5;Outer;28.33;204.825;27.235257226416024;231.07723283900236;operator;False
Q3_48_seed_385589457;5280;Index Scan;5;Inner;0.025;0.025;0.05839675190218198;-0.5180651256505655;operator;True
Q3_48_seed_385589457;5275;Nested Loop;4;Outer;29.087;1146.269;122.03472485613891;1193.3534010541848;operator;False
Q3_48_seed_385589457;5271;Limit;0;;1182.204;1183.432;1150.4215258736303;1151.1750258736304;pattern;
