query_file;node_id;node_type;depth;parent_relationship;actual_startup_time;actual_total_time;predicted_startup_time;predicted_total_time;prediction_type;is_leaf
Q7_90_seed_730158759;13011;Hash Join;7;Outer;0.159;36.017;37.617349447730206;429.3830087422621;pattern;
Q7_90_seed_730158759;13008;Hash Join;5;Outer;36.699;215.996;39.638535265155625;304.8909869868012;pattern;
Q7_90_seed_730158759;13015;Index Scan;5;Inner;0.031;0.032;0.03941894583458616;0.9628515547403396;operator;True
Q7_90_seed_730158759;13017;Hash Join;5;Outer;0.099;3.178;37.61603003805647;429.3628282798292;pattern;
Q7_90_seed_730158759;13007;Nested Loop;4;Outer;37.455;1176.528;173.4013251715467;1215.9932441105188;operator;False
Q7_90_seed_730158759;13016;Hash;4;Inner;3.226;3.227;27.742268811544875;27.74323152040685;operator;False
Q7_90_seed_730158759;13006;Hash Join;3;Outer;41.966;1183.639;124.68849509864765;843.1103148833878;operator;False
Q7_90_seed_730158759;13005;Sort;2;Outer;1184.253;1184.283;1107.6640382246896;1109.1567501899126;operator;False
Q7_90_seed_730158759;13003;Aggregate;0;;1187.364;1191.064;1159.5364464121913;1163.1290541267842;pattern;
