query_file;node_id;node_type;depth;parent_relationship;actual_startup_time;actual_total_time;predicted_startup_time;predicted_total_time;prediction_type;is_leaf
Q3_150_seed_1231235959;4906;Hash Join;5;Outer;27.646;206.808;30.436840336038625;219.36410512942865;pattern;
Q3_150_seed_1231235959;4910;Index Scan;5;Inner;0.026;0.026;0.056250765173245454;-0.018536695684687743;operator;True
Q3_150_seed_1231235959;4905;Nested Loop;4;Outer;29.97;1148.23;29.662218573804523;1121.2212387906727;operator;False
Q3_150_seed_1231235959;4901;Limit;0;;1183.985;1186.778;1193.8927628714027;1195.7857531438215;pattern;
