query_file;node_id;node_type;depth;parent_relationship;actual_startup_time;actual_total_time;predicted_startup_time;predicted_total_time;prediction_type;is_leaf
Q8_128_seed_1041911937;13902;Seq Scan;10;Outer;0.202;31.478;0.27610590718633166;24.87346631481978;operator;True
Q8_128_seed_1041911937;13903;Hash;10;Inner;0.202;0.203;0.19455457104402996;0.195299517027415;pattern;
Q8_128_seed_1041911937;13910;Seq Scan;7;Outer;0.495;39.574;0.4240112466180235;44.48740823656712;operator;True
Q8_128_seed_1041911937;13897;Nested Loop;6;Outer;36.486;1160.131;37.6417632564794;1155.057519186467;pattern;
Q8_128_seed_1041911937;13909;Hash;6;Inner;39.648;39.648;17.764872566645465;17.76443769567888;operator;False
Q8_128_seed_1041911937;13896;Hash Join;5;Outer;80.851;1204.785;78.67054875300778;1042.8657441087641;operator;False
Q8_128_seed_1041911937;13911;Index Scan;5;Inner;0.006;0.006;0.005987109893472176;0.051211396152496036;operator;True
Q8_128_seed_1041911937;13913;Seq Scan;5;Outer;0.013;0.014;0.06128368059525324;7.194474264237783;operator;True
Q8_128_seed_1041911937;13891;Aggregate;0;;1213.57;1215.954;1219.1628015987797;1220.5261494058836;pattern;
