iteration;pattern_hash;pattern_string;error_score;new_mre;delta;status;mre_after
0;1d35fb978b379d4a820897907e56ab7b;Sort -> Aggregate (Outer);32.1944752707613;0.17707338766862768;0.0005711036296650318;ACCEPTED;0.17707338766862768
1;2724c08067c017e6455632f46231780c;Aggregate -> Gather Merge (Outer);22.774118665618083;0.1781885221368154;-0.0011151344681877284;REJECTED;0.17707338766862768
2;1691f6f0dbbde049f7f6b5d065d62f74;Gather Merge -> Sort (Outer);7.713636672808582;;;SKIPPED_LOW_ERROR;0.17707338766862768
3;3b44787560c64172b4501d3cae04fd1b;Aggregate -> Nested Loop (Outer);0.5216099641816082;;;SKIPPED_LOW_ERROR;0.17707338766862768
4;29ee00dbeea63ba27a7d0fe66bc67b49;Aggregate -> Gather Merge -> Sort (Outer) (Outer);4.45534882110773;;;SKIPPED_LOW_ERROR;0.17707338766862768
5;c53c43965386239f53c764b9a60720dd;Nested Loop -> [Seq Scan (Outer), Index Scan (Inner)];172.0722295620642;0.17707396456188182;-5.768932541394545e-07;REJECTED;0.17707338766862768
6;715d5c92d04e9fdd3e607001ad32ee57;Gather Merge -> Sort -> Aggregate (Outer) (Outer);3.842589744010968;0.17571713805652278;0.0013562496121048984;ACCEPTED;0.17571713805652278
7;f8231c4dd4c57d8a84a6ba0a53bdb42d;Aggregate -> Gather Merge -> Sort -> Aggregate (Outer) (Outer) (Outer);3.198429079944597;0.17076414112847588;0.004952996928046904;ACCEPTED;0.17076414112847588
