query_file;node_id;node_type;depth;parent_relationship;actual_startup_time;actual_total_time;predicted_startup_time;predicted_total_time;prediction_type;is_leaf
Q1_63_seed_508649922;550;Seq Scan;4;Outer;8.141;594.042;0.8489451411161153;680.9454451568342;operator;True
Q1_63_seed_508649922;548;Sort;2;Outer;973.32;973.321;1196.226743953873;1200.3230763708991;pattern;
Q1_63_seed_508649922;547;Gather Merge;1;Outer;984.233;989.655;1161.7684583929795;1165.891810208491;operator;False
Q1_63_seed_508649922;546;Aggregate;0;;984.254;989.69;1149.8901777230035;1195.8397096468998;operator;False
