query_file;node_id;node_type;depth;parent_relationship;actual_startup_time;actual_total_time;predicted_startup_time;predicted_total_time;prediction_type;is_leaf
Q9_35_seed_278937054;18073;Hash Join;7;Outer;17.775;164.426;18.55445091442723;546.0213045240603;pattern;
Q9_35_seed_278937054;18070;Hash Join;5;Outer;167.076;944.289;176.26669209900626;733.2957614420015;pattern;
Q9_35_seed_278937054;18082;Index Scan;5;Inner;0.003;0.003;0.003729219503801895;-0.04238100520862531;operator;True
Q9_35_seed_278937054;18069;Nested Loop;4;Outer;167.556;1119.216;116.63760988206376;1174.6019871028993;operator;False
Q9_35_seed_278937054;18068;Aggregate;3;Outer;1142.943;1143.18;1159.933405465877;1170.6532675223802;operator;False
Q9_35_seed_278937054;18067;Gather;2;Outer;1154.916;1162.296;580.2032778007938;1129.7350744462992;operator;False
Q9_35_seed_278937054;18065;Sort;0;;1156.768;1163.7;1113.1424466035753;1114.645175228542;pattern;
