query_file;node_id;node_type;depth;parent_relationship;actual_startup_time;actual_total_time;predicted_startup_time;predicted_total_time;prediction_type;is_leaf
Q7_62_seed_500445891;12453;Hash Join;7;Outer;0.028;35.613;37.617349447730206;429.3830087422621;pattern;
Q7_62_seed_500445891;12450;Hash Join;5;Outer;37.703;213.329;39.638535265155625;304.8909869868012;pattern;
Q7_62_seed_500445891;12457;Index Scan;5;Inner;0.032;0.032;0.03941894583458616;0.9628515547403396;operator;True
Q7_62_seed_500445891;12459;Hash Join;5;Outer;0.101;5.776;37.61603003805647;429.3628282798292;pattern;
Q7_62_seed_500445891;12449;Nested Loop;4;Outer;38.462;1180.195;173.4013251715467;1215.9932441105188;operator;False
Q7_62_seed_500445891;12458;Hash;4;Inner;5.825;5.826;27.742268811544875;27.74323152040685;operator;False
Q7_62_seed_500445891;12448;Hash Join;3;Outer;47.38;1189.761;124.68849509864765;843.1103148833878;operator;False
Q7_62_seed_500445891;12447;Sort;2;Outer;1190.356;1190.385;1107.6640382246896;1109.1567501899126;operator;False
Q7_62_seed_500445891;12445;Aggregate;0;;1193.421;1197.616;1159.5364464121913;1163.1290541267842;pattern;
