query_file;node_id;node_type;depth;parent_relationship;actual_startup_time;actual_total_time;predicted_startup_time;predicted_total_time;prediction_type;is_leaf
Q12_26_seed_205100775;24801;Seq Scan;5;Outer;9.702;838.858;3.9754568724521957;750.4567303167798;operator;True
Q12_26_seed_205100775;24802;Index Scan;5;Inner;0.026;0.026;0.02578304839054807;-0.01647583438285949;operator;True
Q12_26_seed_205100775;24800;Nested Loop;4;Outer;10.488;977.411;21.280427781662127;1101.306582346111;operator;False
Q12_26_seed_205100775;24799;Sort;3;Outer;978.27;978.378;1057.1089987671833;1058.1015535981787;operator;False
Q12_26_seed_205100775;24798;Aggregate;2;Outer;978.73;979.097;927.0353977052096;941.9624618053485;operator;False
Q12_26_seed_205100775;24796;Aggregate;0;;992.98;998.453;1022.9228341655694;1027.047874343703;pattern;
