query_file;node_id;node_type;depth;parent_relationship;actual_startup_time;actual_total_time;predicted_startup_time;predicted_total_time;prediction_type;is_leaf
Q12_133_seed_1082932092;24576;Nested Loop;4;Outer;9.961;974.357;10.43471155211474;976.0181265220356;pattern;
Q12_133_seed_1082932092;24575;Sort;3;Outer;975.194;975.293;1049.8160423391696;1050.7974435893493;operator;False
Q12_133_seed_1082932092;24574;Aggregate;2;Outer;975.57;975.904;925.9655386544789;940.6404540997084;operator;False
Q12_133_seed_1082932092;24572;Aggregate;0;;990.352;998.094;1022.9230479349872;1027.0479981479857;pattern;
