metric;value;percentage
mean_mre;0.013928466458855118;1.3928466458855118
