metric;value;percentage
mean_mre;0.02908033665924256;2.9080336659242563
