query_file;node_id;node_type;depth;parent_relationship;actual_startup_time;actual_total_time;predicted_startup_time;predicted_total_time;prediction_type;is_leaf
Q3_62_seed_500445891;5436;Hash Join;5;Outer;28.973;209.151;30.20114524688184;218.85035287482404;pattern;
Q3_62_seed_500445891;5440;Index Scan;5;Inner;0.027;0.027;0.056250765173245454;-0.018536695684687743;operator;True
Q3_62_seed_500445891;5435;Nested Loop;4;Outer;30.913;1203.919;30.71543180393286;1122.4126489024134;operator;False
Q3_62_seed_500445891;5431;Limit;0;;1240.788;1243.862;1194.0305943063317;1195.9272057594426;pattern;
