query_file;node_id;node_type;depth;parent_relationship;actual_startup_time;actual_total_time;predicted_startup_time;predicted_total_time;prediction_type;is_leaf
Q3_59_seed_475833798;5396;Hash Join;5;Outer;29.937;209.31;30.510495166931257;219.79280258823903;pattern;
Q3_59_seed_475833798;5400;Index Scan;5;Inner;0.026;0.026;0.056250765173245454;-0.018536695684687743;operator;True
Q3_59_seed_475833798;5395;Nested Loop;4;Outer;30.514;1167.878;29.744224341261713;1121.3348995977701;operator;False
Q3_59_seed_475833798;5391;Limit;0;;1203.523;1203.644;1194.0875041062254;1195.9855922138156;pattern;
