query_file;node_id;node_type;depth;parent_relationship;actual_startup_time;actual_total_time;predicted_startup_time;predicted_total_time;prediction_type;is_leaf
Q13_101_seed_820403100;25383;Index Only Scan;5;Outer;0.009;9.964;0.0;0.0;operator;True
Q13_101_seed_820403100;25381;Seq Scan;4;Outer;0.17;476.497;-1.9489254011497288;264.1182089172417;operator;True
Q13_101_seed_820403100;25382;Hash;4;Inner;15.117;15.118;80.14603185435155;80.14700462784211;operator;False
Q13_101_seed_820403100;25380;Hash Join;3;Outer;15.481;683.528;145.01164067703996;787.8302068759015;operator;False
Q13_101_seed_820403100;25379;Aggregate;2;Outer;885.761;893.427;917.0474038737932;1014.1808286843299;operator;False
Q13_101_seed_820403100;25378;Aggregate;1;Outer;899.468;899.471;968.7074124781565;1000.3398058246635;operator;False
Q13_101_seed_820403100;25377;Sort;0;;899.488;899.49;1080.3899255089282;1081.9311346962395;operator;False
