query_file;node_id;node_type;depth;parent_relationship;actual_startup_time;actual_total_time;predicted_startup_time;predicted_total_time;prediction_type;is_leaf
Q13_101_seed_820403100;25383;Index Only Scan;5;Outer;0.009;9.964;0.0;0.0;operator;True
Q13_101_seed_820403100;25380;Hash Join;3;Outer;15.481;683.528;157.70259903464378;470.3111514787099;pattern;
Q13_101_seed_820403100;25379;Aggregate;2;Outer;885.761;893.427;908.2781952264519;999.5524164529895;operator;False
Q13_101_seed_820403100;25377;Sort;0;;899.488;899.49;1078.6997703450616;1079.9347089716157;pattern;
