query_file;node_id;node_type;depth;parent_relationship;actual_startup_time;actual_total_time;predicted_startup_time;predicted_total_time;prediction_type;is_leaf
Q1_64_seed_516853953;555;Seq Scan;4;Outer;8.69;564.253;1.9321266979409395;572.4196498634901;operator;True
Q1_64_seed_516853953;554;Aggregate;3;Outer;971.634;971.636;951.3280954200143;972.0357684984654;operator;False
Q1_64_seed_516853953;553;Sort;2;Outer;971.657;971.658;1150.3967226372802;1152.3786318652287;operator;False
Q1_64_seed_516853953;552;Gather Merge;1;Outer;981.961;987.579;1075.0156770899423;1079.3800434923073;operator;False
Q1_64_seed_516853953;551;Aggregate;0;;981.981;987.617;1039.5473767582405;1052.0103370170023;operator;False
