iteration;pattern_hash;pattern_string;error_score;new_mre;delta;status;mre_after
0;4fc84c77ced18a46514c982f23f12deb;Aggregate -> Gather (Outer);13.389386687486567;;;SKIPPED_LOW_ERROR;0.17923931775147153
1;634cdbe24fda21720ccd3dc746d5c979;Gather -> Aggregate (Outer);7.717489015996259;;;SKIPPED_LOW_ERROR;0.17923931775147153
2;a5f39f08c510532e02e96e109e48c0cd;Aggregate -> Gather -> Aggregate (Outer) (Outer);12.469478552823334;0.16214430648485464;0.01709501126661689;ACCEPTED;0.16214430648485464
3;184f44dea835017982d512c08043f20c;Aggregate -> Seq Scan (Outer);4.054792501511775;;;SKIPPED_LOW_ERROR;0.16214430648485464
4;10e10cd477d96a0b6148c9b09756d8f6;Gather -> Aggregate -> Seq Scan (Outer) (Outer);2.5305438386580583;0.16214430648485464;0.0;REJECTED;0.16214430648485464
5;dd3706ac3890589c2926a68628da4037;Aggregate -> Gather -> Aggregate -> Seq Scan (Outer) (Outer) (Outer);3.4696701949222453;0.15988614511097524;0.002258161373879408;ACCEPTED;0.15988614511097524
