query_file;node_id;node_type;depth;parent_relationship;actual_startup_time;actual_total_time;predicted_startup_time;predicted_total_time;prediction_type;is_leaf
Q7_2_seed_8204031;11805;Hash Join;7;Outer;0.032;36.114;37.617349447730206;429.3830087422621;pattern;
Q7_2_seed_8204031;11802;Hash Join;5;Outer;37.434;214.432;39.638535265155625;304.8909869868012;pattern;
Q7_2_seed_8204031;11809;Index Scan;5;Inner;0.031;0.032;0.03941894583458616;0.9628515547403396;operator;True
Q7_2_seed_8204031;11811;Hash Join;5;Outer;0.144;5.312;37.61603003805647;429.3628282798292;pattern;
Q7_2_seed_8204031;11801;Nested Loop;4;Outer;37.908;1181.244;173.4013251715467;1215.9932441105188;operator;False
Q7_2_seed_8204031;11810;Hash;4;Inner;5.36;5.36;27.742268811544875;27.74323152040685;operator;False
Q7_2_seed_8204031;11800;Hash Join;3;Outer;45.218;1190.412;124.68849509864765;843.1103148833878;operator;False
Q7_2_seed_8204031;11799;Sort;2;Outer;1191.019;1191.048;1107.6640382246896;1109.1567501899126;operator;False
Q7_2_seed_8204031;11797;Aggregate;0;;1194.677;1198.318;1159.5364464121913;1163.1290541267842;pattern;
