metric;value;percentage
mean_mre;0.06304714155831045;6.3047141558310456
