query_file;node_id;node_type;depth;parent_relationship;actual_startup_time;actual_total_time;predicted_startup_time;predicted_total_time;prediction_type;is_leaf
Q1_121_seed_984483720;120;Seq Scan;4;Outer;9.289;641.923;0.845930193930549;682.6482197994353;operator;True
Q1_121_seed_984483720;119;Aggregate;3;Outer;1029.889;1029.893;1037.3393437423322;1112.4323092174636;operator;False
Q1_121_seed_984483720;118;Sort;2;Outer;1030.592;1030.595;1180.8403338532612;1181.9098304099175;operator;False
Q1_121_seed_984483720;117;Gather Merge;1;Outer;1044.802;1050.654;1161.4230102245913;1165.5464089632023;operator;False
Q1_121_seed_984483720;116;Aggregate;0;;1044.876;1050.733;1149.818723700923;1195.6777633257573;operator;False
