query_file;node_id;node_type;depth;parent_relationship;actual_startup_time;actual_total_time;predicted_startup_time;predicted_total_time;prediction_type;is_leaf
Q13_28_seed_221508837;25866;Index Only Scan;5;Outer;0.017;10.475;0.0;0.0;operator;True
Q13_28_seed_221508837;25864;Seq Scan;4;Outer;0.193;503.407;-1.9318542525433196;263.9675220251799;operator;True
Q13_28_seed_221508837;25865;Hash;4;Inner;16.024;16.024;80.14603185435155;80.14700462784211;operator;False
Q13_28_seed_221508837;25863;Hash Join;3;Outer;16.445;710.745;145.01164067703996;787.8302068759015;operator;False
Q13_28_seed_221508837;25862;Aggregate;2;Outer;912.29;919.062;917.1070266701255;1013.7686666597517;operator;False
Q13_28_seed_221508837;25861;Aggregate;1;Outer;925.027;925.03;968.7224680770357;1000.3628875073614;operator;False
Q13_28_seed_221508837;25860;Sort;0;;925.071;925.073;1080.386817720128;1081.9279033678613;operator;False
