query_file;node_id;node_type;depth;parent_relationship;actual_startup_time;actual_total_time;predicted_startup_time;predicted_total_time;prediction_type;is_leaf
Q3_86_seed_697342635;5699;Seq Scan;7;Outer;4.883;28.814;0.26290512072724725;38.566617753396486;operator;True
Q3_86_seed_697342635;5697;Seq Scan;6;Outer;0.205;157.744;0.29101486764067364;163.21676844551754;operator;True
Q3_86_seed_697342635;5698;Hash;6;Inner;30.512;30.512;17.745896367083304;17.746437122207624;operator;False
Q3_86_seed_697342635;5696;Hash Join;5;Outer;31.652;211.413;27.129570266132546;230.29520499913622;operator;False
Q3_86_seed_697342635;5700;Index Scan;5;Inner;0.027;0.027;0.05839675190218198;-0.5180651256505655;operator;True
Q3_86_seed_697342635;5695;Nested Loop;4;Outer;33.486;1179.217;121.38227866354546;1192.6835236931006;operator;False
Q3_86_seed_697342635;5691;Limit;0;;1214.077;1217.12;1150.4215260400047;1151.1750260400047;pattern;
