query_file;node_id;node_type;depth;parent_relationship;actual_startup_time;actual_total_time;predicted_startup_time;predicted_total_time;prediction_type;is_leaf
Q1_64_seed_516853953;555;Seq Scan;4;Outer;8.69;564.253;0.8480096467510831;681.4840636024073;operator;True
Q1_64_seed_516853953;553;Sort;2;Outer;971.657;971.658;1196.083820701065;1200.1805364951647;pattern;
Q1_64_seed_516853953;552;Gather Merge;1;Outer;981.961;987.579;1161.7578827490222;1165.880964015313;operator;False
Q1_64_seed_516853953;551;Aggregate;0;;981.981;987.617;1149.8784888198766;1195.8025208022816;operator;False
