query_file;node_id;node_type;depth;parent_relationship;actual_startup_time;actual_total_time;predicted_startup_time;predicted_total_time;prediction_type;is_leaf
Q1_64_seed_516853953;555;Seq Scan;4;Outer;8.69;564.253;0.8480096467510831;681.4840636024073;operator;True
Q1_64_seed_516853953;554;Aggregate;3;Outer;971.634;971.636;1037.3707973263138;1112.6576730073039;operator;False
Q1_64_seed_516853953;553;Sort;2;Outer;971.657;971.658;1180.9030689232316;1181.972640129219;operator;False
Q1_64_seed_516853953;552;Gather Merge;1;Outer;981.961;987.579;1161.4410893605568;1165.565089031191;operator;False
Q1_64_seed_516853953;551;Aggregate;0;;981.981;987.617;1149.843524278272;1195.7575850068588;operator;False
