query_file;node_id;node_type;depth;parent_relationship;actual_startup_time;actual_total_time;predicted_startup_time;predicted_total_time;prediction_type;is_leaf
Q4_111_seed_902443410;5940;Seq Scan;5;Outer;0.071;165.672;0.9379425887709152;154.66117113078286;operator;True
Q4_111_seed_902443410;5941;Index Scan;5;Inner;0.062;0.062;-0.003540312421178901;11.104350802242521;operator;True
Q4_111_seed_902443410;5939;Nested Loop;4;Outer;0.397;1050.374;199.80203399293853;1255.4487969298648;operator;False
Q4_111_seed_902443410;5935;Aggregate;0;;1054.934;1057.159;946.3724041557311;952.1882127354145;pattern;
