query_file;node_id;node_type;depth;parent_relationship;actual_startup_time;actual_total_time;predicted_startup_time;predicted_total_time;prediction_type;is_leaf
Q7_129_seed_1050115968;11076;Seq Scan;7;Outer;0.009;0.011;0.057510053765475355;7.1959461692964055;operator;True
Q7_129_seed_1050115968;11065;Seq Scan;6;Outer;0.187;151.451;0.17165698011059138;192.19189190052919;operator;True
Q7_129_seed_1050115968;11066;Hash;6;Inner;37.007;37.007;35.59041974959206;35.59136215845007;pattern;
Q7_129_seed_1050115968;11074;Seq Scan;6;Outer;0.08;1.847;0.0355295538972451;10.6167639219301;operator;True
Q7_129_seed_1050115968;11075;Hash;6;Inner;0.013;0.013;14.536786179837549;14.537163827824884;operator;False
Q7_129_seed_1050115968;11059;Aggregate;0;;1178.517;1182.607;1196.627;1200.903;pattern;
