query_file;node_id;node_type;depth;parent_relationship;actual_startup_time;actual_total_time;predicted_startup_time;predicted_total_time;prediction_type;is_leaf
Q12_14_seed_106652403;24703;Seq Scan;5;Outer;9.627;825.817;1.608328952304979;745.1923836267847;operator;True
Q12_14_seed_106652403;24704;Index Scan;5;Inner;0.026;0.026;0.12456619013031595;0.07187872145217966;operator;True
Q12_14_seed_106652403;24702;Nested Loop;4;Outer;10.35;961.251;38.32679954697656;1127.4093126110258;operator;False
Q12_14_seed_106652403;24701;Sort;3;Outer;962.153;962.257;1092.3950128582649;1092.8079970032463;operator;False
Q12_14_seed_106652403;24700;Aggregate;2;Outer;962.525;962.884;868.9669095022906;895.3133074967789;operator;False
Q12_14_seed_106652403;24699;Gather Merge;1;Outer;976.13;982.883;1109.2224089246988;1111.836466218867;operator;False
Q12_14_seed_106652403;24698;Aggregate;0;;976.653;982.904;903.6002175385382;919.0687588210905;operator;False
