query_file;node_id;node_type;depth;parent_relationship;actual_startup_time;actual_total_time;predicted_startup_time;predicted_total_time;prediction_type;is_leaf
Q7_9_seed_65632248;13191;Hash Join;7;Outer;0.275;34.178;37.617349447730206;429.3830087422621;pattern;
Q7_9_seed_65632248;13188;Hash Join;5;Outer;35.272;212.162;39.638535265155625;304.8909869868012;pattern;
Q7_9_seed_65632248;13195;Index Scan;5;Inner;0.032;0.033;0.03941894583458616;0.9628515547403396;operator;True
Q7_9_seed_65632248;13197;Hash Join;5;Outer;0.107;3.496;37.61603003805647;429.3628282798292;pattern;
Q7_9_seed_65632248;13187;Nested Loop;4;Outer;35.754;1186.264;173.4013251715467;1215.9932441105188;operator;False
Q7_9_seed_65632248;13196;Hash;4;Inner;3.542;3.542;27.742268811544875;27.74323152040685;operator;False
Q7_9_seed_65632248;13186;Hash Join;3;Outer;41.312;1193.705;124.68849509864765;843.1103148833878;operator;False
Q7_9_seed_65632248;13185;Sort;2;Outer;1194.312;1194.342;1107.6640382246896;1109.1567501899126;operator;False
Q7_9_seed_65632248;13183;Aggregate;0;;1196.842;1200.457;1159.5364464121913;1163.1290541267842;pattern;
