query_file;node_id;node_type;depth;parent_relationship;actual_startup_time;actual_total_time;predicted_startup_time;predicted_total_time;prediction_type;is_leaf
Q7_6_seed_41020155;12597;Hash Join;7;Outer;0.168;36.0;37.617349447730206;429.3830087422621;pattern;
Q7_6_seed_41020155;12594;Hash Join;5;Outer;37.333;216.694;39.638535265155625;304.8909869868012;pattern;
Q7_6_seed_41020155;12601;Index Scan;5;Inner;0.031;0.032;0.03941894583458616;0.9628515547403396;operator;True
Q7_6_seed_41020155;12603;Hash Join;5;Outer;0.109;3.171;37.61603003805647;429.3628282798292;pattern;
Q7_6_seed_41020155;12593;Nested Loop;4;Outer;37.562;1180.726;173.4013251715467;1215.9932441105188;operator;False
Q7_6_seed_41020155;12602;Hash;4;Inner;3.225;3.225;27.742268811544875;27.74323152040685;operator;False
Q7_6_seed_41020155;12592;Hash Join;3;Outer;42.166;1187.765;124.68849509864765;843.1103148833878;operator;False
Q7_6_seed_41020155;12591;Sort;2;Outer;1188.36;1188.39;1107.6640382246896;1109.1567501899126;operator;False
Q7_6_seed_41020155;12589;Aggregate;0;;1191.051;1195.504;1159.5364464121913;1163.1290541267842;pattern;
