query_file;node_id;node_type;depth;parent_relationship;actual_startup_time;actual_total_time;predicted_startup_time;predicted_total_time;prediction_type;is_leaf
Q14_127_seed_1033707906;26629;Seq Scan;5;Outer;8.06;40.092;2.100459698143283;16.559768779669923;operator;True
Q14_127_seed_1033707906;26627;Seq Scan;4;Outer;0.446;788.277;3.468959233706322;747.9381097441312;operator;True
Q14_127_seed_1033707906;26628;Hash;4;Inner;44.215;44.215;21.248022626321983;21.248680753082937;operator;False
Q14_127_seed_1033707906;26626;Hash Join;3;Outer;44.941;839.996;49.325601658481986;788.2832697828059;operator;False
Q14_127_seed_1033707906;26623;Aggregate;0;;856.755;862.248;829.1925215936908;834.7438917070332;pattern;
