query_file;node_id;node_type;depth;parent_relationship;actual_startup_time;actual_total_time;predicted_startup_time;predicted_total_time;prediction_type;is_leaf
Q10_40_seed_319957209;20469;Seq Scan;7;Outer;0.174;160.204;-0.5480145787630772;159.7389854484976;operator;True
Q10_40_seed_319957209;20470;Index Scan;7;Inner;0.058;0.06;0.026475206749591446;-0.518237032841327;operator;True
Q10_40_seed_319957209;20472;Seq Scan;7;Outer;0.016;26.816;-10.029480805383272;26.639726858412047;operator;True
Q10_40_seed_319957209;20474;Seq Scan;6;Outer;0.011;0.012;0.43638700067583747;6.9787036398299165;operator;True
Q10_40_seed_319957209;20467;Hash Join;5;Outer;40.31;1074.787;51.859681174338036;1120.1863001889294;pattern;
Q10_40_seed_319957209;20473;Hash;5;Inner;0.019;0.019;15.710003163406043;15.710773700000516;operator;False
Q10_40_seed_319957209;20466;Hash Join;4;Outer;40.457;1077.727;54.22874549932956;1095.5917406267604;operator;False
Q10_40_seed_319957209;20462;Limit;0;;1127.38;1128.175;1197.4162580478192;1199.4703591139319;pattern;
