query_file;node_id;node_type;depth;parent_relationship;actual_startup_time;actual_total_time;predicted_startup_time;predicted_total_time;prediction_type;is_leaf
Q12_139_seed_1132156278;24619;Seq Scan;5;Outer;9.579;829.431;1.6085045417622021;745.1937318438013;operator;True
Q12_139_seed_1132156278;24620;Index Scan;5;Inner;0.026;0.026;0.12456619013031595;0.07187872145217966;operator;True
Q12_139_seed_1132156278;24618;Nested Loop;4;Outer;10.077;964.654;38.32396932921253;1127.4115826633315;operator;False
Q12_139_seed_1132156278;24617;Sort;3;Outer;965.478;965.58;1092.4031727685688;1092.8162168275323;operator;False
Q12_139_seed_1132156278;24616;Aggregate;2;Outer;965.917;966.265;868.9494329249153;895.3026218734037;operator;False
Q12_139_seed_1132156278;24615;Gather Merge;1;Outer;980.988;987.902;1109.2232711547513;1111.8373717024233;operator;False
Q12_139_seed_1132156278;24614;Aggregate;0;;981.352;987.915;903.5822993239073;919.0574817214456;operator;False
