query_file;node_id;node_type;depth;parent_relationship;actual_startup_time;actual_total_time;predicted_startup_time;predicted_total_time;prediction_type;is_leaf
Q12_1_seed_0101000000;24752;Seq Scan;5;Outer;10.192;850.456;1.6083019385861572;745.1921761817782;operator;True
Q12_1_seed_0101000000;24753;Index Scan;5;Inner;0.026;0.026;0.12456619013031595;0.07187872145217966;operator;True
Q12_1_seed_0101000000;24751;Nested Loop;4;Outer;10.689;988.522;38.32724808003533;1127.4089710075755;operator;False
Q12_1_seed_0101000000;24750;Sort;3;Outer;989.356;989.461;1092.3937764822285;1092.8067516016695;operator;False
Q12_1_seed_0101000000;24749;Aggregate;2;Outer;989.742;990.08;868.9695546510563;895.3149244309343;operator;False
Q12_1_seed_0101000000;24748;Gather Merge;1;Outer;1003.44;1007.767;1109.2222788361537;1111.8363295930524;operator;False
Q12_1_seed_0101000000;24747;Aggregate;0;;1003.832;1007.791;903.6029278890494;919.0704649585109;operator;False
