query_file;node_id;node_type;depth;parent_relationship;actual_startup_time;actual_total_time;predicted_startup_time;predicted_total_time;prediction_type;is_leaf
Q3_98_seed_795791007;5829;Seq Scan;7;Outer;5.212;28.014;0.26221760492631097;38.5374073235966;operator;True
Q3_98_seed_795791007;5827;Seq Scan;6;Outer;0.284;159.314;0.2912518338826695;163.30692531351391;operator;True
Q3_98_seed_795791007;5828;Hash;6;Inner;28.622;28.622;17.744785923081054;17.745327076220036;operator;False
Q3_98_seed_795791007;5826;Hash Join;5;Outer;29.011;210.99;27.156797400224605;230.57606152816948;operator;False
Q3_98_seed_795791007;5830;Index Scan;5;Inner;0.026;0.026;0.05839675190218198;-0.5180651256505655;operator;True
Q3_98_seed_795791007;5825;Nested Loop;4;Outer;29.595;1159.145;121.70638172075834;1193.0260680150159;operator;False
Q3_98_seed_795791007;5821;Limit;0;;1193.407;1194.233;1150.4215258876593;1151.1750258876593;pattern;
