query_file;node_id;node_type;depth;parent_relationship;actual_startup_time;actual_total_time;predicted_startup_time;predicted_total_time;prediction_type;is_leaf
Q3_133_seed_1082932092;4719;Seq Scan;7;Outer;4.792;27.947;0.3539614632002279;36.68905405354411;operator;True
Q3_133_seed_1082932092;4716;Hash Join;5;Outer;29.086;208.606;29.907249334667057;256.39637587919805;pattern;
Q3_133_seed_1082932092;4720;Index Scan;5;Inner;0.025;0.025;0.056250765173245454;-0.018536695684687743;operator;True
Q3_133_seed_1082932092;4715;Nested Loop;4;Outer;30.748;1138.827;31.602557590399726;1123.0815350776463;operator;False
Q3_133_seed_1082932092;4711;Limit;0;;1175.806;1175.92;1194.0324277483749;1195.9290899904267;pattern;
