query_file;node_id;node_type;depth;parent_relationship;actual_startup_time;actual_total_time;predicted_startup_time;predicted_total_time;prediction_type;is_leaf
Q7_124_seed_1009095813;10986;Seq Scan;7;Outer;0.011;0.012;0.057510053765475355;7.1959461692964055;operator;True
Q7_124_seed_1009095813;10975;Seq Scan;6;Outer;0.177;152.957;0.17165698011059138;192.19189190052919;operator;True
Q7_124_seed_1009095813;10976;Hash;6;Inner;36.834;36.834;35.59041974959206;35.59136215845007;pattern;
Q7_124_seed_1009095813;10984;Seq Scan;6;Outer;0.072;2.366;0.0355295538972451;10.6167639219301;operator;True
Q7_124_seed_1009095813;10985;Hash;6;Inner;0.015;0.015;14.536786179837549;14.537163827824884;operator;False
Q7_124_seed_1009095813;10969;Aggregate;0;;1208.361;1213.647;1196.627;1200.903;pattern;
