query_file;node_id;node_type;depth;parent_relationship;actual_startup_time;actual_total_time;predicted_startup_time;predicted_total_time;prediction_type;is_leaf
Q12_136_seed_1107544185;24598;Seq Scan;5;Outer;11.471;821.476;1.6081938837959644;745.1913463297487;operator;True
Q12_136_seed_1107544185;24599;Index Scan;5;Inner;0.027;0.027;0.12456619013031595;0.07187872145217966;operator;True
Q12_136_seed_1107544185;24597;Nested Loop;4;Outer;11.822;963.154;38.32900236149794;1127.407582741394;operator;False
Q12_136_seed_1107544185;24596;Sort;3;Outer;964.011;964.116;1092.3887579419802;1092.801696216729;operator;False
Q12_136_seed_1107544185;24595;Aggregate;2;Outer;964.364;964.699;868.9803120898902;895.321503018756;operator;False
Q12_136_seed_1107544185;24594;Gather Merge;1;Outer;982.155;985.84;1109.2217491348447;1111.8357732808545;operator;False
Q12_136_seed_1107544185;24593;Aggregate;0;;982.48;985.865;903.6139538877451;919.0774067032696;operator;False
