occurrence_class;occ_min;occ_max;patterns_total;patterns_selected;patterns_rejected;selection_rate;total_delta;avg_delta
occ_001_010;1;10;32;1;31;0.0312;4.4e-05;4.4e-05
occ_011_050;11;50;300;11;289;0.0367;0.02892;0.002629
occ_051_100;51;100;25;4;21;0.16;0.11133;0.027832
occ_101_200;101;200;11;5;6;0.4545;0.028577;0.005715
occ_200_plus;201;356;2;1;1;0.5;0.000224;0.000224
