query_file;node_id;node_type;depth;parent_relationship;actual_startup_time;actual_total_time;predicted_startup_time;predicted_total_time;prediction_type;is_leaf
Q12_117_seed_951667596;24451;Seq Scan;5;Outer;9.651;827.644;3.975530139018765;750.4578655138648;operator;True
Q12_117_seed_951667596;24452;Index Scan;5;Inner;0.026;0.026;0.02578304839054807;-0.01647583438285949;operator;True
Q12_117_seed_951667596;24450;Nested Loop;4;Outer;10.243;964.091;21.285365042783184;1101.3154523915837;operator;False
Q12_117_seed_951667596;24449;Sort;3;Outer;964.967;965.07;1057.1149804575778;1058.107598469823;operator;False
Q12_117_seed_951667596;24448;Aggregate;2;Outer;965.342;965.692;927.0277948241728;941.9596864187698;operator;False
Q12_117_seed_951667596;24447;Gather Merge;1;Outer;979.121;984.692;1055.9884710703168;1060.9608551421543;operator;False
Q12_117_seed_951667596;24446;Aggregate;0;;979.468;984.708;951.9518122614005;954.6927439838814;operator;False
