query_file;node_id;node_type;depth;parent_relationship;actual_startup_time;actual_total_time;predicted_startup_time;predicted_total_time;prediction_type;is_leaf
Q12_80_seed_648118449;25220;Nested Loop;4;Outer;9.538;972.188;10.433296539964758;976.053809535788;pattern;
Q12_80_seed_648118449;25219;Sort;3;Outer;973.054;973.151;1049.8223230874773;1050.8037731228856;operator;False
Q12_80_seed_648118449;25218;Aggregate;2;Outer;973.412;973.749;925.9595168152696;940.6384258404008;operator;False
Q12_80_seed_648118449;25216;Aggregate;0;;987.45;993.212;1022.9227932286507;1027.0478506366157;pattern;
