query_file;node_id;node_type;depth;parent_relationship;actual_startup_time;actual_total_time;predicted_startup_time;predicted_total_time;prediction_type;is_leaf
Q4_142_seed_1156768371;6178;Seq Scan;5;Outer;0.141;164.284;0.9392879209125438;154.66654766906288;operator;True
Q4_142_seed_1156768371;6179;Index Scan;5;Inner;0.064;0.064;-0.0035403069109492535;11.10435973033728;operator;True
Q4_142_seed_1156768371;6177;Nested Loop;4;Outer;1.093;1082.426;199.80203399293853;1255.4487969298648;operator;False
Q4_142_seed_1156768371;6173;Aggregate;0;;1086.977;1089.018;946.3724041557311;952.1882127354145;pattern;
