iteration;pattern_hash;pattern_string;error_score;new_mre;delta;status;mre_after
0;4fc84c77ced18a46514c982f23f12deb;Aggregate -> Gather (Outer);13.389386687486567;0.17170895144623302;0.007530366305238512;ACCEPTED;0.17170895144623302
1;a5f39f08c510532e02e96e109e48c0cd;Aggregate -> Gather -> Aggregate (Outer) (Outer);7.478899137530808;0.16214272480939212;0.009566226636840897;ACCEPTED;0.16214272480939212
2;184f44dea835017982d512c08043f20c;Aggregate -> Seq Scan (Outer);2.3137985250695534;0.16214223224704266;4.925623494633768e-07;ACCEPTED;0.16214223224704266
3;dd3706ac3890589c2926a68628da4037;Aggregate -> Gather -> Aggregate -> Seq Scan (Outer) (Outer) (Outer);1.2747667706825148;0.15988407087316325;0.002258161373879408;ACCEPTED;0.15988407087316325
