query_file;node_id;node_type;depth;parent_relationship;actual_startup_time;actual_total_time;predicted_startup_time;predicted_total_time;prediction_type;is_leaf
Q8_141_seed_1148564340;14247;Seq Scan;10;Outer;0.022;33.47;0.27610590718633166;24.87346631481978;operator;True
Q8_141_seed_1148564340;14248;Hash;10;Inner;0.297;0.298;0.19455457104402996;0.195299517027415;pattern;
Q8_141_seed_1148564340;14255;Seq Scan;7;Outer;0.776;40.794;0.42404856241704136;44.49274048556603;operator;True
Q8_141_seed_1148564340;14242;Nested Loop;6;Outer;38.49;1222.199;37.6417632564794;1155.057519186467;pattern;
Q8_141_seed_1148564340;14254;Hash;6;Inner;40.903;40.903;17.765027364386555;17.764592363035092;operator;False
Q8_141_seed_1148564340;14241;Hash Join;5;Outer;85.917;1267.443;78.67319189206776;1042.86297047076;operator;False
Q8_141_seed_1148564340;14256;Index Scan;5;Inner;0.006;0.006;0.005987109893472176;0.051211396152496036;operator;True
Q8_141_seed_1148564340;14258;Seq Scan;5;Outer;0.012;0.013;0.06128368059525324;7.194474264237783;operator;True
Q8_141_seed_1148564340;14236;Aggregate;0;;1274.553;1277.421;1219.1995271782537;1220.559089833497;pattern;
