query_file;node_id;node_type;depth;parent_relationship;actual_startup_time;actual_total_time;predicted_startup_time;predicted_total_time;prediction_type;is_leaf
Q3_33_seed_262528992;5119;Seq Scan;7;Outer;4.937;28.771;0.3539614632002279;36.68905405354411;operator;True
Q3_33_seed_262528992;5117;Seq Scan;6;Outer;0.294;149.91;0.2970547640871182;162.39500367037158;operator;True
Q3_33_seed_262528992;5118;Hash;6;Inner;29.372;29.372;17.5124538902042;17.51214317522195;operator;False
Q3_33_seed_262528992;5116;Hash Join;5;Outer;29.777;201.836;29.16610626969161;231.96489852535905;operator;False
Q3_33_seed_262528992;5120;Index Scan;5;Inner;0.025;0.025;0.056250765173245454;-0.018536695684687743;operator;True
Q3_33_seed_262528992;5115;Nested Loop;4;Outer;31.526;1129.408;30.939584226325934;1122.5546365529026;operator;False
Q3_33_seed_262528992;5111;Limit;0;;1164.323;1166.071;1194.0305943063317;1195.9272057594426;pattern;
