query_file;node_id;node_type;depth;parent_relationship;actual_startup_time;actual_total_time;predicted_startup_time;predicted_total_time;prediction_type;is_leaf
Q1_129_seed_1050115968;160;Seq Scan;4;Outer;8.766;519.827;0.8484791278336998;681.2149685795412;operator;True
Q1_129_seed_1050115968;158;Sort;2;Outer;934.532;934.533;1196.1552569489234;1200.2517820559754;pattern;
Q1_129_seed_1050115968;157;Gather Merge;1;Outer;949.712;954.331;1161.7631669606683;1165.8863834715191;operator;False
Q1_129_seed_1050115968;156;Aggregate;0;;949.752;954.387;1149.8843311940082;1195.8211054698104;operator;False
