query_file;node_id;node_type;depth;parent_relationship;actual_startup_time;actual_total_time;predicted_startup_time;predicted_total_time;prediction_type;is_leaf
Q1_39_seed_311753178;415;Seq Scan;4;Outer;8.71;596.389;0.8505458024667689;680.0003901683713;operator;True
Q1_39_seed_311753178;414;Aggregate;3;Outer;972.05;972.054;1037.4109800972901;1112.9450497750393;operator;False
Q1_39_seed_311753178;413;Sort;2;Outer;972.089;972.09;1180.9828200296088;1182.0524858943886;operator;False
Q1_39_seed_311753178;412;Gather Merge;1;Outer;985.927;992.027;1161.4641336608136;1165.5888953019955;operator;False
Q1_39_seed_311753178;411;Aggregate;0;;985.96;992.081;1149.875010261681;1195.8590945607075;operator;False
