metric;value;percentage
mean_mre;0.10616893104019964;10.616893104019965
