metric;value;percentage
mean_mre;0.23098483412784965;23.098483412784965
