query_file;node_id;node_type;depth;parent_relationship;actual_startup_time;actual_total_time;predicted_startup_time;predicted_total_time;prediction_type;is_leaf
Q12_149_seed_1214196588;24696;Seq Scan;5;Outer;9.371;846.164;1.608328952304979;745.1923836267847;operator;True
Q12_149_seed_1214196588;24697;Index Scan;5;Inner;0.026;0.026;0.12456619013031595;0.07187872145217966;operator;True
Q12_149_seed_1214196588;24695;Nested Loop;4;Outer;10.003;980.772;38.32679954697656;1127.4093126110258;operator;False
Q12_149_seed_1214196588;24694;Sort;3;Outer;981.659;981.768;1092.3950128582649;1092.8079970032463;operator;False
Q12_149_seed_1214196588;24693;Aggregate;2;Outer;982.089;982.437;868.9669095022906;895.3133074967789;operator;False
Q12_149_seed_1214196588;24692;Gather Merge;1;Outer;994.036;1000.143;1109.2224089246988;1111.836466218867;operator;False
Q12_149_seed_1214196588;24691;Aggregate;0;;994.476;1000.171;903.6002175385382;919.0687588210905;operator;False
