query_count;mean_actual_total;mean_predicted_total;mean_mre_startup;std_mre_startup;mean_mre_total;std_mre_total;mean_mre_startup_pct;mean_mre_total_pct
150;1224.7695533333335;1105.4946334544375;0.09837591300919059;0.014638091165320352;0.09715297658065979;0.014620319576063974;9.837591300919058;9.715297658065978
