metric;n;mean;std;cv_percent;min;max
row_count;150;6832864.8;22350.59877041269;0.3271043614153274;6780360.0;6864528.0
seq_scan_runtime;150;485.8923266666666;16.097107381773842;3.312895985043376;463.209;537.424
