query_file;node_id;node_type;depth;parent_relationship;actual_startup_time;actual_total_time;predicted_startup_time;predicted_total_time;prediction_type;is_leaf
Q10_79_seed_639914418;21015;Seq Scan;7;Outer;0.291;161.539;-0.5491366451836432;159.74248148798057;operator;True
Q10_79_seed_639914418;21016;Index Scan;7;Inner;0.058;0.061;0.02647520717656418;-0.5182304879599258;operator;True
Q10_79_seed_639914418;21018;Seq Scan;7;Outer;0.014;28.496;-10.029480805383272;26.639726858412047;operator;True
Q10_79_seed_639914418;21020;Seq Scan;6;Outer;0.01;0.011;0.43638700067583747;6.9787036398299165;operator;True
Q10_79_seed_639914418;21013;Hash Join;5;Outer;36.103;1084.671;51.85968116795292;1120.1863001612883;pattern;
Q10_79_seed_639914418;21019;Hash;5;Inner;0.023;0.023;15.710003163406043;15.710773700000516;operator;False
Q10_79_seed_639914418;21012;Hash Join;4;Outer;36.203;1087.581;54.19811832444046;1095.5059278880453;operator;False
Q10_79_seed_639914418;21008;Limit;0;;1135.104;1135.911;1197.4162580478192;1199.4703591139319;pattern;
