query_file;node_id;node_type;depth;parent_relationship;actual_startup_time;actual_total_time;predicted_startup_time;predicted_total_time;prediction_type;is_leaf
Q9_117_seed_951667596;16989;Seq Scan;10;Outer;0.135;21.065;0.4111942697697719;42.92736113560147;operator;True
Q9_117_seed_951667596;16990;Index Scan;10;Inner;0.076;0.079;0.07161991623887418;0.11917608185505912;operator;True
Q9_117_seed_951667596;16992;Seq Scan;10;Outer;0.056;2.985;0.0355295538972451;10.6167639219301;operator;True
Q9_117_seed_951667596;16978;Sort;0;;1166.783;1172.379;1189.3516509591793;1194.9546707403476;pattern;
