query_file;node_id;node_type;depth;parent_relationship;actual_startup_time;actual_total_time;predicted_startup_time;predicted_total_time;prediction_type;is_leaf
Q13_148_seed_1205992557;25740;Index Only Scan;5;Outer;0.021;10.162;0.0;0.0;operator;True
Q13_148_seed_1205992557;25738;Seq Scan;4;Outer;0.245;499.976;-1.9573972347551463;264.1925409425301;operator;True
Q13_148_seed_1205992557;25739;Hash;4;Inner;15.358;15.358;80.14603185435155;80.14700462784211;operator;False
Q13_148_seed_1205992557;25737;Hash Join;3;Outer;15.807;711.457;145.01164067703996;787.8302068759015;operator;False
Q13_148_seed_1205992557;25736;Aggregate;2;Outer;917.652;925.951;917.0178124207043;1014.3875217138225;operator;False
Q13_148_seed_1205992557;25735;Aggregate;1;Outer;932.083;932.086;968.6999423050423;1000.3283401184681;operator;False
Q13_148_seed_1205992557;25734;Sort;0;;932.11;932.112;1080.3914887596711;1081.9327597444683;operator;False
