query_file;node_id;node_type;depth;parent_relationship;actual_startup_time;actual_total_time;predicted_startup_time;predicted_total_time;prediction_type;is_leaf
Q10_117_seed_951667596;19611;Seq Scan;7;Outer;0.271;164.668;0.15473281512988035;162.03090222768512;operator;True
Q10_117_seed_951667596;19612;Index Scan;7;Inner;0.061;0.064;0.05625079940172589;-0.01828618711017782;operator;True
Q10_117_seed_951667596;19614;Seq Scan;7;Outer;0.014;31.862;0.05651506454806987;29.688464842761107;operator;True
Q10_117_seed_951667596;19616;Seq Scan;6;Outer;0.011;0.012;0.06128368059525324;7.194474264237783;operator;True
Q10_117_seed_951667596;19609;Hash Join;5;Outer;41.328;1132.954;37.51237805380954;1101.672668836779;pattern;
Q10_117_seed_951667596;19615;Hash;5;Inner;0.016;0.016;14.539339481092867;14.53971731681122;operator;False
Q10_117_seed_951667596;19604;Limit;0;;1192.147;1192.966;1150.3813362673436;1151.1468362673436;pattern;
