query_file;node_id;node_type;depth;parent_relationship;actual_startup_time;actual_total_time;predicted_startup_time;predicted_total_time;prediction_type;is_leaf
Q5_150_seed_1231235959;8017;Seq Scan;13;Outer;0.136;0.136;0.11847516521860801;21.38994919585383;operator;True
Q5_150_seed_1231235959;8015;Seq Scan;12;Outer;0.015;0.016;-0.015167767241809571;10.494725911870546;operator;True
Q5_150_seed_1231235959;8016;Hash;12;Inner;0.138;0.139;16.01535370121718;16.014912333363355;operator;False
Q5_150_seed_1231235959;8001;Sort;0;;1059.533;1059.748;1068.7923421266266;1070.4427907048444;pattern;
