metric;value;percentage
mean_mre;0.174873398603092;17.487339860309202
