query_file;node_id;node_type;depth;parent_relationship;actual_startup_time;actual_total_time;predicted_startup_time;predicted_total_time;prediction_type;is_leaf
Q4_6_seed_41020155;6668;Seq Scan;5;Outer;0.072;162.16;0.9382368946211561;154.6623391285806;operator;True
Q4_6_seed_41020155;6669;Index Scan;5;Inner;0.061;0.061;-0.0035403110426649176;11.104353034264989;operator;True
Q4_6_seed_41020155;6667;Nested Loop;4;Outer;0.72;1035.337;199.80203399293853;1255.4487969298648;operator;False
Q4_6_seed_41020155;6663;Aggregate;0;;1039.48;1041.637;946.3724041557311;952.1882127354145;pattern;
