query_file;node_id;node_type;depth;parent_relationship;actual_startup_time;actual_total_time;predicted_startup_time;predicted_total_time;prediction_type;is_leaf
Q12_134_seed_1091136123;24584;Seq Scan;5;Outer;10.819;844.086;1.6081466098907828;745.1909832332456;operator;True
Q12_134_seed_1091136123;24585;Index Scan;5;Inner;0.028;0.028;0.12456619013031595;0.07187872145217966;operator;True
Q12_134_seed_1091136123;24583;Nested Loop;4;Outer;11.307;988.752;38.32978451341614;1127.4069839599917;operator;False
Q12_134_seed_1091136123;24582;Sort;3;Outer;989.618;989.721;1092.3865816873094;1092.7995040381913;operator;False
Q12_134_seed_1091136123;24581;Aggregate;2;Outer;990.013;990.358;868.984973397319;895.3243531970049;operator;False
Q12_134_seed_1091136123;24580;Gather Merge;1;Outer;1004.547;1011.373;1109.221519954087;1111.8355325766859;operator;False
Q12_134_seed_1091136123;24579;Aggregate;0;;1004.927;1011.392;903.6187297395461;919.0804139274637;operator;False
