query_file;node_id;node_type;depth;parent_relationship;actual_startup_time;actual_total_time;predicted_startup_time;predicted_total_time;prediction_type;is_leaf
Q12_30_seed_237916899;24836;Seq Scan;5;Outer;9.772;851.695;1.6088759824966052;745.1965828388304;operator;True
Q12_30_seed_237916899;24837;Index Scan;5;Inner;0.025;0.025;0.12456619013031595;0.07187872145217966;operator;True
Q12_30_seed_237916899;24835;Nested Loop;4;Outer;10.313;981.645;38.318084142897504;1127.4164508951803;operator;False
Q12_30_seed_237916899;24834;Sort;3;Outer;982.536;982.634;1092.4204992936939;1092.8336707307114;operator;False
Q12_30_seed_237916899;24833;Aggregate;2;Outer;982.92;983.238;868.9123497500836;895.279953174035;operator;False
Q12_30_seed_237916899;24832;Gather Merge;1;Outer;996.44;1001.133;1109.2251061958423;1111.839298584828;operator;False
Q12_30_seed_237916899;24831;Aggregate;0;;996.813;1001.149;903.5442653349787;919.0335576543876;operator;False
