metric;value;percentage
mean_mre;0.11302273865495246;11.302273865495247
