metric;value;percentage
mean_mre;0.6357503052420891;63.575030524208906
