query_file;node_id;node_type;depth;parent_relationship;actual_startup_time;actual_total_time;predicted_startup_time;predicted_total_time;prediction_type;is_leaf
Q3_104_seed_845015193;4399;Seq Scan;7;Outer;5.038;29.145;0.2620264914759458;38.52930414801136;operator;True
Q3_104_seed_845015193;4397;Seq Scan;6;Outer;0.637;158.069;0.29186895226615794;163.54993874919555;operator;True
Q3_104_seed_845015193;4398;Hash;6;Inner;29.839;29.839;17.74448016347796;17.74502142717205;operator;False
Q3_104_seed_845015193;4396;Hash Join;5;Outer;31.316;211.262;27.261739916765023;231.27622623621335;operator;False
Q3_104_seed_845015193;4400;Index Scan;5;Inner;0.025;0.025;0.05839675190218198;-0.5180651256505655;operator;True
Q3_104_seed_845015193;4395;Nested Loop;4;Outer;32.466;1145.716;122.20469394236204;1193.526414438224;operator;False
Q3_104_seed_845015193;4391;Limit;0;;1179.729;1181.774;1150.4215258393435;1151.1750258393436;pattern;
