query_file;node_id;node_type;depth;parent_relationship;actual_startup_time;actual_total_time;predicted_startup_time;predicted_total_time;prediction_type;is_leaf
Q3_20_seed_155876589;4979;Seq Scan;7;Outer;4.678;28.942;0.2637634289738302;38.60321669875583;operator;True
Q3_20_seed_155876589;4976;Hash Join;5;Outer;30.153;208.367;29.720325015459068;242.4569698475063;pattern;
Q3_20_seed_155876589;4980;Index Scan;5;Inner;0.026;0.026;0.05839675190218198;-0.5180651256505655;operator;True
Q3_20_seed_155876589;4975;Nested Loop;4;Outer;32.223;1161.627;121.7388955912599;1192.9686898727457;operator;False
Q3_20_seed_155876589;4971;Limit;0;;1196.002;1199.865;1150.4215262021817;1151.1750262021817;pattern;
