query_file;node_id;node_type;depth;parent_relationship;actual_startup_time;actual_total_time;predicted_startup_time;predicted_total_time;prediction_type;is_leaf
Q12_7_seed_49224186;25213;Nested Loop;4;Outer;10.47;974.25;10.431582973786393;976.0965953179129;pattern;
Q12_7_seed_49224186;25212;Sort;3;Outer;975.128;975.237;1049.8297136430083;1050.811219509223;operator;False
Q12_7_seed_49224186;25211;Aggregate;2;Outer;975.573;975.914;925.952547542696;940.6360982734086;operator;False
Q12_7_seed_49224186;25209;Aggregate;0;;990.043;995.281;1022.9225001109954;1027.047681707782;pattern;
