query_file;node_id;node_type;depth;parent_relationship;actual_startup_time;actual_total_time;predicted_startup_time;predicted_total_time;prediction_type;is_leaf
Q13_16_seed_123060465;25775;Index Only Scan;5;Outer;0.009;10.192;0.0;0.0;operator;True
Q13_16_seed_123060465;25772;Hash Join;3;Outer;16.064;710.881;157.70259903466655;470.31115147873436;pattern;
Q13_16_seed_123060465;25771;Aggregate;2;Outer;910.469;918.155;908.3070434320904;999.1466649814563;operator;False
Q13_16_seed_123060465;25769;Sort;0;;924.265;924.274;1078.6913000656516;1079.9261744549826;pattern;
