iteration;pattern_hash;pattern_string;error_score;new_mre;delta;status;mre_after
0;1d35fb978b379d4a820897907e56ab7b;Sort -> Aggregate (Outer);13.153769402935675;;;SKIPPED_LOW_ERROR;0.051175480278649044
1;2724c08067c017e6455632f46231780c;Aggregate -> Gather Merge (Outer);5.8408747788840145;;;SKIPPED_LOW_ERROR;0.051175480278649044
2;3e2d5a00246ff56483c16003698d4917;Sort -> Hash Join (Outer);4.8997055960018585;;;SKIPPED_LOW_ERROR;0.051175480278649044
3;e296a71f830144e9c017d1502a6dcc01;Limit -> Sort (Outer);0.7658986278189686;;;SKIPPED_LOW_ERROR;0.051175480278649044
4;895c6e8c1a30a094329d71cef3111fbd;Hash Join -> [Seq Scan (Outer), Hash (Inner)];62416.657067115964;0.05114776879131161;2.7711487337434004e-05;ACCEPTED;0.05114776879131161
5;7bcfec2259bf8f077d86cc017740ebd6;Limit -> Sort -> Aggregate (Outer) (Outer);0.7658986278189686;;;SKIPPED_LOW_ERROR;0.05114776879131161
6;ddb1e0cae6d1724880dfc741b2555585;Sort -> Aggregate -> Gather Merge (Outer) (Outer);0.37063426929898136;;;SKIPPED_LOW_ERROR;0.05114776879131161
