query_file;node_id;node_type;depth;parent_relationship;actual_startup_time;actual_total_time;predicted_startup_time;predicted_total_time;prediction_type;is_leaf
Q7_111_seed_902443410;10725;Hash Join;7;Outer;0.196;37.637;37.617349447730206;429.3830087422621;pattern;
Q7_111_seed_902443410;10722;Hash Join;5;Outer;38.266;219.329;39.638535265155625;304.8909869868012;pattern;
Q7_111_seed_902443410;10729;Index Scan;5;Inner;0.032;0.033;0.03941894583458616;0.9628515547403396;operator;True
Q7_111_seed_902443410;10731;Hash Join;5;Outer;0.171;3.12;37.61603003805647;429.3628282798292;pattern;
Q7_111_seed_902443410;10721;Nested Loop;4;Outer;38.685;1226.344;173.4013251715467;1215.9932441105188;operator;False
Q7_111_seed_902443410;10730;Hash;4;Inner;3.174;3.174;27.742268811544875;27.74323152040685;operator;False
Q7_111_seed_902443410;10720;Hash Join;3;Outer;43.412;1233.312;124.68849509864765;843.1103148833878;operator;False
Q7_111_seed_902443410;10719;Sort;2;Outer;1233.915;1233.944;1107.6640382246896;1109.1567501899126;operator;False
Q7_111_seed_902443410;10717;Aggregate;0;;1237.727;1242.214;1159.5364464121913;1163.1290541267842;pattern;
