query_file;node_id;node_type;depth;parent_relationship;actual_startup_time;actual_total_time;predicted_startup_time;predicted_total_time;prediction_type;is_leaf
Q3_32_seed_254324961;5109;Seq Scan;7;Outer;4.825;26.183;0.26298146372291775;38.56986712631601;operator;True
Q3_32_seed_254324961;5107;Seq Scan;6;Outer;0.259;154.714;0.29180193754270833;163.52295176883234;operator;True
Q3_32_seed_254324961;5108;Hash;6;Inner;26.92;26.92;17.746020687919298;17.746561398818073;operator;False
Q3_32_seed_254324961;5106;Hash Join;5;Outer;27.673;204.816;27.26784990541401;231.16610993855488;operator;False
Q3_32_seed_254324961;5110;Index Scan;5;Inner;0.025;0.026;0.05839675190218198;-0.5180651256505655;operator;True
Q3_32_seed_254324961;5105;Nested Loop;4;Outer;29.441;1146.943;121.93007604116994;1193.231034836421;operator;False
Q3_32_seed_254324961;5101;Limit;0;;1182.578;1183.89;1150.4215260140768;1151.1750260140768;pattern;
