query_file;node_id;node_type;depth;parent_relationship;actual_startup_time;actual_total_time;predicted_startup_time;predicted_total_time;prediction_type;is_leaf
Q3_109_seed_886035348;4449;Seq Scan;7;Outer;4.46;28.624;0.3533309761599046;36.65735975449229;operator;True
Q3_109_seed_886035348;4447;Seq Scan;6;Outer;0.13;155.862;0.29684528242339114;162.2986912301939;operator;True
Q3_109_seed_886035348;4448;Hash;6;Inner;29.506;29.507;17.513650747437197;17.51334089710457;operator;False
Q3_109_seed_886035348;4446;Hash Join;5;Outer;31.79;211.27;29.101114312753793;231.7137531037581;operator;False
Q3_109_seed_886035348;4450;Index Scan;5;Inner;0.026;0.026;0.056250765173245454;-0.018536695684687743;operator;True
Q3_109_seed_886035348;4445;Nested Loop;4;Outer;32.583;1169.649;30.95350725149595;1122.5847547702863;operator;False
Q3_109_seed_886035348;4441;Limit;0;;1202.034;1204.947;1194.1190381275865;1196.0179637057481;pattern;
