query_file;node_id;node_type;depth;parent_relationship;actual_startup_time;actual_total_time;predicted_startup_time;predicted_total_time;prediction_type;is_leaf
Q12_96_seed_779382945;25340;Seq Scan;5;Outer;10.303;853.617;3.975530139018765;750.4578655138648;operator;True
Q12_96_seed_779382945;25341;Index Scan;5;Inner;0.026;0.026;0.02578304839054807;-0.01647583438285949;operator;True
Q12_96_seed_779382945;25339;Nested Loop;4;Outer;10.828;988.098;21.285365042783184;1101.3154523915837;operator;False
Q12_96_seed_779382945;25338;Sort;3;Outer;988.976;989.077;1057.1149804575778;1058.107598469823;operator;False
Q12_96_seed_779382945;25337;Aggregate;2;Outer;989.36;989.698;927.0277948241728;941.9596864187698;operator;False
Q12_96_seed_779382945;25335;Aggregate;0;;1003.971;1009.793;1022.9225245680304;1027.0476957759413;pattern;
