query_file;node_id;node_type;depth;parent_relationship;actual_startup_time;actual_total_time;predicted_startup_time;predicted_total_time;prediction_type;is_leaf
Q5_117_seed_951667596;7277;Seq Scan;13;Outer;0.408;0.408;0.11847516521860801;21.38994919585383;operator;True
Q5_117_seed_951667596;7275;Seq Scan;12;Outer;0.008;0.009;-0.015167767241809571;10.494725911870546;operator;True
Q5_117_seed_951667596;7276;Hash;12;Inner;0.41;0.41;16.01535370121718;16.014912333363355;operator;False
Q5_117_seed_951667596;7261;Sort;0;;1066.551;1068.377;1068.7921496040772;1070.4425758730333;pattern;
