query_file;node_id;node_type;depth;parent_relationship;actual_startup_time;actual_total_time;predicted_startup_time;predicted_total_time;prediction_type;is_leaf
Q1_7_seed_49224186;640;Seq Scan;4;Outer;7.856;510.468;0.8500426438495499;680.3007882627949;operator;True
Q1_7_seed_49224186;638;Sort;2;Outer;920.874;920.874;1196.397480034604;1200.4933448009026;pattern;
Q1_7_seed_49224186;637;Gather Merge;1;Outer;931.728;937.768;1161.7811126157105;1165.904787525648;operator;False
Q1_7_seed_49224186;636;Aggregate;0;;931.747;937.805;1149.90414477662;1195.8841797109808;operator;False
