query_file;node_id;node_type;depth;parent_relationship;actual_startup_time;actual_total_time;predicted_startup_time;predicted_total_time;prediction_type;is_leaf
Q12_135_seed_1099340154;24591;Seq Scan;5;Outer;10.234;850.991;1.6083221988740206;745.1923317662073;operator;True
Q12_135_seed_1099340154;24592;Index Scan;5;Inner;0.026;0.026;0.12456619013031595;0.07187872145217966;operator;True
Q12_135_seed_1099340154;24590;Nested Loop;4;Outer;10.716;984.755;38.32696062905154;1127.4092548197286;operator;False
Q12_135_seed_1099340154;24589;Sort;3;Outer;985.577;985.678;1092.3947888566074;1092.8077716075622;operator;False
Q12_135_seed_1099340154;24588;Aggregate;2;Outer;985.958;986.309;868.9673658271353;895.3135836558678;operator;False
Q12_135_seed_1099340154;24587;Gather Merge;1;Outer;999.099;1005.337;1109.2223864621087;1111.8364426276394;operator;False
Q12_135_seed_1099340154;24586;Aggregate;0;;999.582;1005.366;903.6006867597246;919.0690540375348;operator;False
