query_file;node_id;node_type;depth;parent_relationship;actual_startup_time;actual_total_time;predicted_startup_time;predicted_total_time;prediction_type;is_leaf
Q3_111_seed_902443410;4479;Seq Scan;7;Outer;4.756;28.937;0.35460589967521594;36.72162364313408;operator;True
Q3_111_seed_902443410;4476;Hash Join;5;Outer;30.094;208.511;29.96988959907013;256.3102527287591;pattern;
Q3_111_seed_902443410;4480;Index Scan;5;Inner;0.026;0.026;0.056250765173245454;-0.018536695684687743;operator;True
Q3_111_seed_902443410;4475;Nested Loop;4;Outer;32.275;1151.786;30.31891298588843;1121.641955996813;operator;False
Q3_111_seed_902443410;4471;Limit;0;;1185.916;1186.839;1193.8927628714027;1195.7857531438215;pattern;
