query_file;node_id;node_type;depth;parent_relationship;actual_startup_time;actual_total_time;predicted_startup_time;predicted_total_time;prediction_type;is_leaf
Q7_60_seed_484037829;12417;Hash Join;7;Outer;0.435;36.374;37.617349447730206;429.3830087422621;pattern;
Q7_60_seed_484037829;12414;Hash Join;5;Outer;39.058;216.926;39.638535265155625;304.8909869868012;pattern;
Q7_60_seed_484037829;12421;Index Scan;5;Inner;0.031;0.031;0.03941894583458616;0.9628515547403396;operator;True
Q7_60_seed_484037829;12423;Hash Join;5;Outer;0.103;3.296;37.61603003805647;429.3628282798292;pattern;
Q7_60_seed_484037829;12413;Nested Loop;4;Outer;39.182;1165.068;173.4013251715467;1215.9932441105188;operator;False
Q7_60_seed_484037829;12422;Hash;4;Inner;3.338;3.338;27.742268811544875;27.74323152040685;operator;False
Q7_60_seed_484037829;12412;Hash Join;3;Outer;44.903;1172.104;124.68849509864765;843.1103148833878;operator;False
Q7_60_seed_484037829;12411;Sort;2;Outer;1172.692;1172.72;1107.6640382246896;1109.1567501899126;operator;False
Q7_60_seed_484037829;12409;Aggregate;0;;1175.655;1179.221;1159.5364464121913;1163.1290541267842;pattern;
