query_file;node_id;node_type;depth;parent_relationship;actual_startup_time;actual_total_time;predicted_startup_time;predicted_total_time;prediction_type;is_leaf
Q8_124_seed_1009095813;13810;Seq Scan;10;Outer;0.015;31.289;0.27610590718633166;24.87346631481978;operator;True
Q8_124_seed_1009095813;13811;Hash;10;Inner;0.084;0.084;0.19455457104402996;0.195299517027415;pattern;
Q8_124_seed_1009095813;13818;Seq Scan;7;Outer;0.246;41.0;0.42401411817968615;44.48781835989311;operator;True
Q8_124_seed_1009095813;13805;Nested Loop;6;Outer;34.795;1168.092;37.6417632564794;1155.057519186467;pattern;
Q8_124_seed_1009095813;13817;Hash;6;Inner;41.156;41.156;17.764884459869307;17.7644495788727;operator;False
Q8_124_seed_1009095813;13804;Hash Join;5;Outer;80.375;1215.744;78.67074852825498;1042.8655214285309;operator;False
Q8_124_seed_1009095813;13819;Index Scan;5;Inner;0.006;0.006;0.005987109893472176;0.051211396152496036;operator;True
Q8_124_seed_1009095813;13821;Seq Scan;5;Outer;0.011;0.012;0.06128368059525324;7.194474264237783;operator;True
Q8_124_seed_1009095813;13799;Aggregate;0;;1223.144;1225.675;1219.165170992492;1220.528286069695;pattern;
