query_file;node_id;node_type;depth;parent_relationship;actual_startup_time;actual_total_time;predicted_startup_time;predicted_total_time;prediction_type;is_leaf
Q19_150_seed_1231235959;31611;Seq Scan;5;Outer;13.185;43.766;1.134652923187665;23.7627246256572;operator;True
Q19_150_seed_1231235959;31609;Seq Scan;4;Outer;0.657;758.822;7.828472417648041;743.4590536793107;operator;True
Q19_150_seed_1231235959;31610;Hash;4;Inner;43.899;43.9;8.284651686013888;8.28521271466019;operator;False
Q19_150_seed_1231235959;31605;Aggregate;0;;819.681;825.379;824.2553804311813;829.3006865587791;pattern;
