query_file;node_id;node_type;depth;parent_relationship;actual_startup_time;actual_total_time;predicted_startup_time;predicted_total_time;prediction_type;is_leaf
Q7_68_seed_549670077;12561;Hash Join;7;Outer;0.251;36.274;37.617349447730206;429.3830087422621;pattern;
Q7_68_seed_549670077;12558;Hash Join;5;Outer;37.563;213.48;39.638535265155625;304.8909869868012;pattern;
Q7_68_seed_549670077;12565;Index Scan;5;Inner;0.032;0.032;0.03941894583458616;0.9628515547403396;operator;True
Q7_68_seed_549670077;12567;Hash Join;5;Outer;0.181;3.025;37.61603003805647;429.3628282798292;pattern;
Q7_68_seed_549670077;12557;Nested Loop;4;Outer;38.14;1176.951;173.4013251715467;1215.9932441105188;operator;False
Q7_68_seed_549670077;12566;Hash;4;Inner;3.089;3.09;27.742268811544875;27.74323152040685;operator;False
Q7_68_seed_549670077;12556;Hash Join;3;Outer;43.697;1184.013;124.68849509864765;843.1103148833878;operator;False
Q7_68_seed_549670077;12555;Sort;2;Outer;1184.608;1184.638;1107.6640382246896;1109.1567501899126;operator;False
Q7_68_seed_549670077;12553;Aggregate;0;;1187.957;1191.496;1159.5364464121913;1163.1290541267842;pattern;
