phase;pct_start;pct_end;iter_start;iter_end;iterations_needed;mre_at_start;mre_at_end
1;0;25;0;60;60;0.2297;0.087892
2;25;50;60;60;0;0.087892;0.087892
3;50;75;60;60;0;0.087892;0.087892
4;75;90;60;71;11;0.087892;0.061746
5;90;100;71;192;121;0.061746;0.061712
