query_file;node_id;node_type;depth;parent_relationship;actual_startup_time;actual_total_time;predicted_startup_time;predicted_total_time;prediction_type;is_leaf
Q10_71_seed_574282170;20911;Seq Scan;7;Outer;0.28;166.994;0.1548399441533952;162.02851421909855;operator;True
Q10_71_seed_574282170;20912;Index Scan;7;Inner;0.059;0.062;0.05625079917085618;-0.018287939418016208;operator;True
Q10_71_seed_574282170;20914;Seq Scan;7;Outer;0.119;27.056;0.05651506454806987;29.688464842761107;operator;True
Q10_71_seed_574282170;20916;Seq Scan;6;Outer;0.01;0.011;0.06128368059525324;7.194474264237783;operator;True
Q10_71_seed_574282170;20909;Hash Join;5;Outer;36.297;1103.406;37.516355254584546;1101.7370968113262;pattern;
Q10_71_seed_574282170;20915;Hash;5;Inner;0.015;0.015;14.539339481092867;14.53971731681122;operator;False
Q10_71_seed_574282170;20908;Hash Join;4;Outer;36.395;1106.3;39.29644239149813;1087.3394023910078;operator;False
Q10_71_seed_574282170;20904;Limit;0;;1155.061;1155.837;1153.965760148906;1154.795379955837;pattern;
