query_file;node_id;node_type;depth;parent_relationship;actual_startup_time;actual_total_time;predicted_startup_time;predicted_total_time;prediction_type;is_leaf
Q3_124_seed_1009095813;4619;Seq Scan;7;Outer;4.836;29.256;0.2620264914759458;38.52930414801136;operator;True
Q3_124_seed_1009095813;4617;Seq Scan;6;Outer;0.284;153.272;0.2914377746000092;163.37887015757894;operator;True
Q3_124_seed_1009095813;4618;Hash;6;Inner;30.984;30.984;17.74448016347796;17.74502142717205;operator;False
Q3_124_seed_1009095813;4616;Hash Join;5;Outer;31.562;207.085;27.185322501385215;230.78792388523755;operator;False
Q3_124_seed_1009095813;4620;Index Scan;5;Inner;0.026;0.026;0.05839675190218198;-0.5180651256505655;operator;True
Q3_124_seed_1009095813;4615;Nested Loop;4;Outer;32.369;1159.221;121.88628110713542;1193.2078756294954;operator;False
Q3_124_seed_1009095813;4611;Limit;0;;1194.935;1196.418;1150.421525864797;1151.1750258647971;pattern;
