query_count;mean_actual_ms;mean_predicted_ms;mean_mre;std_mre;mean_mre_pct
150;1237.895769746004;1183.6513576617592;0.04323947155133054;0.02332849825957985;4.3239471551330535
