query_file;node_id;node_type;depth;parent_relationship;actual_startup_time;actual_total_time;predicted_startup_time;predicted_total_time;prediction_type;is_leaf
Q12_88_seed_713750697;25277;Seq Scan;5;Outer;9.953;835.182;1.6083019385861572;745.1921761817782;operator;True
Q12_88_seed_713750697;25278;Index Scan;5;Inner;0.027;0.027;0.12456619013031595;0.07187872145217966;operator;True
Q12_88_seed_713750697;25276;Nested Loop;4;Outer;10.421;977.097;38.32724808003533;1127.4089710075755;operator;False
Q12_88_seed_713750697;25275;Sort;3;Outer;978.012;978.118;1092.3937764822285;1092.8067516016695;operator;False
Q12_88_seed_713750697;25274;Aggregate;2;Outer;978.4;978.754;868.9695546510563;895.3149244309343;operator;False
Q12_88_seed_713750697;25273;Gather Merge;1;Outer;995.605;998.191;1109.2222788361537;1111.8363295930524;operator;False
Q12_88_seed_713750697;25272;Aggregate;0;;995.982;998.216;903.6029278890494;919.0704649585109;operator;False
