query_file;node_id;node_type;depth;parent_relationship;actual_startup_time;actual_total_time;predicted_startup_time;predicted_total_time;prediction_type;is_leaf
Q1_48_seed_385589457;465;Seq Scan;4;Outer;8.566;564.149;0.8518693173857228;679.1947262320327;operator;True
Q1_48_seed_385589457;463;Sort;2;Outer;982.305;982.306;1196.689602029172;1200.7846422298376;pattern;
Q1_48_seed_385589457;462;Gather Merge;1;Outer;995.628;1001.561;1161.8028148233334;1165.9270422531192;operator;False
Q1_48_seed_385589457;461;Aggregate;0;;995.661;1001.616;1149.9280498104333;1195.9603752905703;operator;False
