query_file;node_id;node_type;depth;parent_relationship;actual_startup_time;actual_total_time;predicted_startup_time;predicted_total_time;prediction_type;is_leaf
Q3_55_seed_443017674;5359;Seq Scan;7;Outer;4.957;26.714;0.2620264914759458;38.52930414801136;operator;True
Q3_55_seed_443017674;5356;Hash Join;5;Outer;27.757;210.037;29.76344989812594;242.4920690733063;pattern;
Q3_55_seed_443017674;5360;Index Scan;5;Inner;0.027;0.027;0.05839675190218198;-0.5180651256505655;operator;True
Q3_55_seed_443017674;5355;Nested Loop;4;Outer;28.263;1195.747;121.84267943610644;1193.1107058745984;operator;False
Q3_55_seed_443017674;5351;Limit;0;;1232.81;1234.825;1150.4215258611634;1151.1750258611635;pattern;
