query_file;node_id;node_type;depth;parent_relationship;actual_startup_time;actual_total_time;predicted_startup_time;predicted_total_time;prediction_type;is_leaf
Q4_43_seed_344569302;6465;Seq Scan;5;Outer;0.096;162.986;0.9383582420601986;154.66282204861983;operator;True
Q4_43_seed_344569302;6466;Index Scan;5;Inner;0.061;0.061;-0.0035403096654575417;11.104355266288522;operator;True
Q4_43_seed_344569302;6464;Nested Loop;4;Outer;0.366;1041.085;199.80203399293853;1255.4487969298648;operator;False
Q4_43_seed_344569302;6460;Aggregate;0;;1045.99;1047.477;946.3724041557311;952.1882127354145;pattern;
