query_file;node_id;node_type;depth;parent_relationship;actual_startup_time;actual_total_time;predicted_startup_time;predicted_total_time;prediction_type;is_leaf
Q7_7_seed_49224186;12804;Seq Scan;7;Outer;0.009;0.011;0.057510053765475355;7.1959461692964055;operator;True
Q7_7_seed_49224186;12793;Seq Scan;6;Outer;0.085;150.546;0.17165698011059138;192.19189190052919;operator;True
Q7_7_seed_49224186;12794;Hash;6;Inner;35.594;35.595;35.59041974959206;35.59136215845007;pattern;
Q7_7_seed_49224186;12802;Seq Scan;6;Outer;0.086;2.045;0.0355295538972451;10.6167639219301;operator;True
Q7_7_seed_49224186;12803;Hash;6;Inner;0.013;0.013;14.536786179837549;14.537163827824884;operator;False
Q7_7_seed_49224186;12787;Aggregate;0;;1199.286;1206.964;1196.627;1200.903;pattern;
