query_file;node_id;node_type;depth;parent_relationship;actual_startup_time;actual_total_time;predicted_startup_time;predicted_total_time;prediction_type;is_leaf
Q1_18_seed_139468527;300;Seq Scan;4;Outer;8.539;563.472;0.8500426438495499;680.3007882627949;operator;True
Q1_18_seed_139468527;299;Aggregate;3;Outer;968.581;968.585;1037.4028352487016;1112.8868494105334;operator;False
Q1_18_seed_139468527;298;Sort;2;Outer;968.619;968.62;1180.9666907707694;1182.0363375126478;operator;False
Q1_18_seed_139468527;297;Gather Merge;1;Outer;983.178;988.789;1161.4594674226114;1165.5840751311866;operator;False
Q1_18_seed_139468527;296;Aggregate;0;;983.212;988.838;1149.8686459500873;1195.8385608871547;operator;False
