query_file;node_id;node_type;depth;parent_relationship;actual_startup_time;actual_total_time;predicted_startup_time;predicted_total_time;prediction_type;is_leaf
Q7_69_seed_557874108;12579;Hash Join;7;Outer;0.173;31.585;37.617349447730206;429.3830087422621;pattern;
Q7_69_seed_557874108;12576;Hash Join;5;Outer;33.168;206.576;39.638535265155625;304.8909869868012;pattern;
Q7_69_seed_557874108;12583;Index Scan;5;Inner;0.031;0.032;0.03941894583458616;0.9628515547403396;operator;True
Q7_69_seed_557874108;12585;Hash Join;5;Outer;0.107;3.902;37.61603003805647;429.3628282798292;pattern;
Q7_69_seed_557874108;12575;Nested Loop;4;Outer;33.524;1170.716;173.4013251715467;1215.9932441105188;operator;False
Q7_69_seed_557874108;12584;Hash;4;Inner;3.949;3.95;27.742268811544875;27.74323152040685;operator;False
Q7_69_seed_557874108;12574;Hash Join;3;Outer;38.413;1178.581;124.68849509864765;843.1103148833878;operator;False
Q7_69_seed_557874108;12573;Sort;2;Outer;1179.226;1179.259;1107.6640382246896;1109.1567501899126;operator;False
Q7_69_seed_557874108;12571;Aggregate;0;;1181.879;1186.327;1159.5364464121913;1163.1290541267842;pattern;
