query_file;node_id;node_type;depth;parent_relationship;actual_startup_time;actual_total_time;predicted_startup_time;predicted_total_time;prediction_type;is_leaf
Q7_72_seed_582486201;12651;Hash Join;7;Outer;0.542;37.589;37.617349447730206;429.3830087422621;pattern;
Q7_72_seed_582486201;12648;Hash Join;5;Outer;39.192;214.932;39.638535265155625;304.8909869868012;pattern;
Q7_72_seed_582486201;12655;Index Scan;5;Inner;0.031;0.032;0.03941894583458616;0.9628515547403396;operator;True
Q7_72_seed_582486201;12657;Hash Join;5;Outer;0.109;3.447;37.61603003805647;429.3628282798292;pattern;
Q7_72_seed_582486201;12647;Nested Loop;4;Outer;39.714;1185.616;173.4013251715467;1215.9932441105188;operator;False
Q7_72_seed_582486201;12656;Hash;4;Inner;3.494;3.495;27.742268811544875;27.74323152040685;operator;False
Q7_72_seed_582486201;12646;Hash Join;3;Outer;44.423;1192.983;124.68849509864765;843.1103148833878;operator;False
Q7_72_seed_582486201;12645;Sort;2;Outer;1193.608;1193.639;1107.6640382246896;1109.1567501899126;operator;False
Q7_72_seed_582486201;12643;Aggregate;0;;1196.52;1200.225;1159.5364464121913;1163.1290541267842;pattern;
