query_file;node_id;node_type;depth;parent_relationship;actual_startup_time;actual_total_time;predicted_startup_time;predicted_total_time;prediction_type;is_leaf
Q3_127_seed_1033707906;4649;Seq Scan;7;Outer;4.611;29.581;0.3538984930471618;36.68588102916459;operator;True
Q3_127_seed_1033707906;4646;Hash Join;5;Outer;32.068;211.022;29.974534263560628;256.34209173341657;pattern;
Q3_127_seed_1033707906;4650;Index Scan;5;Inner;0.026;0.026;0.056250765173245454;-0.018536695684687743;operator;True
Q3_127_seed_1033707906;4645;Nested Loop;4;Outer;34.538;1151.354;30.65462124721975;1122.0314593693772;operator;False
Q3_127_seed_1033707906;4641;Limit;0;;1184.961;1186.701;1194.0172460377182;1195.9134990660834;pattern;
