query_file;node_id;node_type;depth;parent_relationship;actual_startup_time;actual_total_time;predicted_startup_time;predicted_total_time;prediction_type;is_leaf
Q3_58_seed_467629767;5389;Seq Scan;7;Outer;4.909;29.68;0.26221760492631097;38.5374073235966;operator;True
Q3_58_seed_467629767;5387;Seq Scan;6;Outer;0.294;157.818;0.29091019563806686;163.17747753912477;operator;True
Q3_58_seed_467629767;5388;Hash;6;Inner;30.402;30.402;17.744785923081054;17.745327076220036;operator;False
Q3_58_seed_467629767;5386;Hash Join;5;Outer;30.817;210.639;27.098956397502576;230.20685538950477;operator;False
Q3_58_seed_467629767;5390;Index Scan;5;Inner;0.026;0.026;0.05839675190218198;-0.5180651256505655;operator;True
Q3_58_seed_467629767;5385;Nested Loop;4;Outer;31.444;1159.991;121.46574453237233;1192.7835256162248;operator;False
Q3_58_seed_467629767;5381;Limit;0;;1194.003;1199.311;1150.421525908887;1151.175025908887;pattern;
