query_file;node_id;node_type;depth;parent_relationship;actual_startup_time;actual_total_time;predicted_startup_time;predicted_total_time;prediction_type;is_leaf
Q19_93_seed_754770852;32220;Seq Scan;5;Outer;13.332;48.549;1.1346295599720917;23.76309079941393;operator;True
Q19_93_seed_754770852;32218;Seq Scan;4;Outer;0.803;701.121;7.8285176729706665;743.4597621461382;operator;True
Q19_93_seed_754770852;32219;Hash;4;Inner;48.623;48.623;8.284648716106773;8.285209791672713;operator;False
Q19_93_seed_754770852;32217;Hash Join;3;Outer;92.486;751.304;60.26029876488175;766.057488436478;operator;False
Q19_93_seed_754770852;32214;Aggregate;0;;765.478;770.515;825.7345152624874;831.1997729501559;pattern;
