query_file;node_id;node_type;depth;parent_relationship;actual_startup_time;actual_total_time;predicted_startup_time;predicted_total_time;prediction_type;is_leaf
Q1_144_seed_1173176433;245;Seq Scan;4;Outer;8.406;491.706;0.8531074562659056;678.419270596889;operator;True
Q1_144_seed_1173176433;243;Sort;2;Outer;910.587;910.587;1196.8937990256297;1200.9882445119513;pattern;
Q1_144_seed_1173176433;242;Gather Merge;1;Outer;923.431;929.586;1161.8180230954968;1165.9426365204336;operator;False
Q1_144_seed_1173176433;241;Aggregate;0;;923.485;929.656;1149.9447651890928;1196.013717097222;operator;False
