query_file;node_id;node_type;depth;parent_relationship;actual_startup_time;actual_total_time;predicted_startup_time;predicted_total_time;prediction_type;is_leaf
Q18_39_seed_311753178;30144;Index Scan;11;Outer;0.08;2131.246;0.07840002060647741;219.99007701940465;operator;True
Q18_39_seed_311753178;30143;Aggregate;10;Outer;556.668;2629.954;946.7420652795311;1300.2141978658015;operator;False
Q18_39_seed_311753178;30140;Hash Join;8;Outer;2732.498;2867.865;276.92498344993373;688.8336598995999;pattern;
Q18_39_seed_311753178;30146;Seq Scan;8;Outer;0.025;53.596;0.09563123806324136;25.47059222001974;operator;True
Q18_39_seed_311753178;30139;Sort;7;Outer;2867.876;2867.878;1096.6068000643686;1098.1317670536107;operator;False
Q18_39_seed_311753178;30145;Sort;7;Inner;63.246;65.274;1014.2095935652225;1014.6022309830253;operator;False
Q18_39_seed_311753178;30132;Limit;0;;3059.559;3065.465;3043.076;3050.2394999999997;pattern;
