metric;value;percentage
mean_mre;0.031478999989012095;3.1478999989012095
