metric;value;percentage
mean_mre;0.02908033666988848;2.908033666988848
