metric;value;percentage
mean_mre;0.02374474715893217;2.374474715893217
