query_file;node_id;node_type;depth;parent_relationship;actual_startup_time;actual_total_time;predicted_startup_time;predicted_total_time;prediction_type;is_leaf
Q7_34_seed_270733023;11895;Hash Join;7;Outer;0.852;36.449;37.617349447730206;429.3830087422621;pattern;
Q7_34_seed_270733023;11892;Hash Join;5;Outer;37.906;216.123;39.638535265155625;304.8909869868012;pattern;
Q7_34_seed_270733023;11899;Index Scan;5;Inner;0.031;0.032;0.03941894583458616;0.9628515547403396;operator;True
Q7_34_seed_270733023;11901;Hash Join;5;Outer;0.108;2.795;37.61603003805647;429.3628282798292;pattern;
Q7_34_seed_270733023;11891;Nested Loop;4;Outer;39.536;1161.111;173.4013251715467;1215.9932441105188;operator;False
Q7_34_seed_270733023;11900;Hash;4;Inner;2.846;2.847;27.742268811544875;27.74323152040685;operator;False
Q7_34_seed_270733023;11890;Hash Join;3;Outer;43.811;1167.868;124.68849509864765;843.1103148833878;operator;False
Q7_34_seed_270733023;11889;Sort;2;Outer;1168.474;1168.506;1107.6640382246896;1109.1567501899126;operator;False
Q7_34_seed_270733023;11887;Aggregate;0;;1171.485;1175.231;1159.5364464121913;1163.1290541267842;pattern;
