query_file;node_id;node_type;depth;parent_relationship;actual_startup_time;actual_total_time;predicted_startup_time;predicted_total_time;prediction_type;is_leaf
Q4_133_seed_1082932092;6108;Seq Scan;5;Outer;0.107;160.305;0.2263026249171407;157.01994036172425;operator;True
Q4_133_seed_1082932092;6109;Index Scan;5;Inner;0.061;0.061;0.06139985317632074;0.3804338512087355;operator;True
Q4_133_seed_1082932092;6107;Nested Loop;4;Outer;1.146;1030.536;31.632119845768216;1106.9035787641856;operator;False
Q4_133_seed_1082932092;6105;Sort;2;Outer;1032.519;1032.52;1054.3730881203608;1055.5357113304126;pattern;
Q4_133_seed_1082932092;6104;Gather Merge;1;Outer;1034.704;1037.057;1109.4362348465193;1112.6825170831403;operator;False
Q4_133_seed_1082932092;6103;Aggregate;0;;1034.708;1037.062;1024.8744820648828;1021.9877185621513;operator;False
