query_file;node_id;node_type;depth;parent_relationship;actual_startup_time;actual_total_time;predicted_startup_time;predicted_total_time;prediction_type;is_leaf
Q12_92_seed_746566821;25312;Seq Scan;5;Outer;9.292;842.6;1.608423500418513;745.1931096275995;operator;True
Q12_92_seed_746566821;25313;Index Scan;5;Inner;0.026;0.026;0.12456619013031595;0.07187872145217966;operator;True
Q12_92_seed_746566821;25311;Nested Loop;4;Outer;9.744;981.597;38.32534822383488;1127.4105755952103;operator;False
Q12_92_seed_746566821;25310;Sort;3;Outer;982.446;982.551;1092.3995348685678;1092.8125525754144;operator;False
Q12_92_seed_746566821;25309;Aggregate;2;Outer;982.84;983.185;868.9571899168932;895.3073604027575;operator;False
Q12_92_seed_746566821;25308;Gather Merge;1;Outer;997.799;1003.298;1109.222888475777;1111.8369698394824;operator;False
Q12_92_seed_746566821;25307;Aggregate;0;;998.163;1003.31;903.5902464468468;919.0624823776191;operator;False
