query_file;node_id;node_type;depth;parent_relationship;actual_startup_time;actual_total_time;predicted_startup_time;predicted_total_time;prediction_type;is_leaf
Q3_96_seed_779382945;5809;Seq Scan;7;Outer;4.959;26.253;0.26290512072724725;38.566617753396486;operator;True
Q3_96_seed_779382945;5807;Seq Scan;6;Outer;0.352;155.754;0.29136645156716057;163.35114661595918;operator;True
Q3_96_seed_779382945;5808;Hash;6;Inner;26.862;26.862;17.745896367083304;17.746437122207624;operator;False
Q3_96_seed_779382945;5806;Hash Join;5;Outer;27.312;205.483;27.189625804788406;230.67848221786596;operator;False
Q3_96_seed_779382945;5810;Index Scan;5;Inner;0.027;0.027;0.05839675190218198;-0.5180651256505655;operator;True
Q3_96_seed_779382945;5805;Nested Loop;4;Outer;28.236;1178.489;121.6310246925776;1192.9332779399233;operator;False
Q3_96_seed_779382945;5801;Limit;0;;1213.451;1215.292;1150.4215260235037;1151.1750260235037;pattern;
