query_file;node_id;node_type;depth;parent_relationship;actual_startup_time;actual_total_time;predicted_startup_time;predicted_total_time;prediction_type;is_leaf
Q12_9_seed_65632248;25368;Seq Scan;5;Outer;10.001;829.704;1.6084437607498554;745.1932651877293;operator;True
Q12_9_seed_65632248;25369;Index Scan;5;Inner;0.027;0.027;0.12456619013031595;0.07187872145217966;operator;True
Q12_9_seed_65632248;25367;Nested Loop;4;Outer;10.456;971.584;38.32497110287861;1127.4108090323953;operator;False
Q12_9_seed_65632248;25366;Sort;3;Outer;972.384;972.487;1092.4003905925067;1092.8134143425273;operator;False
Q12_9_seed_65632248;25365;Aggregate;2;Outer;972.774;973.127;868.9553780347867;895.3062552288816;operator;False
Q12_9_seed_65632248;25364;Gather Merge;1;Outer;987.632;992.132;1109.2229776354884;1111.8370634704565;operator;False
Q12_9_seed_65632248;25363;Aggregate;0;;988.017;992.147;903.5883926071067;919.0613160774259;operator;False
