query_file;node_id;node_type;depth;parent_relationship;actual_startup_time;actual_total_time;predicted_startup_time;predicted_total_time;prediction_type;is_leaf
Q3_84_seed_680934573;5676;Hash Join;5;Outer;32.885;213.043;30.352452452120314;219.39875983541998;pattern;
Q3_84_seed_680934573;5680;Index Scan;5;Inner;0.027;0.027;0.056250765173245454;-0.018536695684687743;operator;True
Q3_84_seed_680934573;5675;Nested Loop;4;Outer;33.9;1182.085;30.368838385484736;1122.039339872275;operator;False
Q3_84_seed_680934573;5671;Limit;0;;1216.306;1218.913;1194.1352385299356;1196.0345830525596;pattern;
