query_file;node_id;node_type;depth;parent_relationship;actual_startup_time;actual_total_time;predicted_startup_time;predicted_total_time;prediction_type;is_leaf
Q3_117_seed_951667596;4539;Seq Scan;7;Outer;4.788;28.372;0.3538984930471618;36.68588102916459;operator;True
Q3_117_seed_951667596;4537;Seq Scan;6;Outer;0.286;153.231;0.2963396208523754;162.07698869711666;operator;True
Q3_117_seed_951667596;4538;Hash;6;Inner;28.957;28.957;17.512572887836342;17.512262259301508;operator;False
Q3_117_seed_951667596;4536;Hash Join;5;Outer;29.331;205.179;28.988051355559918;231.04806078844769;operator;False
Q3_117_seed_951667596;4540;Index Scan;5;Inner;0.026;0.026;0.056250765173245454;-0.018536695684687743;operator;True
Q3_117_seed_951667596;4535;Nested Loop;4;Outer;30.601;1156.593;29.611368121450624;1121.082757809247;operator;False
Q3_117_seed_951667596;4531;Limit;0;;1189.07;1191.081;1193.9916605672834;1195.88723669887;pattern;
