query_file;node_id;node_type;depth;parent_relationship;actual_startup_time;actual_total_time;predicted_startup_time;predicted_total_time;prediction_type;is_leaf
Q4_120_seed_976279689;6010;Seq Scan;5;Outer;0.147;164.765;0.9397089802710106;154.6682500543158;operator;True
Q4_120_seed_976279689;6011;Index Scan;5;Inner;0.063;0.063;-0.0035403041542552555;11.104364194386918;operator;True
Q4_120_seed_976279689;6009;Nested Loop;4;Outer;1.03;1034.394;199.80203399293853;1255.4487969298648;operator;False
Q4_120_seed_976279689;6005;Aggregate;0;;1040.082;1042.291;946.3724041557311;952.1882127354145;pattern;
