query_file;node_id;node_type;depth;parent_relationship;actual_startup_time;actual_total_time;predicted_startup_time;predicted_total_time;prediction_type;is_leaf
Q4_98_seed_795791007;6885;Seq Scan;5;Outer;0.234;167.054;0.9390967900906189;154.6657779969096;operator;True
Q4_98_seed_795791007;6886;Index Scan;5;Inner;0.063;0.063;-0.0035403069109492535;11.10435973033728;operator;True
Q4_98_seed_795791007;6884;Nested Loop;4;Outer;0.428;1056.454;199.80203399293853;1255.4487969298648;operator;False
Q4_98_seed_795791007;6880;Aggregate;0;;1062.236;1064.424;946.3724041557311;952.1882127354145;pattern;
