query_file;node_id;node_type;depth;parent_relationship;actual_startup_time;actual_total_time;predicted_startup_time;predicted_total_time;prediction_type;is_leaf
Q12_131_seed_1066524030;24563;Seq Scan;5;Outer;10.024;843.775;1.608572076296924;745.1942503077998;operator;True
Q12_131_seed_1066524030;24564;Index Scan;5;Inner;0.026;0.026;0.12456619013031595;0.07187872145217966;operator;True
Q12_131_seed_1066524030;24562;Nested Loop;4;Outer;10.531;979.152;38.32291477529142;1127.4124756434198;operator;False
Q12_131_seed_1066524030;24561;Sort;3;Outer;980.004;980.109;1092.4063615201726;1092.8194291309746;operator;False
Q12_131_seed_1066524030;24560;Aggregate;2;Outer;980.399;980.766;868.9425894718247;895.2984363591524;operator;False
Q12_131_seed_1066524030;24559;Gather Merge;1;Outer;992.998;999.545;1109.2236089477715;1111.8377264277824;operator;False
Q12_131_seed_1066524030;24558;Aggregate;0;;993.41;999.56;903.575285601169;919.0530685212666;operator;False
