query_file;node_id;node_type;depth;parent_relationship;actual_startup_time;actual_total_time;predicted_startup_time;predicted_total_time;prediction_type;is_leaf
Q3_99_seed_803995038;5839;Seq Scan;7;Outer;4.781;29.019;0.26221760492631097;38.5374073235966;operator;True
Q3_99_seed_803995038;5836;Hash Join;5;Outer;30.715;209.831;29.769996686761303;242.47648465394838;pattern;
Q3_99_seed_803995038;5840;Index Scan;5;Inner;0.026;0.026;0.05839675190218198;-0.5180651256505655;operator;True
Q3_99_seed_803995038;5835;Nested Loop;4;Outer;31.56;1160.06;121.76967530512667;1193.032742639301;operator;False
Q3_99_seed_803995038;5831;Limit;0;;1194.731;1200.192;1150.4215258967151;1151.1750258967152;pattern;
