query_file;node_id;node_type;depth;parent_relationship;actual_startup_time;actual_total_time;predicted_startup_time;predicted_total_time;prediction_type;is_leaf
Q3_143_seed_1164972402;4829;Seq Scan;7;Outer;5.338;28.293;0.26298146372291775;38.56986712631601;operator;True
Q3_143_seed_1164972402;4826;Hash Join;5;Outer;29.369;208.505;29.7744441989867;242.4364479368134;pattern;
Q3_143_seed_1164972402;4830;Index Scan;5;Inner;0.027;0.027;0.05839675190218198;-0.5180651256505655;operator;True
Q3_143_seed_1164972402;4825;Nested Loop;4;Outer;30.928;1175.568;121.595317410878;1192.839483403433;operator;False
Q3_143_seed_1164972402;4821;Limit;0;;1208.286;1211.669;1150.4215260511714;1151.1750260511715;pattern;
