query_file;node_id;node_type;depth;parent_relationship;actual_startup_time;actual_total_time;predicted_startup_time;predicted_total_time;prediction_type;is_leaf
Q3_79_seed_639914418;5619;Seq Scan;7;Outer;4.497;28.026;0.26221760492631097;38.5374073235966;operator;True
Q3_79_seed_639914418;5616;Hash Join;5;Outer;29.238;205.907;29.715540627053826;242.53369198182776;pattern;
Q3_79_seed_639914418;5620;Index Scan;5;Inner;0.026;0.026;0.05839675190218198;-0.5180651256505655;operator;True
Q3_79_seed_639914418;5615;Nested Loop;4;Outer;29.487;1166.835;122.0729350078447;1193.3392312256428;operator;False
Q3_79_seed_639914418;5611;Limit;0;;1201.216;1203.066;1150.4215258710967;1151.1750258710968;pattern;
