query_file;node_id;node_type;depth;parent_relationship;actual_startup_time;actual_total_time;predicted_startup_time;predicted_total_time;prediction_type;is_leaf
Q10_8_seed_57428217;21171;Seq Scan;7;Outer;0.276;161.454;-0.5496015194719472;159.7439388566807;operator;True
Q10_8_seed_57428217;21172;Index Scan;7;Inner;0.06;0.063;0.02647520731883883;-0.5182283063351463;operator;True
Q10_8_seed_57428217;21174;Seq Scan;7;Outer;0.214;29.7;-10.029480805383272;26.639726858412047;operator;True
Q10_8_seed_57428217;21176;Seq Scan;6;Outer;0.008;0.009;0.43638700067583747;6.9787036398299165;operator;True
Q10_8_seed_57428217;21169;Hash Join;5;Outer;38.296;1082.647;51.8596811653265;1120.1863001499391;pattern;
Q10_8_seed_57428217;21175;Hash;5;Inner;0.012;0.012;15.710003163406043;15.710773700000516;operator;False
Q10_8_seed_57428217;21168;Hash Join;4;Outer;38.366;1085.44;54.18538658562339;1095.4698662644257;operator;False
Q10_8_seed_57428217;21164;Limit;0;;1126.452;1127.207;1197.4162580478192;1199.4703591139319;pattern;
