query_file;node_id;node_type;depth;parent_relationship;actual_startup_time;actual_total_time;predicted_startup_time;predicted_total_time;prediction_type;is_leaf
Q13_78_seed_631710387;26251;Index Only Scan;5;Outer;0.01;9.962;0.0;0.0;operator;True
Q13_78_seed_631710387;26249;Seq Scan;4;Outer;0.254;472.233;-1.9573972347551463;264.1925409425301;operator;True
Q13_78_seed_631710387;26250;Hash;4;Inner;16.335;16.335;80.14603185435155;80.14700462784211;operator;False
Q13_78_seed_631710387;26248;Hash Join;3;Outer;16.783;692.802;145.01164067703996;787.8302068759015;operator;False
Q13_78_seed_631710387;26247;Aggregate;2;Outer;904.613;911.945;917.0178124207043;1014.3875217138225;operator;False
Q13_78_seed_631710387;26246;Aggregate;1;Outer;917.997;917.999;968.6999423050423;1000.3283401184681;operator;False
Q13_78_seed_631710387;26245;Sort;0;;918.018;918.02;1080.3914887596711;1081.9327597444683;operator;False
