query_file;node_id;node_type;depth;parent_relationship;actual_startup_time;actual_total_time;predicted_startup_time;predicted_total_time;prediction_type;is_leaf
Q13_53_seed_426609612;26062;Index Only Scan;5;Outer;0.01;10.097;0.0;0.0;operator;True
Q13_53_seed_426609612;26060;Seq Scan;4;Outer;0.226;485.15;-1.9318542525433196;263.9675220251799;operator;True
Q13_53_seed_426609612;26061;Hash;4;Inner;15.097;15.097;80.14603185435155;80.14700462784211;operator;False
Q13_53_seed_426609612;26059;Hash Join;3;Outer;15.529;695.073;145.01164067703996;787.8302068759015;operator;False
Q13_53_seed_426609612;26058;Aggregate;2;Outer;896.547;903.892;917.1070266701255;1013.7686666597517;operator;False
Q13_53_seed_426609612;26057;Aggregate;1;Outer;909.816;909.819;968.7224680770357;1000.3628875073614;operator;False
Q13_53_seed_426609612;26056;Sort;0;;909.835;909.836;1080.386817720128;1081.9279033678613;operator;False
