query_file;node_id;node_type;depth;parent_relationship;actual_startup_time;actual_total_time;predicted_startup_time;predicted_total_time;prediction_type;is_leaf
Q7_22_seed_172284651;11661;Hash Join;7;Outer;0.182;31.323;0.244988718307674;24.82128462146136;pattern;
Q7_22_seed_172284651;11658;Hash Join;5;Outer;32.847;208.308;37.16837594011375;260.16041393747275;pattern;
Q7_22_seed_172284651;11665;Index Scan;5;Inner;0.032;0.033;0.03861891685575192;0.08695394945135604;operator;True
Q7_22_seed_172284651;11667;Hash Join;5;Outer;0.102;3.086;0.15307644758142303;21.236310736734197;pattern;
Q7_22_seed_172284651;11657;Nested Loop;4;Outer;33.113;1173.755;42.24331911707124;1145.3730708220435;operator;False
Q7_22_seed_172284651;11666;Hash;4;Inner;3.136;3.137;14.938379238697365;14.938763777250472;operator;False
Q7_22_seed_172284651;11656;Hash Join;3;Outer;38.569;1180.565;43.42578054992339;1129.0568150886245;operator;False
Q7_22_seed_172284651;11655;Sort;2;Outer;1181.154;1181.183;1149.2180891709254;1149.813162537229;operator;False
Q7_22_seed_172284651;11653;Aggregate;0;;1184.515;1188.183;1184.0519011625388;1187.6479853732715;pattern;
