query_file;node_id;node_type;depth;parent_relationship;actual_startup_time;actual_total_time;predicted_startup_time;predicted_total_time;prediction_type;is_leaf
Q13_69_seed_557874108;26181;Index Only Scan;5;Outer;0.01;10.266;0.0;0.0;operator;True
Q13_69_seed_557874108;26179;Seq Scan;4;Outer;0.202;468.841;-1.9232554590505908;263.8911614072212;operator;True
Q13_69_seed_557874108;26180;Hash;4;Inner;16.01;16.01;80.14603185435155;80.14700462784211;operator;False
Q13_69_seed_557874108;26178;Hash Join;3;Outer;16.422;674.617;145.01164067703996;787.8302068759015;operator;False
Q13_69_seed_557874108;26177;Aggregate;2;Outer;871.241;878.946;917.1370598617707;1013.5631996062785;operator;False
Q13_69_seed_557874108;26176;Aggregate;1;Outer;884.951;884.954;968.7300537348915;1000.3745037436856;operator;False
Q13_69_seed_557874108;26175;Sort;0;;884.973;884.975;1080.3852732122373;1081.9262971179946;operator;False
