query_file;node_id;node_type;depth;parent_relationship;actual_startup_time;actual_total_time;predicted_startup_time;predicted_total_time;prediction_type;is_leaf
Q7_71_seed_574282170;12631;Seq Scan;6;Outer;0.197;152.476;0.17165698011059138;192.19189190052919;operator;True
Q7_71_seed_574282170;12632;Hash;6;Inner;36.318;36.32;35.59041974959206;35.59136215845007;pattern;
Q7_71_seed_574282170;12630;Hash Join;5;Outer;37.788;214.793;41.872272921538226;319.9010984494266;operator;False
Q7_71_seed_574282170;12637;Index Scan;5;Inner;0.031;0.032;0.03861891685575192;0.08695394945135604;operator;True
Q7_71_seed_574282170;12629;Nested Loop;4;Outer;38.884;1187.401;43.63052156289221;1145.8116182556264;operator;False
Q7_71_seed_574282170;12638;Hash;4;Inner;2.884;2.884;3.419225587680483;3.420219390564668;pattern;
Q7_71_seed_574282170;12628;Hash Join;3;Outer;42.705;1194.054;43.92602067967012;1130.4265305950305;operator;False
Q7_71_seed_574282170;12627;Sort;2;Outer;1194.659;1194.691;1149.2755057348375;1149.8710441917033;operator;False
Q7_71_seed_574282170;12625;Aggregate;0;;1197.976;1202.987;1184.0519011625388;1187.6479853732715;pattern;
