query_file;node_id;node_type;depth;parent_relationship;actual_startup_time;actual_total_time;predicted_startup_time;predicted_total_time;prediction_type;is_leaf
Q14_3_seed_16408062;27007;Seq Scan;5;Outer;7.864;37.852;1.2208188453329911;12.703852905744952;operator;True
Q14_3_seed_16408062;27005;Seq Scan;4;Outer;0.812;733.169;6.8170524809585;758.410378680427;operator;True
Q14_3_seed_16408062;27006;Hash;4;Inner;42.822;42.822;9.378350513673809;9.3794421988882;operator;False
Q14_3_seed_16408062;27004;Hash Join;3;Outer;44.545;783.648;78.53655551367217;807.5527311629256;operator;False
Q14_3_seed_16408062;27001;Aggregate;0;;800.296;805.323;842.8227609426038;848.3202955828021;pattern;
