query_file;node_id;node_type;depth;parent_relationship;actual_startup_time;actual_total_time;predicted_startup_time;predicted_total_time;prediction_type;is_leaf
Q7_112_seed_910647441;10743;Hash Join;7;Outer;1.308;36.84;37.617349447730206;429.3830087422621;pattern;
Q7_112_seed_910647441;10740;Hash Join;5;Outer;38.212;212.58;39.638535265155625;304.8909869868012;pattern;
Q7_112_seed_910647441;10747;Index Scan;5;Inner;0.031;0.031;0.03941894583458616;0.9628515547403396;operator;True
Q7_112_seed_910647441;10749;Hash Join;5;Outer;0.097;3.009;37.61603003805647;429.3628282798292;pattern;
Q7_112_seed_910647441;10739;Nested Loop;4;Outer;38.614;1161.078;173.4013251715467;1215.9932441105188;operator;False
Q7_112_seed_910647441;10748;Hash;4;Inner;3.047;3.047;27.742268811544875;27.74323152040685;operator;False
Q7_112_seed_910647441;10738;Hash Join;3;Outer;41.749;1167.833;124.68849509864765;843.1103148833878;operator;False
Q7_112_seed_910647441;10737;Sort;2;Outer;1168.389;1168.419;1107.6640382246896;1109.1567501899126;operator;False
Q7_112_seed_910647441;10735;Aggregate;0;;1171.132;1176.29;1159.5364464121913;1163.1290541267842;pattern;
