query_file;node_id;node_type;depth;parent_relationship;actual_startup_time;actual_total_time;predicted_startup_time;predicted_total_time;prediction_type;is_leaf
Q3_107_seed_869627286;4429;Seq Scan;7;Outer;4.792;27.776;0.26290512072724725;38.566617753396486;operator;True
Q3_107_seed_869627286;4427;Seq Scan;6;Outer;0.868;156.697;0.2916333406660194;163.45571326128646;operator;True
Q3_107_seed_869627286;4428;Hash;6;Inner;28.404;28.404;17.745896367083304;17.746437122207624;operator;False
Q3_107_seed_869627286;4426;Hash Join;5;Outer;30.673;210.091;27.236352590566455;230.97685256857778;operator;False
Q3_107_seed_869627286;4430;Index Scan;5;Inner;0.026;0.026;0.05839675190218198;-0.5180651256505655;operator;True
Q3_107_seed_869627286;4425;Nested Loop;4;Outer;31.426;1163.807;121.82215792889001;1193.126814879329;operator;False
Q3_107_seed_869627286;4421;Limit;0;;1196.388;1199.279;1150.4215259926355;1151.1750259926355;pattern;
