query_file;node_id;node_type;depth;parent_relationship;actual_startup_time;actual_total_time;predicted_startup_time;predicted_total_time;prediction_type;is_leaf
Q7_96_seed_779382945;13128;Seq Scan;7;Outer;0.009;0.01;0.057510053765475355;7.1959461692964055;operator;True
Q7_96_seed_779382945;13117;Seq Scan;6;Outer;0.227;152.741;0.17165698011059138;192.19189190052919;operator;True
Q7_96_seed_779382945;13118;Hash;6;Inner;35.406;35.407;35.59041974959206;35.59136215845007;pattern;
Q7_96_seed_779382945;13126;Seq Scan;6;Outer;0.077;4.53;0.0355295538972451;10.6167639219301;operator;True
Q7_96_seed_779382945;13127;Hash;6;Inner;0.014;0.014;14.536786179837549;14.537163827824884;operator;False
Q7_96_seed_779382945;13111;Aggregate;0;;1202.84;1206.729;1196.627;1200.903;pattern;
