query_file;node_id;node_type;depth;parent_relationship;actual_startup_time;actual_total_time;predicted_startup_time;predicted_total_time;prediction_type;is_leaf
Q4_99_seed_803995038;6892;Seq Scan;5;Outer;0.235;165.935;0.9382110768332961;154.66223648338593;operator;True
Q4_99_seed_803995038;6893;Index Scan;5;Inner;0.062;0.062;-0.0035403110426649176;11.104353034264989;operator;True
Q4_99_seed_803995038;6891;Nested Loop;4;Outer;0.993;1049.526;199.80203399293853;1255.4487969298648;operator;False
Q4_99_seed_803995038;6887;Aggregate;0;;1054.202;1056.399;946.3724041557311;952.1882127354145;pattern;
