query_file;node_id;node_type;depth;parent_relationship;actual_startup_time;actual_total_time;predicted_startup_time;predicted_total_time;prediction_type;is_leaf
Q14_45_seed_360977364;27049;Seq Scan;5;Outer;7.809;39.61;1.2208188453329911;12.703852905744952;operator;True
Q14_45_seed_360977364;27047;Seq Scan;4;Outer;1.247;767.216;6.817318492679311;758.4658682520618;operator;True
Q14_45_seed_360977364;27048;Hash;4;Inner;45.772;45.773;9.378350513673809;9.3794421988882;operator;False
Q14_45_seed_360977364;27043;Aggregate;0;;836.23;841.155;850.7580918026924;857.1205728597761;pattern;
