query_file;node_id;node_type;depth;parent_relationship;actual_startup_time;actual_total_time;predicted_startup_time;predicted_total_time;prediction_type;is_leaf
Q14_84_seed_680934573;27350;Seq Scan;5;Outer;8.003;38.461;1.2208188453329911;12.703852905744952;operator;True
Q14_84_seed_680934573;27348;Seq Scan;4;Outer;0.953;750.385;6.8171001956600765;758.4202089177111;operator;True
Q14_84_seed_680934573;27349;Hash;4;Inner;43.938;43.939;9.378350513673809;9.3794421988882;operator;False
Q14_84_seed_680934573;27344;Aggregate;0;;818.417;823.869;850.7387063430931;857.1011887837135;pattern;
