query_file;node_id;node_type;depth;parent_relationship;actual_startup_time;actual_total_time;predicted_startup_time;predicted_total_time;prediction_type;is_leaf
Q3_71_seed_574282170;5539;Seq Scan;7;Outer;5.571;28.535;0.2637634289738302;38.60321669875583;operator;True
Q3_71_seed_574282170;5537;Seq Scan;6;Outer;0.325;154.277;0.29104977011444433;163.2299417632838;operator;True
Q3_71_seed_574282170;5538;Hash;6;Inner;29.365;29.365;17.74730579576675;17.74784605333653;operator;False
Q3_71_seed_574282170;5536;Hash Join;5;Outer;29.803;206.247;27.151789747072073;230.30329956482694;operator;False
Q3_71_seed_574282170;5540;Index Scan;5;Inner;0.026;0.026;0.05839675190218198;-0.5180651256505655;operator;True
Q3_71_seed_574282170;5535;Nested Loop;4;Outer;31.895;1150.803;121.21361910181415;1192.4925058083866;operator;False
Q3_71_seed_574282170;5531;Limit;0;;1187.715;1188.72;1150.4215262576406;1151.1750262576406;pattern;
