query_file;node_id;node_type;depth;parent_relationship;actual_startup_time;actual_total_time;predicted_startup_time;predicted_total_time;prediction_type;is_leaf
Q8_15_seed_114856434;14500;Seq Scan;10;Outer;0.2;33.832;0.27610590718633166;24.87346631481978;operator;True
Q8_15_seed_114856434;14501;Hash;10;Inner;0.214;0.214;0.19455457104402996;0.195299517027415;pattern;
Q8_15_seed_114856434;14508;Seq Scan;7;Outer;0.204;41.164;0.4239624016488106;44.48043740618385;operator;True
Q8_15_seed_114856434;14495;Nested Loop;6;Outer;36.657;1171.351;37.6417632564794;1155.057519186467;pattern;
Q8_15_seed_114856434;14507;Hash;6;Inner;41.317;41.318;17.764670746281553;17.764236045836014;operator;False
Q8_15_seed_114856434;14494;Hash Join;5;Outer;81.097;1217.218;78.66709533239322;1042.8693682182754;operator;False
Q8_15_seed_114856434;14509;Index Scan;5;Inner;0.006;0.006;0.005987109893472176;0.051211396152496036;operator;True
Q8_15_seed_114856434;14511;Seq Scan;5;Outer;0.01;0.011;0.06128368059525324;7.194474264237783;operator;True
Q8_15_seed_114856434;14489;Aggregate;0;;1225.456;1227.156;1219.120748996973;1220.4873958542737;pattern;
