query_file;node_id;node_type;depth;parent_relationship;actual_startup_time;actual_total_time;predicted_startup_time;predicted_total_time;prediction_type;is_leaf
Q3_16_seed_123060465;4929;Seq Scan;7;Outer;4.783;29.439;0.26290512072724725;38.566617753396486;operator;True
Q3_16_seed_123060465;4926;Hash Join;5;Outer;30.708;204.995;29.676244641781395;242.54471172982875;pattern;
Q3_16_seed_123060465;4930;Index Scan;5;Inner;0.025;0.025;0.05839675190218198;-0.5180651256505655;operator;True
Q3_16_seed_123060465;4925;Nested Loop;4;Outer;31.623;1139.233;122.15934551176106;1193.4081206985943;operator;False
Q3_16_seed_123060465;4921;Limit;0;;1174.293;1175.604;1150.4215260051087;1151.1750260051087;pattern;
