query_file;node_id;node_type;depth;parent_relationship;actual_startup_time;actual_total_time;predicted_startup_time;predicted_total_time;prediction_type;is_leaf
Q13_107_seed_869627286;25425;Index Only Scan;5;Outer;0.01;10.214;0.0;0.0;operator;True
Q13_107_seed_869627286;25423;Seq Scan;4;Outer;0.223;479.633;-1.9404109877658873;264.04320357275344;operator;True
Q13_107_seed_869627286;25424;Hash;4;Inner;15.296;15.296;80.14603185435155;80.14700462784211;operator;False
Q13_107_seed_869627286;25422;Hash Join;3;Outer;15.706;684.624;145.01164067703996;787.8302068759015;operator;False
Q13_107_seed_869627286;25421;Aggregate;2;Outer;881.392;888.64;917.0771416501213;1013.9745433434742;operator;False
Q13_107_seed_869627286;25420;Aggregate;1;Outer;894.681;894.686;968.714921030274;1000.3513215778175;operator;False
Q13_107_seed_869627286;25419;Sort;0;;894.705;894.709;1080.388368490738;1081.929515899009;operator;False
