query_file;node_id;node_type;depth;parent_relationship;actual_startup_time;actual_total_time;predicted_startup_time;predicted_total_time;prediction_type;is_leaf
Q13_117_seed_951667596;25502;Index Only Scan;5;Outer;0.017;9.707;0.0;0.0;operator;True
Q13_117_seed_951667596;25500;Seq Scan;4;Outer;0.174;471.834;-1.9059327796495236;263.7363915758234;operator;True
Q13_117_seed_951667596;25501;Hash;4;Inner;14.94;14.94;80.14603185435155;80.14700462784211;operator;False
Q13_117_seed_951667596;25499;Hash Join;3;Outer;15.316;681.438;145.01164067703996;787.8302068759015;operator;False
Q13_117_seed_951667596;25498;Aggregate;2;Outer;884.366;891.452;917.1975820181692;1013.1535088919225;operator;False
Q13_117_seed_951667596;25497;Aggregate;1;Outer;897.454;897.463;968.7453501677726;1000.3978996513422;operator;False
Q13_117_seed_951667596;25496;Sort;0;;897.478;897.485;1080.382204347045;1081.9231048292686;operator;False
