phase;pct_start;pct_end;iter_start;iter_end;iterations_needed;mre_at_start;mre_at_end
1;0;25;0;20;20;0.2297;0.123274
2;25;50;20;20;0;0.123274;0.123274
3;50;75;20;25;5;0.123274;0.099526
4;75;90;25;65;40;0.099526;0.063474
5;90;100;65;302;237;0.063474;0.060605
