query_file;node_id;node_type;depth;parent_relationship;actual_startup_time;actual_total_time;predicted_startup_time;predicted_total_time;prediction_type;is_leaf
Q4_127_seed_1033707906;6059;Seq Scan;5;Outer;0.159;163.276;0.2260236073393438;157.0246641042566;operator;True
Q4_127_seed_1033707906;6060;Index Scan;5;Inner;0.062;0.062;0.061399853853777386;0.3804392129269445;operator;True
Q4_127_seed_1033707906;6058;Nested Loop;4;Outer;0.71;1046.21;31.502066653847322;1106.6844066501465;operator;False
Q4_127_seed_1033707906;6056;Sort;2;Outer;1048.196;1048.197;1054.3270985101985;1055.4899216309334;pattern;
Q4_127_seed_1033707906;6055;Gather Merge;1;Outer;1050.748;1052.883;1109.477309156377;1112.7224560329869;operator;False
Q4_127_seed_1033707906;6054;Aggregate;0;;1050.752;1052.887;1025.043939786087;1022.1907737574056;operator;False
