query_file;node_id;node_type;depth;parent_relationship;actual_startup_time;actual_total_time;predicted_startup_time;predicted_total_time;prediction_type;is_leaf
Q12_48_seed_385589457;24969;Seq Scan;5;Outer;9.733;830.433;1.6084572676376307;745.1933688922255;operator;True
Q12_48_seed_385589457;24970;Index Scan;5;Inner;0.026;0.026;0.12456619013031595;0.07187872145217966;operator;True
Q12_48_seed_385589457;24968;Nested Loop;4;Outer;10.332;968.057;38.32479792031552;1127.4110088096375;operator;False
Q12_48_seed_385589457;24967;Sort;3;Outer;968.887;968.994;1092.4010943756102;1092.8141235055236;operator;False
Q12_48_seed_385589457;24966;Aggregate;2;Outer;969.279;969.707;868.9538547244717;895.3053216640313;operator;False
Q12_48_seed_385589457;24965;Gather Merge;1;Outer;982.954;989.795;1109.2230530196625;1111.8371426364015;operator;False
Q12_48_seed_385589457;24964;Aggregate;0;;983.994;989.903;903.5868258519866;919.060329947803;operator;False
