metric;value;percentage
mean_mre;0.12533449001245317;12.533449001245318
