metric;value;percentage
mean_mre;0.12652118371053908;12.652118371053907
