query_file;node_id;node_type;depth;parent_relationship;actual_startup_time;actual_total_time;predicted_startup_time;predicted_total_time;prediction_type;is_leaf
Q7_65_seed_525057984;12507;Hash Join;7;Outer;1.752;35.959;37.617349447730206;429.3830087422621;pattern;
Q7_65_seed_525057984;12504;Hash Join;5;Outer;37.345;217.195;39.638535265155625;304.8909869868012;pattern;
Q7_65_seed_525057984;12511;Index Scan;5;Inner;0.031;0.032;0.03941894583458616;0.9628515547403396;operator;True
Q7_65_seed_525057984;12513;Hash Join;5;Outer;0.116;3.599;37.61603003805647;429.3628282798292;pattern;
Q7_65_seed_525057984;12503;Nested Loop;4;Outer;37.991;1189.809;173.4013251715467;1215.9932441105188;operator;False
Q7_65_seed_525057984;12512;Hash;4;Inner;3.649;3.65;27.742268811544875;27.74323152040685;operator;False
Q7_65_seed_525057984;12502;Hash Join;3;Outer;43.764;1197.392;124.68849509864765;843.1103148833878;operator;False
Q7_65_seed_525057984;12501;Sort;2;Outer;1197.983;1198.013;1107.6640382246896;1109.1567501899126;operator;False
Q7_65_seed_525057984;12499;Aggregate;0;;1200.716;1204.776;1159.5364464121913;1163.1290541267842;pattern;
