query_file;node_id;node_type;depth;parent_relationship;actual_startup_time;actual_total_time;predicted_startup_time;predicted_total_time;prediction_type;is_leaf
Q3_89_seed_721954728;5729;Seq Scan;7;Outer;4.891;29.381;0.26221760492631097;38.5374073235966;operator;True
Q3_89_seed_721954728;5727;Seq Scan;6;Outer;0.332;154.792;0.29190246452098423;163.56349058151943;operator;True
Q3_89_seed_721954728;5728;Hash;6;Inner;30.17;30.17;17.744785923081054;17.745327076220036;operator;False
Q3_89_seed_721954728;5726;Hash Join;5;Outer;30.628;211.143;27.271420666512014;231.308295938352;operator;False
Q3_89_seed_721954728;5730;Index Scan;5;Inner;0.025;0.025;0.05839675190218198;-0.5180651256505655;operator;True
Q3_89_seed_721954728;5725;Nested Loop;4;Outer;31.364;1152.152;122.18592740086625;1193.5028010861195;operator;False
Q3_89_seed_721954728;5721;Limit;0;;1185.242;1187.471;1150.421525872564;1151.175025872564;pattern;
