query_file;node_id;node_type;depth;parent_relationship;actual_startup_time;actual_total_time;predicted_startup_time;predicted_total_time;prediction_type;is_leaf
Q3_109_seed_886035348;4446;Hash Join;5;Outer;31.79;211.27;30.242318617954002;219.07481989720267;pattern;
Q3_109_seed_886035348;4450;Index Scan;5;Inner;0.026;0.026;0.056250765173245454;-0.018536695684687743;operator;True
Q3_109_seed_886035348;4445;Nested Loop;4;Outer;32.583;1169.649;30.73817781877483;1122.4485123066388;operator;False
Q3_109_seed_886035348;4441;Limit;0;;1202.034;1204.947;1194.1190381275865;1196.0179637057481;pattern;
