query_file;node_id;node_type;depth;parent_relationship;actual_startup_time;actual_total_time;predicted_startup_time;predicted_total_time;prediction_type;is_leaf
Q3_109_seed_886035348;4449;Seq Scan;7;Outer;4.46;28.624;0.3533309761599046;36.65735975449229;operator;True
Q3_109_seed_886035348;4446;Hash Join;5;Outer;31.79;211.27;29.945832828465242;256.39464570572125;pattern;
Q3_109_seed_886035348;4450;Index Scan;5;Inner;0.026;0.026;0.056250765173245454;-0.018536695684687743;operator;True
Q3_109_seed_886035348;4445;Nested Loop;4;Outer;32.583;1169.649;31.402055911335793;1122.872647819578;operator;False
Q3_109_seed_886035348;4441;Limit;0;;1202.034;1204.947;1194.1190381275865;1196.0179637057481;pattern;
