metric;value;percentage
mean_mre;0.21103589629848069;21.10358962984807
