query_file;node_id;node_type;depth;parent_relationship;actual_startup_time;actual_total_time;predicted_startup_time;predicted_total_time;prediction_type;is_leaf
Q13_113_seed_918851472;25474;Index Only Scan;5;Outer;0.01;9.698;0.0;0.0;operator;True
Q13_113_seed_918851472;25471;Hash Join;3;Outer;15.437;695.188;157.70259903464378;470.3111514787099;pattern;
Q13_113_seed_918851472;25470;Aggregate;2;Outer;902.875;910.441;908.2781952264519;999.5524164529895;operator;False
Q13_113_seed_918851472;25468;Sort;0;;916.596;916.604;1078.6997703450616;1079.9347089716157;pattern;
