query_file;node_id;node_type;depth;parent_relationship;actual_startup_time;actual_total_time;predicted_startup_time;predicted_total_time;prediction_type;is_leaf
Q3_64_seed_516853953;5456;Hash Join;5;Outer;32.158;210.944;30.175923644986458;218.92465537369753;pattern;
Q3_64_seed_516853953;5460;Index Scan;5;Inner;0.026;0.026;0.056250765173245454;-0.018536695684687743;operator;True
Q3_64_seed_516853953;5455;Nested Loop;4;Outer;32.55;1172.251;31.02970022078685;1122.7784529252278;operator;False
Q3_64_seed_516853953;5451;Limit;0;;1207.504;1209.321;1194.163568382304;1196.063661864778;pattern;
