query_file;node_id;node_type;depth;parent_relationship;actual_startup_time;actual_total_time;predicted_startup_time;predicted_total_time;prediction_type;is_leaf
Q3_33_seed_262528992;5119;Seq Scan;7;Outer;4.937;28.771;0.26298146372291775;38.56986712631601;operator;True
Q3_33_seed_262528992;5117;Seq Scan;6;Outer;0.294;149.91;0.2917347009048519;163.49602520611268;operator;True
Q3_33_seed_262528992;5118;Hash;6;Inner;29.372;29.372;17.746020687919298;17.746561398818073;operator;False
Q3_33_seed_262528992;5116;Hash Join;5;Outer;29.777;201.836;27.25582106952463;231.0892576974843;operator;False
Q3_33_seed_262528992;5120;Index Scan;5;Inner;0.025;0.025;0.05839675190218198;-0.5180651256505655;operator;True
Q3_33_seed_262528992;5115;Nested Loop;4;Outer;31.526;1129.408;121.88024631294672;1193.181324889298;operator;False
Q3_33_seed_262528992;5111;Limit;0;;1164.323;1166.071;1150.4215260172166;1151.1750260172166;pattern;
