query_file;node_id;node_type;depth;parent_relationship;actual_startup_time;actual_total_time;predicted_startup_time;predicted_total_time;prediction_type;is_leaf
Q13_54_seed_434813643;26069;Index Only Scan;5;Outer;0.012;10.709;0.0;0.0;operator;True
Q13_54_seed_434813643;26067;Seq Scan;4;Outer;0.264;467.19;-1.9573972347551463;264.1925409425301;operator;True
Q13_54_seed_434813643;26068;Hash;4;Inner;16.292;16.292;80.14603185435155;80.14700462784211;operator;False
Q13_54_seed_434813643;26066;Hash Join;3;Outer;16.799;681.486;145.01164067703996;787.8302068759015;operator;False
Q13_54_seed_434813643;26065;Aggregate;2;Outer;889.217;897.22;917.0178124207043;1014.3875217138225;operator;False
Q13_54_seed_434813643;26064;Aggregate;1;Outer;903.162;903.167;968.6999423050423;1000.3283401184681;operator;False
Q13_54_seed_434813643;26063;Sort;0;;903.187;903.192;1080.3914887596711;1081.9327597444683;operator;False
