query_file;node_id;node_type;depth;parent_relationship;actual_startup_time;actual_total_time;predicted_startup_time;predicted_total_time;prediction_type;is_leaf
Q3_128_seed_1041911937;4656;Hash Join;5;Outer;31.456;204.303;30.368592013147573;219.41349925665668;pattern;
Q3_128_seed_1041911937;4660;Index Scan;5;Inner;0.026;0.026;0.056250765173245454;-0.018536695684687743;operator;True
Q3_128_seed_1041911937;4655;Nested Loop;4;Outer;32.034;1158.068;30.26655114816782;1121.9221303256852;operator;False
Q3_128_seed_1041911937;4651;Limit;0;;1191.182;1192.695;1194.1092664462146;1196.007930401509;pattern;
