query_file;node_id;node_type;depth;parent_relationship;actual_startup_time;actual_total_time;predicted_startup_time;predicted_total_time;prediction_type;is_leaf
Q7_115_seed_935259534;10797;Hash Join;7;Outer;0.027;34.369;37.617349447730206;429.3830087422621;pattern;
Q7_115_seed_935259534;10794;Hash Join;5;Outer;35.758;213.55;39.638535265155625;304.8909869868012;pattern;
Q7_115_seed_935259534;10801;Index Scan;5;Inner;0.031;0.032;0.03941894583458616;0.9628515547403396;operator;True
Q7_115_seed_935259534;10803;Hash Join;5;Outer;0.103;4.77;37.61603003805647;429.3628282798292;pattern;
Q7_115_seed_935259534;10793;Nested Loop;4;Outer;36.392;1181.95;173.4013251715467;1215.9932441105188;operator;False
Q7_115_seed_935259534;10802;Hash;4;Inner;4.818;4.819;27.742268811544875;27.74323152040685;operator;False
Q7_115_seed_935259534;10792;Hash Join;3;Outer;43.243;1190.583;124.68849509864765;843.1103148833878;operator;False
Q7_115_seed_935259534;10791;Sort;2;Outer;1191.183;1191.213;1107.6640382246896;1109.1567501899126;operator;False
Q7_115_seed_935259534;10789;Aggregate;0;;1194.364;1198.131;1159.5364464121913;1163.1290541267842;pattern;
