iteration;feature_added;mre;n_features;features
1;nt1;0.6406126558950961;1;nt1
2;rt2;0.6366569690829748;2;nt1, rt2
3;st2;0.6361256190850675;3;nt1, rt2, st2
