query_file;node_id;node_type;depth;parent_relationship;actual_startup_time;actual_total_time;predicted_startup_time;predicted_total_time;prediction_type;is_leaf
Q9_71_seed_574282170;18799;Seq Scan;10;Outer;0.423;20.19;0.4141340069470414;43.2455745869444;operator;True
Q9_71_seed_574282170;18800;Index Scan;10;Inner;0.075;0.079;0.07161991920248914;0.11919840584207009;operator;True
Q9_71_seed_574282170;18802;Seq Scan;10;Outer;0.204;4.394;0.0355295538972451;10.6167639219301;operator;True
Q9_71_seed_574282170;18788;Sort;0;;1207.669;1213.119;1189.4033152827826;1195.0124953645745;pattern;
