query_file;node_id;node_type;depth;parent_relationship;actual_startup_time;actual_total_time;predicted_startup_time;predicted_total_time;prediction_type;is_leaf
Q12_92_seed_746566821;25311;Nested Loop;4;Outer;9.744;981.597;10.433651666648696;976.0448928824671;pattern;
Q12_92_seed_746566821;25310;Sort;3;Outer;982.446;982.551;1049.8207714080086;1050.8022095888964;operator;False
Q12_92_seed_746566821;25309;Aggregate;2;Outer;982.84;983.185;925.9609888799056;940.638919088384;operator;False
Q12_92_seed_746566821;25307;Aggregate;0;;998.163;1003.31;1022.9228553249504;1027.0478865097953;pattern;
