query_file;node_id;node_type;depth;parent_relationship;actual_startup_time;actual_total_time;predicted_startup_time;predicted_total_time;prediction_type;is_leaf
Q10_31_seed_246120930;20339;Seq Scan;7;Outer;0.408;163.593;-0.5506040096407754;159.74709945541576;operator;True
Q10_31_seed_246120930;20340;Index Scan;7;Inner;0.06;0.062;0.026475207604207004;-0.5182239430787376;operator;True
Q10_31_seed_246120930;20342;Seq Scan;7;Outer;0.011;27.994;-10.029480805383272;26.639726858412047;operator;True
Q10_31_seed_246120930;20344;Seq Scan;6;Outer;0.01;0.011;0.43638700067583747;6.9787036398299165;operator;True
Q10_31_seed_246120930;20337;Hash Join;5;Outer;36.725;1093.013;51.85968115976948;1120.1863001259549;pattern;
Q10_31_seed_246120930;20343;Hash;5;Inner;0.014;0.014;15.710003163406043;15.710773700000516;operator;False
Q10_31_seed_246120930;20336;Hash Join;4;Outer;36.797;1095.583;54.1582531175019;1095.392216490815;operator;False
Q10_31_seed_246120930;20332;Limit;0;;1135.182;1135.946;1197.4162580478192;1199.4703591139319;pattern;
