query_file;node_id;node_type;depth;parent_relationship;actual_startup_time;actual_total_time;predicted_startup_time;predicted_total_time;prediction_type;is_leaf
Q7_83_seed_672730542;12867;Hash Join;7;Outer;0.429;35.848;37.617349447730206;429.3830087422621;pattern;
Q7_83_seed_672730542;12864;Hash Join;5;Outer;36.629;214.292;39.638535265155625;304.8909869868012;pattern;
Q7_83_seed_672730542;12871;Index Scan;5;Inner;0.032;0.033;0.03941894583458616;0.9628515547403396;operator;True
Q7_83_seed_672730542;12873;Hash Join;5;Outer;0.101;1.959;37.61603003805647;429.3628282798292;pattern;
Q7_83_seed_672730542;12863;Nested Loop;4;Outer;36.883;1205.249;173.4013251715467;1215.9932441105188;operator;False
Q7_83_seed_672730542;12872;Hash;4;Inner;2.001;2.002;27.742268811544875;27.74323152040685;operator;False
Q7_83_seed_672730542;12862;Hash Join;3;Outer;41.329;1211.065;124.68849509864765;843.1103148833878;operator;False
Q7_83_seed_672730542;12861;Sort;2;Outer;1211.666;1211.694;1107.6640382246896;1109.1567501899126;operator;False
Q7_83_seed_672730542;12859;Aggregate;0;;1216.256;1220.662;1159.5364464121913;1163.1290541267842;pattern;
