query_file;node_id;node_type;depth;parent_relationship;actual_startup_time;actual_total_time;predicted_startup_time;predicted_total_time;prediction_type;is_leaf
Q13_132_seed_1074728061;25621;Index Only Scan;5;Outer;0.016;10.216;0.0;0.0;operator;True
Q13_132_seed_1074728061;25618;Hash Join;3;Outer;16.283;687.399;157.7025990346343;470.31115147869974;pattern;
Q13_132_seed_1074728061;25617;Aggregate;2;Outer;895.847;904.392;908.2640129155427;999.7559047775422;operator;False
Q13_132_seed_1074728061;25615;Sort;0;;910.74;910.742;1078.7040072930517;1079.938978038967;pattern;
