query_file;node_id;node_type;depth;parent_relationship;actual_startup_time;actual_total_time;predicted_startup_time;predicted_total_time;prediction_type;is_leaf
Q1_100_seed_812199069;5;Seq Scan;4;Outer;8.824;513.974;0.8532853776743186;678.3059965278278;operator;True
Q1_100_seed_812199069;3;Sort;2;Outer;913.597;913.597;1196.9235846589656;1201.0179421183373;pattern;
Q1_100_seed_812199069;2;Gather Merge;1;Outer;927.245;935.683;1161.8202437630125;1165.944913464536;operator;False
Q1_100_seed_812199069;1;Aggregate;0;;927.284;935.757;1149.9472032927472;1196.021501816678;operator;False
