query_file;node_id;node_type;depth;parent_relationship;actual_startup_time;actual_total_time;predicted_startup_time;predicted_total_time;prediction_type;is_leaf
Q13_38_seed_303549147;25943;Index Only Scan;5;Outer;0.012;9.846;0.0;0.0;operator;True
Q13_38_seed_303549147;25941;Seq Scan;4;Outer;0.353;479.228;-1.9404109877658873;264.04320357275344;operator;True
Q13_38_seed_303549147;25942;Hash;4;Inner;14.674;14.674;80.14603185435155;80.14700462784211;operator;False
Q13_38_seed_303549147;25940;Hash Join;3;Outer;15.248;684.665;145.01164067703996;787.8302068759015;operator;False
Q13_38_seed_303549147;25939;Aggregate;2;Outer;882.512;889.956;917.0771416501213;1013.9745433434742;operator;False
Q13_38_seed_303549147;25938;Aggregate;1;Outer;895.721;895.723;968.714921030274;1000.3513215778175;operator;False
Q13_38_seed_303549147;25937;Sort;0;;895.74;895.742;1080.388368490738;1081.929515899009;operator;False
