query_file;node_id;node_type;depth;parent_relationship;actual_startup_time;actual_total_time;predicted_startup_time;predicted_total_time;prediction_type;is_leaf
Q1_53_seed_426609612;495;Seq Scan;4;Outer;7.818;515.406;0.8481665623587586;681.3943911179005;operator;True
Q1_53_seed_426609612;493;Sort;2;Outer;909.592;909.592;1196.1076328324102;1200.2042852692994;pattern;
Q1_53_seed_426609612;492;Gather Merge;1;Outer;922.157;927.197;1161.7596437313973;1165.8827700818606;operator;False
Q1_53_seed_426609612;491;Aggregate;0;;922.175;927.234;1149.8804362227645;1195.8087148145366;operator;False
