query_file;node_id;node_type;depth;parent_relationship;actual_startup_time;actual_total_time;predicted_startup_time;predicted_total_time;prediction_type;is_leaf
Q4_92_seed_746566821;6843;Seq Scan;5;Outer;0.071;165.84;0.9378212629713487;154.66069096500954;operator;True
Q4_92_seed_746566821;6844;Index Scan;5;Inner;0.06;0.06;-0.003540312421178901;11.104350802242521;operator;True
Q4_92_seed_746566821;6842;Nested Loop;4;Outer;0.556;1026.169;199.80203399293853;1255.4487969298648;operator;False
Q4_92_seed_746566821;6838;Aggregate;0;;1030.625;1032.961;946.3724041557311;952.1882127354145;pattern;
