query_file;node_id;node_type;depth;parent_relationship;actual_startup_time;actual_total_time;predicted_startup_time;predicted_total_time;prediction_type;is_leaf
Q7_88_seed_713750697;12957;Hash Join;7;Outer;0.194;35.34;37.617349447730206;429.3830087422621;pattern;
Q7_88_seed_713750697;12954;Hash Join;5;Outer;36.806;212.263;39.638535265155625;304.8909869868012;pattern;
Q7_88_seed_713750697;12961;Index Scan;5;Inner;0.032;0.033;0.03941894583458616;0.9628515547403396;operator;True
Q7_88_seed_713750697;12963;Hash Join;5;Outer;0.113;3.819;37.61603003805647;429.3628282798292;pattern;
Q7_88_seed_713750697;12953;Nested Loop;4;Outer;37.139;1184.792;173.4013251715467;1215.9932441105188;operator;False
Q7_88_seed_713750697;12962;Hash;4;Inner;3.863;3.863;27.742268811544875;27.74323152040685;operator;False
Q7_88_seed_713750697;12952;Hash Join;3;Outer;41.588;1192.567;124.68849509864765;843.1103148833878;operator;False
Q7_88_seed_713750697;12951;Sort;2;Outer;1193.176;1193.207;1107.6640382246896;1109.1567501899126;operator;False
Q7_88_seed_713750697;12949;Aggregate;0;;1195.613;1199.304;1159.5364464121913;1163.1290541267842;pattern;
