query_file;node_id;node_type;depth;parent_relationship;actual_startup_time;actual_total_time;predicted_startup_time;predicted_total_time;prediction_type;is_leaf
Q12_35_seed_278937054;24871;Seq Scan;5;Outer;9.729;846.061;3.9754773872073312;750.4570481998755;operator;True
Q12_35_seed_278937054;24872;Index Scan;5;Inner;0.026;0.026;0.02578304839054807;-0.01647583438285949;operator;True
Q12_35_seed_278937054;24870;Nested Loop;4;Outer;10.241;982.982;21.28182330558434;1101.3090650222853;operator;False
Q12_35_seed_278937054;24869;Sort;3;Outer;983.816;983.917;1057.1107154033145;1058.103288709131;operator;False
Q12_35_seed_278937054;24868;Aggregate;2;Outer;984.203;984.545;927.0331965032553;941.961655019014;operator;False
Q12_35_seed_278937054;24867;Gather Merge;1;Outer;997.661;1008.612;1055.989048158453;1060.9613706872458;operator;False
Q12_35_seed_278937054;24866;Aggregate;0;;998.152;1008.632;951.9577260217662;954.6952850570699;operator;False
