query_file;node_id;node_type;depth;parent_relationship;actual_startup_time;actual_total_time;predicted_startup_time;predicted_total_time;prediction_type;is_leaf
Q7_79_seed_639914418;12777;Hash Join;7;Outer;0.182;34.976;37.617349447730206;429.3830087422621;pattern;
Q7_79_seed_639914418;12774;Hash Join;5;Outer;36.423;213.412;39.638535265155625;304.8909869868012;pattern;
Q7_79_seed_639914418;12781;Index Scan;5;Inner;0.032;0.033;0.03941894583458616;0.9628515547403396;operator;True
Q7_79_seed_639914418;12783;Hash Join;5;Outer;0.104;3.807;37.61603003805647;429.3628282798292;pattern;
Q7_79_seed_639914418;12773;Nested Loop;4;Outer;37.458;1195.587;173.4013251715467;1215.9932441105188;operator;False
Q7_79_seed_639914418;12782;Hash;4;Inner;3.847;3.848;27.742268811544875;27.74323152040685;operator;False
Q7_79_seed_639914418;12772;Hash Join;3;Outer;43.684;1203.368;124.68849509864765;843.1103148833878;operator;False
Q7_79_seed_639914418;12771;Sort;2;Outer;1203.932;1203.96;1107.6640382246896;1109.1567501899126;operator;False
Q7_79_seed_639914418;12769;Aggregate;0;;1206.557;1210.95;1159.5364464121913;1163.1290541267842;pattern;
