query_file;node_id;node_type;depth;parent_relationship;actual_startup_time;actual_total_time;predicted_startup_time;predicted_total_time;prediction_type;is_leaf
Q7_49_seed_393793488;12183;Hash Join;7;Outer;0.143;34.442;37.617349447730206;429.3830087422621;pattern;
Q7_49_seed_393793488;12180;Hash Join;5;Outer;35.637;210.917;39.638535265155625;304.8909869868012;pattern;
Q7_49_seed_393793488;12187;Index Scan;5;Inner;0.031;0.032;0.03941894583458616;0.9628515547403396;operator;True
Q7_49_seed_393793488;12189;Hash Join;5;Outer;0.098;6.387;37.61603003805647;429.3628282798292;pattern;
Q7_49_seed_393793488;12179;Nested Loop;4;Outer;37.079;1172.337;173.4013251715467;1215.9932441105188;operator;False
Q7_49_seed_393793488;12188;Hash;4;Inner;6.429;6.43;27.742268811544875;27.74323152040685;operator;False
Q7_49_seed_393793488;12178;Hash Join;3;Outer;43.991;1182.631;124.68849509864765;843.1103148833878;operator;False
Q7_49_seed_393793488;12177;Sort;2;Outer;1183.274;1183.304;1107.6640382246896;1109.1567501899126;operator;False
Q7_49_seed_393793488;12175;Aggregate;0;;1186.98;1190.702;1159.5364464121913;1163.1290541267842;pattern;
