query_file;node_id;node_type;depth;parent_relationship;actual_startup_time;actual_total_time;predicted_startup_time;predicted_total_time;prediction_type;is_leaf
Q18_83_seed_672730542;30928;Index Scan;11;Outer;0.022;2124.177;0.07840002060647741;219.99007701940465;operator;True
Q18_83_seed_672730542;30927;Aggregate;10;Outer;541.242;2625.007;946.7420652795311;1300.2141978658015;operator;False
Q18_83_seed_672730542;30925;Seq Scan;9;Outer;0.217;200.102;0.272310839798261;187.1099509577836;operator;True
Q18_83_seed_672730542;30926;Hash;9;Inner;2625.069;2625.07;255.34711090785868;255.34792158437378;operator;False
Q18_83_seed_672730542;30924;Hash Join;8;Outer;2715.517;2854.936;142.63724163560374;773.6746268516752;operator;False
Q18_83_seed_672730542;30930;Seq Scan;8;Outer;0.046;54.899;0.09563123806324136;25.47059222001974;operator;True
Q18_83_seed_672730542;30923;Sort;7;Outer;2854.947;2854.948;1097.3073317036833;1098.7472034809587;operator;False
Q18_83_seed_672730542;30929;Sort;7;Inner;65.782;68.755;1014.2095935652225;1014.6022309830253;operator;False
Q18_83_seed_672730542;30916;Limit;0;;3064.401;3069.666;3043.076;3050.2394999999997;pattern;
