iteration;pattern_hash;pattern_string;baseline_mre;new_mre;delta;status
0;895c6e8c1a30a094329d71cef3111fbd;Hash Join -> [Seq Scan (Outer), Hash (Inner)];0.2297;0.2111672291333171;0.018532770866682896;SELECTED
2;1d35fb978b379d4a820897907e56ab7b;Sort -> Aggregate (Outer);0.2111672291333171;0.20617883972113007;0.0049883894121870165;SELECTED
9;2e0f44eff91c745724a56159cf7e0d6f;Hash Join -> [Nested Loop (Outer), Hash (Inner)];0.20617883972113007;0.20615007477304195;2.8764948088122466e-05;SELECTED
14;3e2d5a00246ff56483c16003698d4917;Sort -> Hash Join (Outer);0.20615007477304195;0.20451907810285355;0.0016309966701884004;SELECTED
15;634cdbe24fda21720ccd3dc746d5c979;Gather -> Aggregate (Outer);0.20451907810285355;0.19907323096812474;0.005445847134728815;SELECTED
17;a5f39f08c510532e02e96e109e48c0cd;Aggregate -> Gather -> Aggregate (Outer) (Outer);0.19907323096812474;0.17272661510712306;0.026346615861001677;SELECTED
19;a54055cece1adb617abae41ca3244142;Hash -> Hash Join -> [Seq Scan (Outer), Hash -> Seq Scan (Outer) (Inner)] (Outer);0.17272661510712306;0.1727265726702212;4.2436901853681874e-08;SELECTED
39;715d5c92d04e9fdd3e607001ad32ee57;Gather Merge -> Sort -> Aggregate (Outer) (Outer);0.1727265726702212;0.1686805276632271;0.004046045006994098;SELECTED
45;25df29b5b69835d07c0d8b72b0e46a3b;Limit -> Sort -> Aggregate -> Gather (Outer) (Outer) (Outer);0.1686805276632271;0.07364472306727961;0.0950358045959475;SELECTED
