query_file;node_id;node_type;depth;parent_relationship;actual_startup_time;actual_total_time;predicted_startup_time;predicted_total_time;prediction_type;is_leaf
Q19_149_seed_1214196588;31597;Seq Scan;5;Outer;12.225;44.42;1.1346295599720917;23.76309079941393;operator;True
Q19_149_seed_1214196588;31595;Seq Scan;4;Outer;0.686;792.804;7.828531963789259;743.4599858400395;operator;True
Q19_149_seed_1214196588;31596;Hash;4;Inner;44.594;44.594;8.284648716106773;8.285209791672713;operator;False
Q19_149_seed_1214196588;31594;Hash Join;3;Outer;116.343;839.641;60.26056310652316;766.0578309532217;operator;False
Q19_149_seed_1214196588;31591;Aggregate;0;;854.367;860.082;825.7345192189844;831.1997769073948;pattern;
