query_file;node_id;node_type;depth;parent_relationship;actual_startup_time;actual_total_time;predicted_startup_time;predicted_total_time;prediction_type;is_leaf
Q12_150_seed_1231235959;24709;Nested Loop;4;Outer;10.743;962.264;10.432084570819223;976.0841202897134;pattern;
Q12_150_seed_1231235959;24708;Sort;3;Outer;963.125;963.225;1049.8275763284585;1050.809066248805;operator;False
Q12_150_seed_1231235959;24707;Aggregate;2;Outer;963.506;963.832;925.9545462153601;940.6367629804588;operator;False
Q12_150_seed_1231235959;24705;Aggregate;0;;978.126;982.814;1022.9225841434234;1027.0477300557732;pattern;
