query_file;node_id;node_type;depth;parent_relationship;actual_startup_time;actual_total_time;predicted_startup_time;predicted_total_time;prediction_type;is_leaf
Q12_146_seed_1189584495;24675;Seq Scan;5;Outer;9.423;844.142;1.6084370073065797;745.1932133348067;operator;True
Q12_146_seed_1189584495;24676;Index Scan;5;Inner;0.026;0.026;0.12456619013031595;0.07187872145217966;operator;True
Q12_146_seed_1189584495;24674;Nested Loop;4;Outer;10.019;982.032;38.32509677899924;1127.4107311985729;operator;False
Q12_146_seed_1189584495;24673;Sort;3;Outer;983.024;983.127;1092.400104430694;1092.8131261571666;operator;False
Q12_146_seed_1189584495;24672;Aggregate;2;Outer;983.412;983.766;868.9559818592642;895.3066234379573;operator;False
Q12_146_seed_1189584495;24671;Gather Merge;1;Outer;998.493;1003.631;1109.2229476912635;1111.8370320226852;operator;False
Q12_146_seed_1189584495;24670;Aggregate;0;;998.873;1003.651;903.5890171161835;919.0617090671028;operator;False
