query_file;node_id;node_type;depth;parent_relationship;actual_startup_time;actual_total_time;predicted_startup_time;predicted_total_time;prediction_type;is_leaf
Q7_127_seed_1033707906;11029;Seq Scan;6;Outer;0.25;155.876;0.17165698011059138;192.19189190052919;operator;True
Q7_127_seed_1033707906;11030;Hash;6;Inner;35.02;35.02;35.59041974959206;35.59136215845007;pattern;
Q7_127_seed_1033707906;11028;Hash Join;5;Outer;35.314;215.882;41.872272921538226;319.9010984494266;operator;False
Q7_127_seed_1033707906;11035;Index Scan;5;Inner;0.032;0.033;0.03861891685575192;0.08695394945135604;operator;True
Q7_127_seed_1033707906;11027;Nested Loop;4;Outer;35.563;1197.823;43.63052156289221;1145.8116182556264;operator;False
Q7_127_seed_1033707906;11036;Hash;4;Inner;3.659;3.659;3.419225587680483;3.420219390564668;pattern;
Q7_127_seed_1033707906;11026;Hash Join;3;Outer;41.971;1205.126;43.92602067967012;1130.4265305950305;operator;False
Q7_127_seed_1033707906;11025;Sort;2;Outer;1205.733;1205.763;1149.2755057348375;1149.8710441917033;operator;False
Q7_127_seed_1033707906;11023;Aggregate;0;;1208.448;1212.596;1184.0519011625388;1187.6479853732715;pattern;
