query_file;node_id;node_type;depth;parent_relationship;actual_startup_time;actual_total_time;predicted_startup_time;predicted_total_time;prediction_type;is_leaf
Q4_8_seed_57428217;6822;Seq Scan;5;Outer;0.907;164.254;0.9386138668859489;154.66384189320715;operator;True
Q4_8_seed_57428217;6823;Index Scan;5;Inner;0.062;0.062;-0.0035403096654575417;11.104355266288522;operator;True
Q4_8_seed_57428217;6821;Nested Loop;4;Outer;1.148;1054.724;199.80203399293853;1255.4487969298648;operator;False
Q4_8_seed_57428217;6817;Aggregate;0;;1061.526;1061.581;946.3724041557311;952.1882127354145;pattern;
