query_file;node_id;node_type;depth;parent_relationship;actual_startup_time;actual_total_time;predicted_startup_time;predicted_total_time;prediction_type;is_leaf
Q3_80_seed_648118449;5639;Seq Scan;7;Outer;4.512;26.404;0.35460589967521594;36.72162364313408;operator;True
Q3_80_seed_648118449;5637;Seq Scan;6;Outer;0.315;160.578;0.29684528242339114;162.2986912301939;operator;True
Q3_80_seed_648118449;5638;Hash;6;Inner;27.056;27.057;17.51124298203831;17.510931381194297;operator;False
Q3_80_seed_648118449;5636;Hash Join;5;Outer;27.475;210.238;29.124425333507602;231.65813638559302;operator;False
Q3_80_seed_648118449;5640;Index Scan;5;Inner;0.026;0.026;0.056250765173245454;-0.018536695684687743;operator;True
Q3_80_seed_648118449;5635;Nested Loop;4;Outer;29.587;1154.856;30.093863496585897;1121.6019398279923;operator;False
Q3_80_seed_648118449;5631;Limit;0;;1188.323;1191.015;1193.896700431394;1195.7897967154681;pattern;
