query_file;node_id;node_type;depth;parent_relationship;actual_startup_time;actual_total_time;predicted_startup_time;predicted_total_time;prediction_type;is_leaf
Q7_27_seed_213304806;11760;Seq Scan;7;Outer;0.01;0.012;0.057510053765475355;7.1959461692964055;operator;True
Q7_27_seed_213304806;11749;Seq Scan;6;Outer;0.238;150.215;0.17165698011059138;192.19189190052919;operator;True
Q7_27_seed_213304806;11750;Hash;6;Inner;35.527;35.527;35.59041974959206;35.59136215845007;pattern;
Q7_27_seed_213304806;11758;Seq Scan;6;Outer;0.084;2.162;0.0355295538972451;10.6167639219301;operator;True
Q7_27_seed_213304806;11759;Hash;6;Inner;0.016;0.016;14.536786179837549;14.537163827824884;operator;False
Q7_27_seed_213304806;11743;Aggregate;0;;1171.034;1174.884;1196.627;1200.903;pattern;
