query_file;node_id;node_type;depth;parent_relationship;actual_startup_time;actual_total_time;predicted_startup_time;predicted_total_time;prediction_type;is_leaf
Q7_27_seed_213304806;11749;Seq Scan;6;Outer;0.238;150.215;0.17165698011059138;192.19189190052919;operator;True
Q7_27_seed_213304806;11750;Hash;6;Inner;35.527;35.527;35.59041974959206;35.59136215845007;pattern;
Q7_27_seed_213304806;11748;Hash Join;5;Outer;35.818;211.567;41.872272921538226;319.9010984494266;operator;False
Q7_27_seed_213304806;11755;Index Scan;5;Inner;0.031;0.031;0.03861891685575192;0.08695394945135604;operator;True
Q7_27_seed_213304806;11747;Nested Loop;4;Outer;36.459;1161.003;43.63052156289221;1145.8116182556264;operator;False
Q7_27_seed_213304806;11756;Hash;4;Inner;2.532;2.533;3.419225587680483;3.420219390564668;pattern;
Q7_27_seed_213304806;11746;Hash Join;3;Outer;39.99;1167.381;43.92602067967012;1130.4265305950305;operator;False
Q7_27_seed_213304806;11745;Sort;2;Outer;1167.994;1168.026;1149.2755057348375;1149.8710441917033;operator;False
Q7_27_seed_213304806;11743;Aggregate;0;;1171.034;1174.884;1184.0519011625388;1187.6479853732715;pattern;
