query_file;node_id;node_type;depth;parent_relationship;actual_startup_time;actual_total_time;predicted_startup_time;predicted_total_time;prediction_type;is_leaf
Q7_57_seed_459425736;12345;Hash Join;7;Outer;0.217;36.259;37.617349447730206;429.3830087422621;pattern;
Q7_57_seed_459425736;12342;Hash Join;5;Outer;37.3;222.58;39.638535265155625;304.8909869868012;pattern;
Q7_57_seed_459425736;12349;Index Scan;5;Inner;0.032;0.033;0.03941894583458616;0.9628515547403396;operator;True
Q7_57_seed_459425736;12351;Hash Join;5;Outer;0.105;3.579;37.61603003805647;429.3628282798292;pattern;
Q7_57_seed_459425736;12341;Nested Loop;4;Outer;37.983;1201.349;173.4013251715467;1215.9932441105188;operator;False
Q7_57_seed_459425736;12350;Hash;4;Inner;3.62;3.62;27.742268811544875;27.74323152040685;operator;False
Q7_57_seed_459425736;12340;Hash Join;3;Outer;42.707;1208.636;124.68849509864765;843.1103148833878;operator;False
Q7_57_seed_459425736;12339;Sort;2;Outer;1209.226;1209.254;1107.6640382246896;1109.1567501899126;operator;False
Q7_57_seed_459425736;12337;Aggregate;0;;1211.59;1215.223;1159.5364464121913;1163.1290541267842;pattern;
