query_count;mean_actual_ms;mean_predicted_ms;mean_mre;std_mre;mean_mre_pct
150;310.3048883661783;537.7925182275786;0.7366536182091437;0.07828102083113143;73.66536182091437
