query_file;node_id;node_type;depth;parent_relationship;actual_startup_time;actual_total_time;predicted_startup_time;predicted_total_time;prediction_type;is_leaf
Q19_50_seed_401997519;31891;Seq Scan;5;Outer;13.951;47.859;1.1346295599720917;23.76309079941393;operator;True
Q19_50_seed_401997519;31889;Seq Scan;4;Outer;0.468;749.149;7.828472417648041;743.4590536793107;operator;True
Q19_50_seed_401997519;31890;Hash;4;Inner;47.988;47.988;8.284648716106773;8.285209791672713;operator;False
Q19_50_seed_401997519;31885;Aggregate;0;;815.158;819.426;824.2456220478518;829.2909285345515;pattern;
