query_file;node_id;node_type;depth;parent_relationship;actual_startup_time;actual_total_time;predicted_startup_time;predicted_total_time;prediction_type;is_leaf
Q10_96_seed_779382945;21267;Seq Scan;6;Outer;0.009;0.01;0.06128368059525324;7.194474264237783;operator;True
Q10_96_seed_779382945;21260;Hash Join;5;Outer;36.604;1086.49;36.98077513168407;725.2333908499775;pattern;
Q10_96_seed_779382945;21266;Hash;5;Inner;0.013;0.013;14.539339481092867;14.53971731681122;operator;False
Q10_96_seed_779382945;21255;Limit;0;;1145.574;1146.351;1150.424659101561;1151.190159101561;pattern;
