query_file;node_id;node_type;depth;parent_relationship;actual_startup_time;actual_total_time;predicted_startup_time;predicted_total_time;prediction_type;is_leaf
Q10_144_seed_1173176433;20001;Seq Scan;7;Outer;0.305;159.937;-0.5483862249758908;159.7401400047932;operator;True
Q10_144_seed_1173176433;20002;Index Scan;7;Inner;0.059;0.062;0.026475206891233366;-0.5182348512141317;operator;True
Q10_144_seed_1173176433;20004;Seq Scan;7;Outer;0.012;27.336;-10.029480805383272;26.639726858412047;operator;True
Q10_144_seed_1173176433;20006;Seq Scan;6;Outer;0.01;0.01;0.43638700067583747;6.9787036398299165;operator;True
Q10_144_seed_1173176433;19999;Hash Join;5;Outer;36.476;1082.82;51.85968117220296;1120.1863001796914;pattern;
Q10_144_seed_1173176433;20005;Hash;5;Inner;0.015;0.015;15.710003163406043;15.710773700000516;operator;False
Q10_144_seed_1173176433;19998;Hash Join;4;Outer;36.549;1085.786;54.21856124497113;1095.5633591258504;operator;False
Q10_144_seed_1173176433;19994;Limit;0;;1138.38;1139.16;1197.4162580478192;1199.4703591139319;pattern;
