metric;value;percentage
mean_mre;0.1643578888741528;16.43578888741528
