query_file;node_id;node_type;depth;parent_relationship;actual_startup_time;actual_total_time;predicted_startup_time;predicted_total_time;prediction_type;is_leaf
Q12_71_seed_574282170;25151;Seq Scan;5;Outer;9.585;835.367;1.608545062481869;745.1940429276056;operator;True
Q12_71_seed_574282170;25152;Index Scan;5;Inner;0.025;0.025;0.12456619013031595;0.07187872145217966;operator;True
Q12_71_seed_574282170;25150;Nested Loop;4;Outer;10.097;967.927;38.3233388799035;1127.4121196921471;operator;False
Q12_71_seed_574282170;25149;Sort;3;Outer;968.835;968.94;1092.405089394298;1092.818147618885;operator;False
Q12_71_seed_574282170;25148;Aggregate;2;Outer;969.225;969.574;868.9453200474923;895.300106341399;operator;False
Q12_71_seed_574282170;25147;Gather Merge;1;Outer;984.649;988.943;1109.2234743825834;1111.837585116829;operator;False
Q12_71_seed_574282170;25146;Aggregate;0;;985.002;988.96;903.5780797139225;919.0548265645593;operator;False
