query_file;node_id;node_type;depth;parent_relationship;actual_startup_time;actual_total_time;predicted_startup_time;predicted_total_time;prediction_type;is_leaf
Q4_9_seed_65632248;6899;Seq Scan;5;Outer;0.219;167.312;0.9373308614645635;154.65875806585723;operator;True
Q4_9_seed_65632248;6900;Index Scan;5;Inner;0.063;0.063;-0.003540313798687203;11.104348570218477;operator;True
Q4_9_seed_65632248;6898;Nested Loop;4;Outer;0.926;1078.626;199.80203399293853;1255.4487969298648;operator;False
Q4_9_seed_65632248;6894;Aggregate;0;;1083.109;1085.451;946.3724041557311;952.1882127354145;pattern;
