query_file;node_id;node_type;depth;parent_relationship;actual_startup_time;actual_total_time;predicted_startup_time;predicted_total_time;prediction_type;is_leaf
Q5_111_seed_902443410;7157;Seq Scan;13;Outer;0.24;0.24;0.11847516521860801;21.38994919585383;operator;True
Q5_111_seed_902443410;7155;Seq Scan;12;Outer;0.012;0.013;-0.015167767241809571;10.494725911870546;operator;True
Q5_111_seed_902443410;7156;Hash;12;Inner;0.244;0.244;16.01535370121718;16.014912333363355;operator;False
Q5_111_seed_902443410;7141;Sort;0;;1112.644;1114.506;1068.7921496040772;1070.4425758730333;pattern;
