query_file;node_id;node_type;depth;parent_relationship;actual_startup_time;actual_total_time;predicted_startup_time;predicted_total_time;prediction_type;is_leaf
Q3_129_seed_1050115968;4669;Seq Scan;7;Outer;4.521;30.483;0.3533309761599046;36.65735975449229;operator;True
Q3_129_seed_1050115968;4667;Seq Scan;6;Outer;0.278;171.888;0.29652292892330845;162.15568186465433;operator;True
Q3_129_seed_1050115968;4668;Hash;6;Inner;31.184;31.184;17.513650747437197;17.51334089710457;operator;False
Q3_129_seed_1050115968;4666;Hash Join;5;Outer;31.566;226.363;29.021564400737233;231.30017052662674;operator;False
Q3_129_seed_1050115968;4670;Index Scan;5;Inner;0.028;0.028;0.056250765173245454;-0.018536695684687743;operator;True
Q3_129_seed_1050115968;4665;Nested Loop;4;Outer;32.143;1265.163;30.330726123125032;1121.8963970449008;operator;False
Q3_129_seed_1050115968;4661;Limit;0;;1297.727;1300.464;1194.1030643850897;1196.0015644305258;pattern;
