query_file;node_id;node_type;depth;parent_relationship;actual_startup_time;actual_total_time;predicted_startup_time;predicted_total_time;prediction_type;is_leaf
Q3_129_seed_1050115968;4666;Hash Join;5;Outer;31.566;226.363;30.404998629226224;219.51090781594726;pattern;
Q3_129_seed_1050115968;4670;Index Scan;5;Inner;0.028;0.028;0.056250765173245454;-0.018536695684687743;operator;True
Q3_129_seed_1050115968;4665;Nested Loop;4;Outer;32.143;1265.163;30.131482696900633;1121.7704154751848;operator;False
Q3_129_seed_1050115968;4661;Limit;0;;1297.727;1300.464;1194.1030643850897;1196.0015644305258;pattern;
