query_file;node_id;node_type;depth;parent_relationship;actual_startup_time;actual_total_time;predicted_startup_time;predicted_total_time;prediction_type;is_leaf
Q7_1_seed_0101000000;11607;Hash Join;7;Outer;0.137;32.333;37.617349447730206;429.3830087422621;pattern;
Q7_1_seed_0101000000;11604;Hash Join;5;Outer;36.431;212.139;39.638535265155625;304.8909869868012;pattern;
Q7_1_seed_0101000000;11611;Index Scan;5;Inner;0.031;0.031;0.03941894583458616;0.9628515547403396;operator;True
Q7_1_seed_0101000000;11613;Hash Join;5;Outer;0.188;3.08;37.61603003805647;429.3628282798292;pattern;
Q7_1_seed_0101000000;11603;Nested Loop;4;Outer;36.985;1152.995;173.4013251715467;1215.9932441105188;operator;False
Q7_1_seed_0101000000;11612;Hash;4;Inner;3.126;3.127;27.742268811544875;27.74323152040685;operator;False
Q7_1_seed_0101000000;11602;Hash Join;3;Outer;44.466;1159.767;124.68849509864765;843.1103148833878;operator;False
Q7_1_seed_0101000000;11601;Sort;2;Outer;1160.329;1160.36;1107.6640382246896;1109.1567501899126;operator;False
Q7_1_seed_0101000000;11599;Aggregate;0;;1163.432;1167.078;1159.5364464121913;1163.1290541267842;pattern;
