query_file;node_id;node_type;depth;parent_relationship;actual_startup_time;actual_total_time;predicted_startup_time;predicted_total_time;prediction_type;is_leaf
Q3_5_seed_32816124;5409;Seq Scan;7;Outer;4.747;28.85;0.2620264914759458;38.52930414801136;operator;True
Q3_5_seed_32816124;5407;Seq Scan;6;Outer;0.248;154.097;0.2916333406660194;163.45571326128646;operator;True
Q3_5_seed_32816124;5408;Hash;6;Inner;29.643;29.643;17.74448016347796;17.74502142717205;operator;False
Q3_5_seed_32816124;5406;Hash Join;5;Outer;31.192;208.059;27.21965544806963;231.0072364248615;operator;False
Q3_5_seed_32816124;5410;Index Scan;5;Inner;0.026;0.026;0.05839675190218198;-0.5180651256505655;operator;True
Q3_5_seed_32816124;5405;Nested Loop;4;Outer;32.382;1170.435;122.02563754436102;1193.3509513444774;operator;False
Q3_5_seed_32816124;5401;Limit;0;;1206.875;1207.303;1150.421525831565;1151.175025831565;pattern;
