query_file;node_id;node_type;depth;parent_relationship;actual_startup_time;actual_total_time;predicted_startup_time;predicted_total_time;prediction_type;is_leaf
Q10_127_seed_1033707906;19759;Seq Scan;6;Outer;0.012;0.013;0.06128368059525324;7.194474264237783;operator;True
Q10_127_seed_1033707906;19752;Hash Join;5;Outer;37.356;1071.176;36.96990261843691;725.0913617798499;pattern;
Q10_127_seed_1033707906;19758;Hash;5;Inner;0.018;0.018;14.539339481092867;14.53971731681122;operator;False
Q10_127_seed_1033707906;19747;Limit;0;;1134.202;1134.975;1150.3856923654023;1151.1511923654023;pattern;
