metric;value;percentage
mean_mre;0.018625986776117185;1.8625986776117185
