query_file;node_id;node_type;depth;parent_relationship;actual_startup_time;actual_total_time;predicted_startup_time;predicted_total_time;prediction_type;is_leaf
Q7_107_seed_869627286;10635;Hash Join;7;Outer;0.754;37.507;37.617349447730206;429.3830087422621;pattern;
Q7_107_seed_869627286;10632;Hash Join;5;Outer;38.243;213.264;39.638535265155625;304.8909869868012;pattern;
Q7_107_seed_869627286;10639;Index Scan;5;Inner;0.031;0.032;0.03941894583458616;0.9628515547403396;operator;True
Q7_107_seed_869627286;10641;Hash Join;5;Outer;0.11;3.162;37.61603003805647;429.3628282798292;pattern;
Q7_107_seed_869627286;10631;Nested Loop;4;Outer;38.629;1178.932;173.4013251715467;1215.9932441105188;operator;False
Q7_107_seed_869627286;10640;Hash;4;Inner;3.21;3.21;27.742268811544875;27.74323152040685;operator;False
Q7_107_seed_869627286;10630;Hash Join;3;Outer;44.324;1185.896;124.68849509864765;843.1103148833878;operator;False
Q7_107_seed_869627286;10629;Sort;2;Outer;1186.481;1186.51;1107.6640382246896;1109.1567501899126;operator;False
Q7_107_seed_869627286;10627;Aggregate;0;;1189.266;1193.485;1159.5364464121913;1163.1290541267842;pattern;
