query_file;node_id;node_type;depth;parent_relationship;actual_startup_time;actual_total_time;predicted_startup_time;predicted_total_time;prediction_type;is_leaf
Q12_94_seed_762974883;25325;Nested Loop;4;Outer;9.482;963.912;10.433153542525893;976.0573710777048;pattern;
Q12_94_seed_762974883;25324;Sort;3;Outer;964.691;964.794;1049.8229166233778;1050.8043709010278;operator;False
Q12_94_seed_762974883;25323;Aggregate;2;Outer;965.055;965.394;925.9589732634485;940.6382469230407;operator;False
Q12_94_seed_762974883;25321;Aggregate;0;;979.24;984.331;1022.9227703627464;1027.0478374623212;pattern;
