query_file;node_id;node_type;depth;parent_relationship;actual_startup_time;actual_total_time;predicted_startup_time;predicted_total_time;prediction_type;is_leaf
Q9_111_seed_902443410;16881;Seq Scan;11;Outer;0.224;25.76;0.40686843168292564;42.49131992105157;operator;True
Q9_111_seed_902443410;16882;Index Scan;11;Inner;0.057;0.061;0.0716199135124366;0.1191555438762748;operator;True
Q9_111_seed_902443410;16884;Seq Scan;11;Outer;0.159;4.464;0.0355295538972451;10.6167639219301;operator;True
Q9_111_seed_902443410;16880;Nested Loop;10;Outer;0.423;192.161;3.797477070744492;1067.2562866289059;operator;False
Q9_111_seed_902443410;16883;Hash;10;Inner;4.915;4.915;14.788736917579712;14.788414910012989;operator;False
Q9_111_seed_902443410;16886;Seq Scan;10;Outer;14.684;14.686;0.06128368059525324;7.194474264237783;operator;True
Q9_111_seed_902443410;16868;Sort;0;;1274.87;1280.356;1272.1443993133535;1278.1038993133536;pattern;
