query_file;node_id;node_type;depth;parent_relationship;actual_startup_time;actual_total_time;predicted_startup_time;predicted_total_time;prediction_type;is_leaf
Q19_15_seed_114856434;31618;Seq Scan;5;Outer;13.015;48.734;2.6638633902323137;31.602429686896073;operator;True
Q19_15_seed_114856434;31616;Seq Scan;4;Outer;0.871;783.299;2.7883207267258787;750.0676085204625;operator;True
Q19_15_seed_114856434;31617;Hash;4;Inner;48.855;48.855;12.055698467735084;12.055394490560388;operator;False
Q19_15_seed_114856434;31615;Hash Join;3;Outer;111.337;833.782;77.19498482335673;782.3821622330939;operator;False
Q19_15_seed_114856434;31612;Aggregate;0;;847.967;853.931;829.1939808007968;834.4991311655658;pattern;
