template;size_mre_pct;frequency_mre_pct;error_mre_pct
Q1;6.87;6.87;2.42
Q3;2.5700000000000003;2.56;2.5700000000000003
Q4;3.38;3.38;3.24
Q5;1.5699999999999998;1.5699999999999998;1.5699999999999998
Q6;4.08;4.08;2.03
Q7;7.8;7.79;1.4500000000000002
Q8;9.92;9.92;1.82
Q9;2.64;2.64;1.43
Q10;1.94;1.94;1.94
Q12;2.28;2.28;0.8500000000000001
Q13;1.83;1.83;1.83
Q14;1.51;1.63;1.51
Q18;0.48;0.48;0.48
Q19;2.93;2.28;2.93
