query_file;node_id;node_type;depth;parent_relationship;actual_startup_time;actual_total_time;predicted_startup_time;predicted_total_time;prediction_type;is_leaf
Q1_18_seed_139468527;300;Seq Scan;4;Outer;8.539;563.472;0.8500426438495499;680.3007882627949;operator;True
Q1_18_seed_139468527;298;Sort;2;Outer;968.619;968.62;1196.397480034604;1200.4933448009026;pattern;
Q1_18_seed_139468527;297;Gather Merge;1;Outer;983.178;988.789;1161.7811126157105;1165.904787525648;operator;False
Q1_18_seed_139468527;296;Aggregate;0;;983.212;988.838;1149.90414477662;1195.8841797109808;operator;False
