query_file;node_id;node_type;depth;parent_relationship;actual_startup_time;actual_total_time;predicted_startup_time;predicted_total_time;prediction_type;is_leaf
Q1_26_seed_205100775;345;Seq Scan;4;Outer;9.581;497.478;1.9092220254753811;569.5632387985586;operator;True
Q1_26_seed_205100775;344;Aggregate;3;Outer;901.825;901.83;951.3628557406129;972.3348518332522;operator;False
Q1_26_seed_205100775;343;Sort;2;Outer;901.856;901.858;1150.467519997621;1152.4511272710183;operator;False
Q1_26_seed_205100775;342;Gather Merge;1;Outer;915.289;922.639;1074.9952162869965;1079.3606901613375;operator;False
Q1_26_seed_205100775;341;Aggregate;0;;915.322;922.697;1039.4715135907713;1052.0209096307387;operator;False
