metric;value;percentage
mean_mre;0.055507889478535195;5.55078894785352
