query_file;node_id;node_type;depth;parent_relationship;actual_startup_time;actual_total_time;predicted_startup_time;predicted_total_time;prediction_type;is_leaf
Q7_50_seed_401997519;12219;Hash Join;7;Outer;0.258;31.398;37.617349447730206;429.3830087422621;pattern;
Q7_50_seed_401997519;12216;Hash Join;5;Outer;32.118;205.329;39.638535265155625;304.8909869868012;pattern;
Q7_50_seed_401997519;12223;Index Scan;5;Inner;0.033;0.033;0.03941894583458616;0.9628515547403396;operator;True
Q7_50_seed_401997519;12225;Hash Join;5;Outer;0.108;2.863;37.61603003805647;429.3628282798292;pattern;
Q7_50_seed_401997519;12215;Nested Loop;4;Outer;32.622;1208.681;173.4013251715467;1215.9932441105188;operator;False
Q7_50_seed_401997519;12224;Hash;4;Inner;2.932;2.933;27.742268811544875;27.74323152040685;operator;False
Q7_50_seed_401997519;12214;Hash Join;3;Outer;36.42;1215.403;124.68849509864765;843.1103148833878;operator;False
Q7_50_seed_401997519;12213;Sort;2;Outer;1216.02;1216.05;1107.6640382246896;1109.1567501899126;operator;False
Q7_50_seed_401997519;12211;Aggregate;0;;1218.871;1222.751;1159.5364464121913;1163.1290541267842;pattern;
