query_file;node_id;node_type;depth;parent_relationship;actual_startup_time;actual_total_time;predicted_startup_time;predicted_total_time;prediction_type;is_leaf
Q13_137_seed_1115748216;25656;Index Only Scan;5;Outer;0.01;10.13;0.0;0.0;operator;True
Q13_137_seed_1115748216;25653;Hash Join;3;Outer;15.848;688.717;157.7025990346343;470.31115147869974;pattern;
Q13_137_seed_1115748216;25652;Aggregate;2;Outer;888.917;896.504;908.2640129155427;999.7559047775422;operator;False
Q13_137_seed_1115748216;25650;Sort;0;;902.558;902.56;1078.7040072930517;1079.938978038967;pattern;
