query_file;node_id;node_type;depth;parent_relationship;actual_startup_time;actual_total_time;predicted_startup_time;predicted_total_time;prediction_type;is_leaf
Q10_146_seed_1189584495;20027;Seq Scan;7;Outer;0.108;162.038;-0.548878436059701;159.74167427354615;operator;True
Q10_146_seed_1189584495;20028;Index Scan;7;Inner;0.059;0.062;0.026475207034008907;-0.5182326695888122;operator;True
Q10_146_seed_1189584495;20030;Seq Scan;7;Outer;0.011;29.23;-10.029480805383272;26.639726858412047;operator;True
Q10_146_seed_1189584495;20032;Seq Scan;6;Outer;0.012;0.012;0.43638700067583747;6.9787036398299165;operator;True
Q10_146_seed_1189584495;20025;Hash Join;5;Outer;40.444;1103.919;51.85968116941166;1120.186300167595;pattern;
Q10_146_seed_1189584495;20031;Hash;5;Inner;0.016;0.016;15.710003163406043;15.710773700000516;operator;False
Q10_146_seed_1189584495;20024;Hash Join;4;Outer;40.55;1106.813;54.20514221033885;1095.525725041396;operator;False
Q10_146_seed_1189584495;20020;Limit;0;;1157.059;1157.804;1197.4162580478192;1199.4703591139319;pattern;
