query_file;node_id;node_type;depth;parent_relationship;actual_startup_time;actual_total_time;predicted_startup_time;predicted_total_time;prediction_type;is_leaf
Q9_96_seed_779382945;19288;Hash Join;7;Outer;15.948;171.912;18.562980511663923;546.3867463471873;pattern;
Q9_96_seed_779382945;19285;Hash Join;5;Outer;174.553;985.004;176.1509401754699;734.1862724330653;pattern;
Q9_96_seed_779382945;19297;Index Scan;5;Inner;0.003;0.003;0.003729219503801895;-0.04238100520862531;operator;True
Q9_96_seed_779382945;19284;Nested Loop;4;Outer;175.006;1159.807;131.07465761814325;1182.9069701424717;operator;False
Q9_96_seed_779382945;19283;Aggregate;3;Outer;1183.311;1183.683;1134.0357406253838;1135.5665136973423;operator;False
Q9_96_seed_779382945;19282;Gather;2;Outer;1197.099;1203.394;579.2805933999948;1135.483888470399;operator;False
Q9_96_seed_779382945;19280;Sort;0;;1198.622;1204.286;1115.3500145530863;1116.8364823604172;pattern;
