query_file;node_id;node_type;depth;parent_relationship;actual_startup_time;actual_total_time;predicted_startup_time;predicted_total_time;prediction_type;is_leaf
Q3_142_seed_1156768371;4819;Seq Scan;7;Outer;4.764;28.701;0.26298146372291775;38.56986712631601;operator;True
Q3_142_seed_1156768371;4816;Hash Join;5;Outer;29.773;207.626;29.763537450251533;242.4476923705513;pattern;
Q3_142_seed_1156768371;4820;Index Scan;5;Inner;0.026;0.026;0.05839675190218198;-0.5180651256505655;operator;True
Q3_142_seed_1156768371;4815;Nested Loop;4;Outer;31.223;1144.374;121.65468936649589;1192.9004492521226;operator;False
Q3_142_seed_1156768371;4811;Limit;0;;1176.449;1179.499;1150.4215260391572;1151.1750260391573;pattern;
