query_file;node_id;node_type;depth;parent_relationship;actual_startup_time;actual_total_time;predicted_startup_time;predicted_total_time;prediction_type;is_leaf
Q12_123_seed_1000891782;24500;Seq Scan;5;Outer;9.947;871.665;1.6083221988740206;745.1923317662073;operator;True
Q12_123_seed_1000891782;24501;Index Scan;5;Inner;0.026;0.026;0.12456619013031595;0.07187872145217966;operator;True
Q12_123_seed_1000891782;24499;Nested Loop;4;Outer;10.353;1009.736;38.326988863804786;1127.4092707489608;operator;False
Q12_123_seed_1000891782;24498;Sort;3;Outer;1010.533;1010.636;1092.39483827254;1092.8078215242024;operator;False
Q12_123_seed_1000891782;24497;Aggregate;2;Outer;1010.897;1011.235;868.9672518650052;895.3135126533227;operator;False
Q12_123_seed_1000891782;24496;Gather Merge;1;Outer;1026.21;1035.061;1109.2223924423079;1111.8364489106568;operator;False
Q12_123_seed_1000891782;24495;Aggregate;0;;1026.623;1035.075;903.6005596049972;919.0689738898648;operator;False
