query_file;node_id;node_type;depth;parent_relationship;actual_startup_time;actual_total_time;predicted_startup_time;predicted_total_time;prediction_type;is_leaf
Q5_59_seed_475833798;8997;Seq Scan;13;Outer;0.053;0.054;0.11847516521860801;21.38994919585383;operator;True
Q5_59_seed_475833798;8995;Seq Scan;12;Outer;0.009;0.01;-0.015167767241809571;10.494725911870546;operator;True
Q5_59_seed_475833798;8996;Hash;12;Inner;0.056;0.056;16.01535370121718;16.014912333363355;operator;False
Q5_59_seed_475833798;8981;Sort;0;;1058.688;1058.799;1068.7925475201523;1070.443018615498;pattern;
