query_file;node_id;node_type;depth;parent_relationship;actual_startup_time;actual_total_time;predicted_startup_time;predicted_total_time;prediction_type;is_leaf
Q3_73_seed_590690232;5559;Seq Scan;7;Outer;4.812;28.389;0.26298146372291775;38.56986712631601;operator;True
Q3_73_seed_590690232;5557;Seq Scan;6;Outer;0.208;158.318;0.29091019563806686;163.17747753912477;operator;True
Q3_73_seed_590690232;5558;Hash;6;Inner;29.232;29.232;17.746020687919298;17.746561398818073;operator;False
Q3_73_seed_590690232;5556;Hash Join;5;Outer;30.172;211.374;27.113459114290904;230.1805508531845;operator;False
Q3_73_seed_590690232;5560;Index Scan;5;Inner;0.026;0.026;0.05839675190218198;-0.5180651256505655;operator;True
Q3_73_seed_590690232;5555;Nested Loop;4;Outer;31.928;1152.352;121.29287881685063;1192.5911707366292;operator;False
Q3_73_seed_590690232;5551;Limit;0;;1187.236;1188.828;1150.4215260662988;1151.1750260662989;pattern;
