query_file;node_id;node_type;depth;parent_relationship;actual_startup_time;actual_total_time;predicted_startup_time;predicted_total_time;prediction_type;is_leaf
Q3_36_seed_287141085;5149;Seq Scan;7;Outer;5.005;29.083;0.26290512072724725;38.566617753396486;operator;True
Q3_36_seed_287141085;5147;Seq Scan;6;Outer;0.342;158.637;0.29148045280951207;163.39553575660287;operator;True
Q3_36_seed_287141085;5148;Hash;6;Inner;29.843;29.843;17.745896367083304;17.746437122207624;operator;False
Q3_36_seed_287141085;5146;Hash Join;5;Outer;30.303;211.47;27.209464409108875;230.80512652439302;operator;False
Q3_36_seed_287141085;5150;Index Scan;5;Inner;0.026;0.026;0.05839675190218198;-0.5180651256505655;operator;True
Q3_36_seed_287141085;5145;Nested Loop;4;Outer;31.179;1167.059;121.71370957065083;1193.015301408403;operator;False
Q3_36_seed_287141085;5141;Limit;0;;1202.054;1204.08;1150.4215260245844;1151.1750260245844;pattern;
