query_file;node_id;node_type;depth;parent_relationship;actual_startup_time;actual_total_time;predicted_startup_time;predicted_total_time;prediction_type;is_leaf
Q3_128_seed_1041911937;4659;Seq Scan;7;Outer;4.654;30.285;0.3533309761599046;36.65735975449229;operator;True
Q3_128_seed_1041911937;4656;Hash Join;5;Outer;31.456;204.303;29.978551858141003;256.36744956363316;pattern;
Q3_128_seed_1041911937;4660;Index Scan;5;Inner;0.026;0.026;0.056250765173245454;-0.018536695684687743;operator;True
Q3_128_seed_1041911937;4655;Nested Loop;4;Outer;32.034;1158.068;30.924157637329074;1122.342734172205;operator;False
Q3_128_seed_1041911937;4651;Limit;0;;1191.182;1192.695;1194.1092664462146;1196.007930401509;pattern;
