query_file;node_id;node_type;depth;parent_relationship;actual_startup_time;actual_total_time;predicted_startup_time;predicted_total_time;prediction_type;is_leaf
Q13_89_seed_721954728;26335;Index Only Scan;5;Outer;0.014;9.578;0.0;0.0;operator;True
Q13_89_seed_721954728;26333;Seq Scan;4;Outer;0.194;481.646;-1.9489254011497288;264.1182089172417;operator;True
Q13_89_seed_721954728;26334;Hash;4;Inner;15.009;15.009;80.14603185435155;80.14700462784211;operator;False
Q13_89_seed_721954728;26332;Hash Join;3;Outer;15.411;699.897;145.01164067703996;787.8302068759015;operator;False
Q13_89_seed_721954728;26331;Aggregate;2;Outer;911.179;918.564;917.0474038737932;1014.1808286843299;operator;False
Q13_89_seed_721954728;26330;Aggregate;1;Outer;924.641;924.645;968.7074124781565;1000.3398058246635;operator;False
Q13_89_seed_721954728;26329;Sort;0;;924.672;924.674;1080.3899255089282;1081.9311346962395;operator;False
