query_file;node_id;node_type;depth;parent_relationship;actual_startup_time;actual_total_time;predicted_startup_time;predicted_total_time;prediction_type;is_leaf
Q1_9_seed_65632248;750;Seq Scan;4;Outer;8.127;579.637;0.8484791278336998;681.2149685795412;operator;True
Q1_9_seed_65632248;748;Sort;2;Outer;988.953;988.953;1196.1552569489234;1200.2517820559754;pattern;
Q1_9_seed_65632248;747;Gather Merge;1;Outer;1000.207;1006.086;1161.7631669606683;1165.8863834715191;operator;False
Q1_9_seed_65632248;746;Aggregate;0;;1000.225;1006.123;1149.8843311940082;1195.8211054698104;operator;False
