query_file;node_id;node_type;depth;parent_relationship;actual_startup_time;actual_total_time;predicted_startup_time;predicted_total_time;prediction_type;is_leaf
Q7_133_seed_1082932092;11166;Seq Scan;7;Outer;0.01;0.012;0.057510053765475355;7.1959461692964055;operator;True
Q7_133_seed_1082932092;11155;Seq Scan;6;Outer;0.252;153.612;0.17165698011059138;192.19189190052919;operator;True
Q7_133_seed_1082932092;11156;Hash;6;Inner;33.512;33.512;35.59041974959206;35.59136215845007;pattern;
Q7_133_seed_1082932092;11164;Seq Scan;6;Outer;0.092;2.572;0.0355295538972451;10.6167639219301;operator;True
Q7_133_seed_1082932092;11165;Hash;6;Inner;0.015;0.015;14.536786179837549;14.537163827824884;operator;False
Q7_133_seed_1082932092;11149;Aggregate;0;;1230.629;1235.415;1196.627;1200.903;pattern;
