query_file;node_id;node_type;depth;parent_relationship;actual_startup_time;actual_total_time;predicted_startup_time;predicted_total_time;prediction_type;is_leaf
Q8_80_seed_648118449;16156;Seq Scan;10;Outer;0.072;30.901;0.27610590718633166;24.87346631481978;operator;True
Q8_80_seed_648118449;16157;Hash;10;Inner;0.238;0.239;0.19455457104402996;0.195299517027415;pattern;
Q8_80_seed_648118449;16164;Seq Scan;7;Outer;0.47;42.646;0.42402560256514965;44.4894589360305;operator;True
Q8_80_seed_648118449;16151;Nested Loop;6;Outer;34.47;1142.029;37.6417632564794;1155.057519186467;pattern;
Q8_80_seed_648118449;16163;Hash;6;Inner;42.712;42.712;17.764932056593636;17.764497135477512;operator;False
Q8_80_seed_648118449;16150;Hash Join;5;Outer;79.839;1189.126;78.67156296728177;1042.8646711983408;operator;False
Q8_80_seed_648118449;16165;Index Scan;5;Inner;0.006;0.006;0.005987109893472176;0.051211396152496036;operator;True
Q8_80_seed_648118449;16167;Seq Scan;5;Outer;0.012;0.013;0.06128368059525324;7.194474264237783;operator;True
Q8_80_seed_648118449;16145;Aggregate;0;;1197.893;1199.427;1219.176923632104;1220.5388178053859;pattern;
