query_file;node_id;node_type;depth;parent_relationship;actual_startup_time;actual_total_time;predicted_startup_time;predicted_total_time;prediction_type;is_leaf
Q4_114_seed_927055503;5961;Seq Scan;5;Outer;0.099;162.091;0.9382110768332961;154.66223648338593;operator;True
Q4_114_seed_927055503;5962;Index Scan;5;Inner;0.061;0.061;-0.0035403110426649176;11.104353034264989;operator;True
Q4_114_seed_927055503;5960;Nested Loop;4;Outer;0.338;1029.52;199.80203399293853;1255.4487969298648;operator;False
Q4_114_seed_927055503;5956;Aggregate;0;;1033.337;1035.563;946.3724041557311;952.1882127354145;pattern;
