query_file;node_id;node_type;depth;parent_relationship;actual_startup_time;actual_total_time;predicted_startup_time;predicted_total_time;prediction_type;is_leaf
Q13_112_seed_910647441;25467;Index Only Scan;5;Outer;0.01;10.184;0.0;0.0;operator;True
Q13_112_seed_910647441;25464;Hash Join;3;Outer;16.031;713.587;157.7025990346343;470.31115147869974;pattern;
Q13_112_seed_910647441;25463;Aggregate;2;Outer;916.251;923.826;908.2640129155427;999.7559047775422;operator;False
Q13_112_seed_910647441;25461;Sort;0;;929.937;929.944;1078.7040072930517;1079.938978038967;pattern;
