query_file;node_id;node_type;depth;parent_relationship;actual_startup_time;actual_total_time;predicted_startup_time;predicted_total_time;prediction_type;is_leaf
Q14_7_seed_49224186;27315;Seq Scan;5;Outer;8.115;38.552;1.2208188453329911;12.703852905744952;operator;True
Q14_7_seed_49224186;27313;Seq Scan;4;Outer;0.869;743.709;6.817470336198086;758.4983440331614;operator;True
Q14_7_seed_49224186;27314;Hash;4;Inner;43.125;43.126;9.378350513673809;9.3794421988882;operator;False
Q14_7_seed_49224186;27309;Aggregate;0;;811.944;818.963;850.7724587589487;857.1349387352788;pattern;
