query_file;node_id;node_type;depth;parent_relationship;actual_startup_time;actual_total_time;predicted_startup_time;predicted_total_time;prediction_type;is_leaf
Q12_128_seed_1041911937;24535;Seq Scan;5;Outer;9.375;826.594;3.975465664499738;750.4568665550431;operator;True
Q12_128_seed_1041911937;24536;Index Scan;5;Inner;0.026;0.026;0.02578304839054807;-0.01647583438285949;operator;True
Q12_128_seed_1041911937;24534;Nested Loop;4;Outer;9.871;962.513;21.2810141723005;1101.3076458514283;operator;False
Q12_128_seed_1041911937;24533;Sort;3;Outer;963.343;963.45;1057.1097030574413;1058.10226521857;operator;False
Q12_128_seed_1041911937;24532;Aggregate;2;Outer;963.738;964.108;927.0345098664033;941.9621387515648;operator;False
Q12_128_seed_1041911937;24530;Aggregate;0;;978.454;983.561;1022.922797829932;1027.0478533486998;pattern;
