query_file;node_id;node_type;depth;parent_relationship;actual_startup_time;actual_total_time;predicted_startup_time;predicted_total_time;prediction_type;is_leaf
Q12_83_seed_672730542;25242;Seq Scan;5;Outer;13.301;830.629;3.975324989680686;750.4546862642151;operator;True
Q12_83_seed_672730542;25243;Index Scan;5;Inner;0.026;0.026;0.02578304839054807;-0.01647583438285949;operator;True
Q12_83_seed_672730542;25241;Nested Loop;4;Outer;13.375;967.793;21.27157356027186;1101.2906510912262;operator;False
Q12_83_seed_672730542;25240;Sort;3;Outer;968.635;968.736;1057.0982065158616;1058.090647080152;operator;False
Q12_83_seed_672730542;25239;Aggregate;2;Outer;969.017;969.357;927.0491537995946;941.9674918722632;operator;False
Q12_83_seed_672730542;25237;Aggregate;0;;983.451;987.84;1022.9233989145699;1027.0482022534093;pattern;
