query_file;node_id;node_type;depth;parent_relationship;actual_startup_time;actual_total_time;predicted_startup_time;predicted_total_time;prediction_type;is_leaf
Q3_39_seed_311753178;5179;Seq Scan;7;Outer;4.792;28.347;0.3533309761599046;36.65735975449229;operator;True
Q3_39_seed_311753178;5176;Hash Join;5;Outer;30.129;210.174;29.96763297865688;256.3764099135185;pattern;
Q3_39_seed_311753178;5180;Index Scan;5;Inner;0.026;0.026;0.056250765173245454;-0.018536695684687743;operator;True
Q3_39_seed_311753178;5175;Nested Loop;4;Outer;31.266;1166.498;31.08286179194772;1122.5193723642196;operator;False
Q3_39_seed_311753178;5171;Limit;0;;1201.473;1201.623;1194.1151697882005;1196.013990115797;pattern;
