query_file;node_id;node_type;depth;parent_relationship;actual_startup_time;actual_total_time;predicted_startup_time;predicted_total_time;prediction_type;is_leaf
Q3_39_seed_311753178;5179;Seq Scan;7;Outer;4.792;28.347;0.3533309761599046;36.65735975449229;operator;True
Q3_39_seed_311753178;5177;Seq Scan;6;Outer;0.224;157.238;0.2966793551795899;162.22431966096966;operator;True
Q3_39_seed_311753178;5178;Hash;6;Inner;29.003;29.003;17.513650747437197;17.51334089710457;operator;False
Q3_39_seed_311753178;5176;Hash Join;5;Outer;30.129;210.174;29.059763307258294;231.49862408402544;operator;False
Q3_39_seed_311753178;5180;Index Scan;5;Inner;0.026;0.026;0.056250765173245454;-0.018536695684687743;operator;True
Q3_39_seed_311753178;5175;Nested Loop;4;Outer;31.266;1166.498;30.630144311774757;1122.2285103299484;operator;False
Q3_39_seed_311753178;5171;Limit;0;;1201.473;1201.623;1194.1151697882005;1196.013990115797;pattern;
