query_file;node_id;node_type;depth;parent_relationship;actual_startup_time;actual_total_time;predicted_startup_time;predicted_total_time;prediction_type;is_leaf
Q1_84_seed_680934573;665;Seq Scan;4;Outer;7.803;517.086;1.9228611167280274;571.2535608174443;operator;True
Q1_84_seed_680934573;664;Aggregate;3;Outer;927.831;927.834;951.3418827809986;972.156998883477;operator;False
Q1_84_seed_680934573;663;Sort;2;Outer;927.856;927.856;1150.425548324644;1152.4081502180054;operator;False
Q1_84_seed_680934573;662;Gather Merge;1;Outer;939.092;944.334;1075.0072866878577;1079.3721051937564;operator;False
Q1_84_seed_680934573;661;Aggregate;0;;939.116;944.381;1039.5163629290255;1052.014525937136;operator;False
