query_file;node_id;node_type;depth;parent_relationship;actual_startup_time;actual_total_time;predicted_startup_time;predicted_total_time;prediction_type;is_leaf
Q9_7_seed_49224186;18965;Seq Scan;11;Outer;0.265;26.322;0.40686843168292564;42.49131992105157;operator;True
Q9_7_seed_49224186;18966;Index Scan;11;Inner;0.057;0.059;0.0716199135124366;0.1191555438762748;operator;True
Q9_7_seed_49224186;18968;Seq Scan;11;Outer;0.094;3.948;0.0355295538972451;10.6167639219301;operator;True
Q9_7_seed_49224186;18964;Nested Loop;10;Outer;0.406;188.268;3.797477070744492;1067.2562866289059;operator;False
Q9_7_seed_49224186;18967;Hash;10;Inner;4.447;4.447;14.788736917579712;14.788414910012989;operator;False
Q9_7_seed_49224186;18970;Seq Scan;10;Outer;14.612;14.616;0.06128368059525324;7.194474264237783;operator;True
Q9_7_seed_49224186;18952;Sort;0;;1277.545;1284.666;1272.1443993133535;1278.1038993133536;pattern;
