query_file;node_id;node_type;depth;parent_relationship;actual_startup_time;actual_total_time;predicted_startup_time;predicted_total_time;prediction_type;is_leaf
Q7_73_seed_590690232;12669;Hash Join;7;Outer;0.294;33.778;37.617349447730206;429.3830087422621;pattern;
Q7_73_seed_590690232;12666;Hash Join;5;Outer;35.032;211.416;39.638535265155625;304.8909869868012;pattern;
Q7_73_seed_590690232;12673;Index Scan;5;Inner;0.032;0.033;0.03941894583458616;0.9628515547403396;operator;True
Q7_73_seed_590690232;12675;Hash Join;5;Outer;0.118;2.672;37.61603003805647;429.3628282798292;pattern;
Q7_73_seed_590690232;12665;Nested Loop;4;Outer;35.623;1196.495;173.4013251715467;1215.9932441105188;operator;False
Q7_73_seed_590690232;12674;Hash;4;Inner;2.718;2.718;27.742268811544875;27.74323152040685;operator;False
Q7_73_seed_590690232;12664;Hash Join;3;Outer;40.524;1202.98;124.68849509864765;843.1103148833878;operator;False
Q7_73_seed_590690232;12663;Sort;2;Outer;1203.577;1203.605;1107.6640382246896;1109.1567501899126;operator;False
Q7_73_seed_590690232;12661;Aggregate;0;;1207.444;1212.722;1159.5364464121913;1163.1290541267842;pattern;
