query_file;node_id;node_type;depth;parent_relationship;actual_startup_time;actual_total_time;predicted_startup_time;predicted_total_time;prediction_type;is_leaf
Q1_36_seed_287141085;400;Seq Scan;4;Outer;8.666;575.478;0.8524924056464194;678.8072290305149;operator;True
Q1_36_seed_287141085;398;Sort;2;Outer;983.425;983.425;1196.791701995274;1200.886446718209;pattern;
Q1_36_seed_287141085;397;Gather Merge;1;Outer;997.595;1003.672;1161.810415107575;1165.9348355593763;operator;False
Q1_36_seed_287141085;396;Aggregate;0;;997.625;1003.725;1149.9364070070046;1195.9870381662645;operator;False
