query_file;node_id;node_type;depth;parent_relationship;actual_startup_time;actual_total_time;predicted_startup_time;predicted_total_time;prediction_type;is_leaf
Q1_103_seed_836811162;20;Seq Scan;4;Outer;8.409;573.005;0.8516600561280341;679.3236576964327;operator;True
Q1_103_seed_836811162;18;Sort;2;Outer;979.028;979.03;1196.6556027657537;1200.7507405240976;pattern;
Q1_103_seed_836811162;17;Gather Merge;1;Outer;992.106;998.174;1161.8002856861021;1165.9244488298903;operator;False
Q1_103_seed_836811162;16;Aggregate;0;;992.151;998.241;1149.9252671345114;1195.9515002810028;operator;False
