query_file;node_id;node_type;depth;parent_relationship;actual_startup_time;actual_total_time;predicted_startup_time;predicted_total_time;prediction_type;is_leaf
Q12_7_seed_49224186;25214;Seq Scan;5;Outer;9.821;839.696;1.608619350501491;745.1946132058167;operator;True
Q12_7_seed_49224186;25215;Index Scan;5;Inner;0.026;0.026;0.12456619013031595;0.07187872145217966;operator;True
Q12_7_seed_49224186;25213;Nested Loop;4;Outer;10.47;974.25;38.32211813099005;1127.413067989304;operator;False
Q12_7_seed_49224186;25212;Sort;3;Outer;975.128;975.237;1092.4084896963564;1092.821572739421;operator;False
Q12_7_seed_49224186;25211;Aggregate;2;Outer;975.573;975.914;868.9380553768008;895.2956669459801;operator;False
Q12_7_seed_49224186;25210;Gather Merge;1;Outer;989.664;995.263;1109.2238333030177;1111.83796201685;operator;False
Q12_7_seed_49224186;25209;Aggregate;0;;990.043;995.281;903.5706327098435;919.050141348278;operator;False
