query_file;node_id;node_type;depth;parent_relationship;actual_startup_time;actual_total_time;predicted_startup_time;predicted_total_time;prediction_type;is_leaf
Q12_33_seed_262528992;24856;Nested Loop;4;Outer;11.194;968.158;10.43633092092963;975.9771016294139;pattern;
Q12_33_seed_262528992;24855;Sort;3;Outer;968.997;969.097;1049.8089074864097;1050.7902542354068;operator;False
Q12_33_seed_262528992;24854;Aggregate;2;Outer;969.376;969.714;925.9723165505159;940.6427279789445;operator;False
Q12_33_seed_262528992;24852;Aggregate;0;;984.733;989.958;1022.9233360711854;1027.0481656306083;pattern;
