query_file;node_id;node_type;depth;parent_relationship;actual_startup_time;actual_total_time;predicted_startup_time;predicted_total_time;prediction_type;is_leaf
Q7_62_seed_500445891;12451;Seq Scan;6;Outer;0.714;150.834;0.17165698011059138;192.19189190052919;operator;True
Q7_62_seed_500445891;12452;Hash;6;Inner;36.003;36.004;35.59041974959206;35.59136215845007;pattern;
Q7_62_seed_500445891;12450;Hash Join;5;Outer;37.703;213.329;41.872272921538226;319.9010984494266;operator;False
Q7_62_seed_500445891;12457;Index Scan;5;Inner;0.032;0.032;0.03861891685575192;0.08695394945135604;operator;True
Q7_62_seed_500445891;12449;Nested Loop;4;Outer;38.462;1180.195;43.63052156289221;1145.8116182556264;operator;False
Q7_62_seed_500445891;12458;Hash;4;Inner;5.825;5.826;3.419225587680483;3.420219390564668;pattern;
Q7_62_seed_500445891;12448;Hash Join;3;Outer;47.38;1189.761;43.92602067967012;1130.4265305950305;operator;False
Q7_62_seed_500445891;12447;Sort;2;Outer;1190.356;1190.385;1149.2755057348375;1149.8710441917033;operator;False
Q7_62_seed_500445891;12445;Aggregate;0;;1193.421;1197.616;1184.0519011625388;1187.6479853732715;pattern;
