query_file;node_id;node_type;depth;parent_relationship;actual_startup_time;actual_total_time;predicted_startup_time;predicted_total_time;prediction_type;is_leaf
Q7_124_seed_1009095813;10977;Hash Join;7;Outer;0.102;36.517;37.617349447730206;429.3830087422621;pattern;
Q7_124_seed_1009095813;10974;Hash Join;5;Outer;37.857;216.044;39.638535265155625;304.8909869868012;pattern;
Q7_124_seed_1009095813;10981;Index Scan;5;Inner;0.031;0.032;0.03941894583458616;0.9628515547403396;operator;True
Q7_124_seed_1009095813;10983;Hash Join;5;Outer;0.096;2.699;37.61603003805647;429.3628282798292;pattern;
Q7_124_seed_1009095813;10973;Nested Loop;4;Outer;38.187;1197.445;173.4013251715467;1215.9932441105188;operator;False
Q7_124_seed_1009095813;10982;Hash;4;Inner;2.752;2.753;27.742268811544875;27.74323152040685;operator;False
Q7_124_seed_1009095813;10972;Hash Join;3;Outer;41.519;1204.085;124.68849509864765;843.1103148833878;operator;False
Q7_124_seed_1009095813;10971;Sort;2;Outer;1204.685;1204.712;1107.6640382246896;1109.1567501899126;operator;False
Q7_124_seed_1009095813;10969;Aggregate;0;;1208.361;1213.647;1159.5364464121913;1163.1290541267842;pattern;
