query_file;node_id;node_type;depth;parent_relationship;actual_startup_time;actual_total_time;predicted_startup_time;predicted_total_time;prediction_type;is_leaf
Q5_83_seed_672730542;9537;Seq Scan;13;Outer;0.07;0.071;0.11847516521860801;21.38994919585383;operator;True
Q5_83_seed_672730542;9535;Seq Scan;12;Outer;0.008;0.009;-0.015167767241809571;10.494725911870546;operator;True
Q5_83_seed_672730542;9536;Hash;12;Inner;0.073;0.074;16.01535370121718;16.014912333363355;operator;False
Q5_83_seed_672730542;9521;Sort;0;;1065.139;1067.211;1068.7923421266266;1070.4427907048444;pattern;
