query_file;node_id;node_type;depth;parent_relationship;actual_startup_time;actual_total_time;predicted_startup_time;predicted_total_time;prediction_type;is_leaf
Q10_13_seed_98448372;19936;Seq Scan;7;Outer;0.081;162.913;-0.548878436059701;159.74167427354615;operator;True
Q10_13_seed_98448372;19937;Index Scan;7;Inner;0.06;0.062;0.026475207034008907;-0.5182326695888122;operator;True
Q10_13_seed_98448372;19939;Seq Scan;7;Outer;0.017;29.145;-10.029480805383272;26.639726858412047;operator;True
Q10_13_seed_98448372;19941;Seq Scan;6;Outer;0.01;0.011;0.43638700067583747;6.9787036398299165;operator;True
Q10_13_seed_98448372;19934;Hash Join;5;Outer;41.104;1106.176;51.85968116941166;1120.186300167595;pattern;
Q10_13_seed_98448372;19940;Hash;5;Inner;0.015;0.015;15.710003163406043;15.710773700000516;operator;False
Q10_13_seed_98448372;19933;Hash Join;4;Outer;41.183;1109.099;54.20514221033885;1095.525725041396;operator;False
Q10_13_seed_98448372;19929;Limit;0;;1160.225;1160.965;1197.4162580478192;1199.4703591139319;pattern;
