query_file;node_id;node_type;depth;parent_relationship;actual_startup_time;actual_total_time;predicted_startup_time;predicted_total_time;prediction_type;is_leaf
Q3_78_seed_631710387;5609;Seq Scan;7;Outer;5.163;29.95;0.26221760492631097;38.5374073235966;operator;True
Q3_78_seed_631710387;5607;Seq Scan;6;Outer;0.283;154.903;0.2916333406660194;163.45571326128646;operator;True
Q3_78_seed_631710387;5608;Hash;6;Inner;30.692;30.693;17.744785923081054;17.745327076220036;operator;False
Q3_78_seed_631710387;5606;Hash Join;5;Outer;31.093;208.463;27.223268935190177;231.0006420517841;operator;False
Q3_78_seed_631710387;5610;Index Scan;5;Inner;0.025;0.026;0.05839675190218198;-0.5180651256505655;operator;True
Q3_78_seed_631710387;5605;Nested Loop;4;Outer;31.353;1164.358;121.98272848896134;1193.3037265745293;operator;False
Q3_78_seed_631710387;5601;Limit;0;;1200.745;1200.927;1150.4215258623767;1151.1750258623767;pattern;
