query_file;node_id;node_type;depth;parent_relationship;actual_startup_time;actual_total_time;predicted_startup_time;predicted_total_time;prediction_type;is_leaf
Q12_126_seed_1025503875;24521;Seq Scan;5;Outer;10.629;831.509;1.6086125970466698;745.194561364593;operator;True
Q12_126_seed_1025503875;24522;Index Scan;5;Inner;0.025;0.025;0.12456619013031595;0.07187872145217966;operator;True
Q12_126_seed_1025503875;24520;Nested Loop;4;Outer;11.169;964.423;38.32228620259389;1127.4130139662293;operator;False
Q12_126_seed_1025503875;24519;Sort;3;Outer;965.323;965.429;1092.4082797114365;1092.8213615028344;operator;False
Q12_126_seed_1025503875;24518;Aggregate;2;Outer;965.7;966.049;868.9384776420253;895.2959218140052;operator;False
Q12_126_seed_1025503875;24517;Gather Merge;1;Outer;978.305;984.157;1109.2238123046036;1111.8379399712198;operator;False
Q12_126_seed_1025503875;24516;Aggregate;0;;978.721;984.172;903.5710664095174;919.0504139991434;operator;False
