query_file;node_id;node_type;depth;parent_relationship;actual_startup_time;actual_total_time;predicted_startup_time;predicted_total_time;prediction_type;is_leaf
Q13_2_seed_8204031;25880;Index Only Scan;5;Outer;0.016;9.552;0.0;0.0;operator;True
Q13_2_seed_8204031;25878;Seq Scan;4;Outer;0.25;477.6;-1.9573972347551463;264.1925409425301;operator;True
Q13_2_seed_8204031;25879;Hash;4;Inner;14.77;14.77;80.14603185435155;80.14700462784211;operator;False
Q13_2_seed_8204031;25877;Hash Join;3;Outer;15.23;693.561;145.01164067703996;787.8302068759015;operator;False
Q13_2_seed_8204031;25876;Aggregate;2;Outer;899.846;906.699;917.0178124207043;1014.3875217138225;operator;False
Q13_2_seed_8204031;25875;Aggregate;1;Outer;912.721;912.726;968.6999423050423;1000.3283401184681;operator;False
Q13_2_seed_8204031;25874;Sort;0;;912.746;912.749;1080.3914887596711;1081.9327597444683;operator;False
