query_file;node_id;node_type;depth;parent_relationship;actual_startup_time;actual_total_time;predicted_startup_time;predicted_total_time;prediction_type;is_leaf
Q1_117_seed_951667596;95;Seq Scan;4;Outer;8.615;511.524;0.849407328912335;680.6756898359707;operator;True
Q1_117_seed_951667596;94;Aggregate;3;Outer;925.341;925.344;1037.3926772291868;1112.8142262997355;operator;False
Q1_117_seed_951667596;93;Sort;2;Outer;925.371;925.372;1180.9465486114113;1182.0161714575834;operator;False
Q1_117_seed_951667596;92;Gather Merge;1;Outer;937.602;944.675;1161.4536445924512;1165.5780599601103;operator;False
Q1_117_seed_951667596;91;Aggregate;0;;937.634;944.721;1149.8606961695948;1195.8129228467476;operator;False
