query_file;node_id;node_type;depth;parent_relationship;actual_startup_time;actual_total_time;predicted_startup_time;predicted_total_time;prediction_type;is_leaf
Q7_41_seed_328161240;12039;Hash Join;7;Outer;0.135;36.463;37.617349447730206;429.3830087422621;pattern;
Q7_41_seed_328161240;12036;Hash Join;5;Outer;38.133;216.089;39.638535265155625;304.8909869868012;pattern;
Q7_41_seed_328161240;12043;Index Scan;5;Inner;0.031;0.032;0.03941894583458616;0.9628515547403396;operator;True
Q7_41_seed_328161240;12045;Hash Join;5;Outer;0.109;2.449;37.61603003805647;429.3628282798292;pattern;
Q7_41_seed_328161240;12035;Nested Loop;4;Outer;39.018;1187.918;173.4013251715467;1215.9932441105188;operator;False
Q7_41_seed_328161240;12044;Hash;4;Inner;2.497;2.497;27.742268811544875;27.74323152040685;operator;False
Q7_41_seed_328161240;12034;Hash Join;3;Outer;43.284;1194.215;124.68849509864765;843.1103148833878;operator;False
Q7_41_seed_328161240;12033;Sort;2;Outer;1195.347;1195.379;1107.6640382246896;1109.1567501899126;operator;False
Q7_41_seed_328161240;12031;Aggregate;0;;1198.509;1202.117;1159.5364464121913;1163.1290541267842;pattern;
