iteration;pattern_hash;pattern_string;error_score;new_mre;delta;status;mre_after
0;895c6e8c1a30a094329d71cef3111fbd;Hash Join -> [Seq Scan (Outer), Hash (Inner)];75736.16258656548;0.17923505511149673;4.262639974800253e-06;ACCEPTED;0.17923505511149673
1;1d35fb978b379d4a820897907e56ab7b;Sort -> Aggregate (Outer);26.400597457342585;0.1780718553276872;0.001163199783809521;ACCEPTED;0.1780718553276872
2;422ae017fa27104671904e4f61703f9d;Aggregate -> Hash Join -> [Seq Scan (Outer), Hash (Inner)] (Outer);5.0127840138568;0.1780417610806489;3.009424703831476e-05;ACCEPTED;0.1780417610806489
3;35ffb64405c972adec2b1bd3878a66ec;Sort -> Aggregate -> Aggregate (Outer) (Outer);3.616892197158325;0.1780417610806489;0.0;REJECTED;0.1780417610806489
4;46baed7f06163b3af82c476d6c604bd1;Sort -> Aggregate -> Aggregate -> Hash Join (Outer) (Outer) (Outer);3.616892197158325;0.1685914226442445;0.009450338436404387;ACCEPTED;0.1685914226442445
5;deb558a9002117c419af6559ba19ef08;Hash -> Index Only Scan (Outer);30.229467204234876;0.1685914226442445;0.0;REJECTED;0.1685914226442445
6;7524c54c59c38d4c931870520c264f63;Aggregate -> Hash Join (Outer);3.296753365717711;0.1685914226442445;0.0;REJECTED;0.1685914226442445
7;a396b865f3fb2653793f9d7d2013ff7b;Sort -> Aggregate -> Aggregate -> Hash Join -> [Seq Scan (Outer), Hash (Inner)] (Outer) (Outer) (Outer);0.4415784825264527;0.1685914219191545;7.250900158073392e-10;ACCEPTED;0.1685914219191545
8;f592ee114bc0abd20d7c5f6902392be9;Sort -> Aggregate -> Aggregate -> Hash Join -> [Seq Scan (Outer), Hash -> Index Only Scan (Outer) (Inner)] (Outer) (Outer) (Outer);0.4415782388962073;0.16859142111407502;8.05079475307835e-10;ACCEPTED;0.16859142111407502
