query_file;node_id;node_type;depth;parent_relationship;actual_startup_time;actual_total_time;predicted_startup_time;predicted_total_time;prediction_type;is_leaf
Q7_12_seed_90244341;11085;Hash Join;7;Outer;0.182;34.098;37.617349447730206;429.3830087422621;pattern;
Q7_12_seed_90244341;11082;Hash Join;5;Outer;35.718;213.684;39.638535265155625;304.8909869868012;pattern;
Q7_12_seed_90244341;11089;Index Scan;5;Inner;0.032;0.032;0.03941894583458616;0.9628515547403396;operator;True
Q7_12_seed_90244341;11091;Hash Join;5;Outer;0.109;4.084;37.61603003805647;429.3628282798292;pattern;
Q7_12_seed_90244341;11081;Nested Loop;4;Outer;36.883;1173.387;173.4013251715467;1215.9932441105188;operator;False
Q7_12_seed_90244341;11090;Hash;4;Inner;4.126;4.127;27.742268811544875;27.74323152040685;operator;False
Q7_12_seed_90244341;11080;Hash Join;3;Outer;43.626;1181.205;124.68849509864765;843.1103148833878;operator;False
Q7_12_seed_90244341;11079;Sort;2;Outer;1181.792;1181.82;1107.6640382246896;1109.1567501899126;operator;False
Q7_12_seed_90244341;11077;Aggregate;0;;1183.972;1187.551;1159.5364464121913;1163.1290541267842;pattern;
