query_file;node_id;node_type;depth;parent_relationship;actual_startup_time;actual_total_time;predicted_startup_time;predicted_total_time;prediction_type;is_leaf
Q7_71_seed_574282170;12633;Hash Join;7;Outer;0.211;35.982;0.244988718307674;24.82128462146136;pattern;
Q7_71_seed_574282170;12630;Hash Join;5;Outer;37.788;214.793;37.16837594011375;260.16041393747275;pattern;
Q7_71_seed_574282170;12637;Index Scan;5;Inner;0.031;0.032;0.03861891685575192;0.08695394945135604;operator;True
Q7_71_seed_574282170;12639;Hash Join;5;Outer;0.106;2.839;0.15307644758142303;21.236310736734197;pattern;
Q7_71_seed_574282170;12629;Nested Loop;4;Outer;38.884;1187.401;42.24331911707124;1145.3730708220435;operator;False
Q7_71_seed_574282170;12638;Hash;4;Inner;2.884;2.884;14.938379238697365;14.938763777250472;operator;False
Q7_71_seed_574282170;12628;Hash Join;3;Outer;42.705;1194.054;43.42578054992339;1129.0568150886245;operator;False
Q7_71_seed_574282170;12627;Sort;2;Outer;1194.659;1194.691;1149.2180891709254;1149.813162537229;operator;False
Q7_71_seed_574282170;12625;Aggregate;0;;1197.976;1202.987;1184.0519011625388;1187.6479853732715;pattern;
