query_file;node_id;node_type;depth;parent_relationship;actual_startup_time;actual_total_time;predicted_startup_time;predicted_total_time;prediction_type;is_leaf
Q7_135_seed_1099340154;11193;Hash Join;7;Outer;0.143;36.784;37.617349447730206;429.3830087422621;pattern;
Q7_135_seed_1099340154;11190;Hash Join;5;Outer;37.631;214.332;39.638535265155625;304.8909869868012;pattern;
Q7_135_seed_1099340154;11197;Index Scan;5;Inner;0.03;0.031;0.03941894583458616;0.9628515547403396;operator;True
Q7_135_seed_1099340154;11199;Hash Join;5;Outer;0.122;3.606;37.61603003805647;429.3628282798292;pattern;
Q7_135_seed_1099340154;11189;Nested Loop;4;Outer;38.184;1162.75;173.4013251715467;1215.9932441105188;operator;False
Q7_135_seed_1099340154;11198;Hash;4;Inner;3.661;3.662;27.742268811544875;27.74323152040685;operator;False
Q7_135_seed_1099340154;11188;Hash Join;3;Outer;44.51;1170.299;124.68849509864765;843.1103148833878;operator;False
Q7_135_seed_1099340154;11187;Sort;2;Outer;1170.861;1170.889;1107.6640382246896;1109.1567501899126;operator;False
Q7_135_seed_1099340154;11185;Aggregate;0;;1174.066;1178.252;1159.5364464121913;1163.1290541267842;pattern;
