query_file;node_id;node_type;depth;parent_relationship;actual_startup_time;actual_total_time;predicted_startup_time;predicted_total_time;prediction_type;is_leaf
Q7_26_seed_205100775;11731;Seq Scan;6;Outer;0.105;147.589;0.17165698011059138;192.19189190052919;operator;True
Q7_26_seed_205100775;11732;Hash;6;Inner;32.982;32.983;35.59041974959206;35.59136215845007;pattern;
Q7_26_seed_205100775;11730;Hash Join;5;Outer;34.78;209.117;41.872272921538226;319.9010984494266;operator;False
Q7_26_seed_205100775;11737;Index Scan;5;Inner;0.031;0.032;0.03861891685575192;0.08695394945135604;operator;True
Q7_26_seed_205100775;11729;Nested Loop;4;Outer;35.025;1179.629;43.63052156289221;1145.8116182556264;operator;False
Q7_26_seed_205100775;11738;Hash;4;Inner;3.678;3.679;3.419225587680483;3.420219390564668;pattern;
Q7_26_seed_205100775;11728;Hash Join;3;Outer;42.552;1186.991;43.92602067967012;1130.4265305950305;operator;False
Q7_26_seed_205100775;11727;Sort;2;Outer;1187.562;1187.59;1149.2755057348375;1149.8710441917033;operator;False
Q7_26_seed_205100775;11725;Aggregate;0;;1189.887;1194.124;1184.0519011625388;1187.6479853732715;pattern;
