query_file;node_id;node_type;depth;parent_relationship;actual_startup_time;actual_total_time;predicted_startup_time;predicted_total_time;prediction_type;is_leaf
Q9_33_seed_262528992;18037;Hash Join;7;Outer;19.807;178.105;18.650634889523065;546.6992565257216;pattern;
Q9_33_seed_262528992;18034;Hash Join;5;Outer;184.783;983.906;176.32133490320322;732.5150551052072;pattern;
Q9_33_seed_262528992;18046;Index Scan;5;Inner;0.003;0.003;0.003729219503801895;-0.04238100520862531;operator;True
Q9_33_seed_262528992;18033;Nested Loop;4;Outer;185.304;1157.204;105.34314838165763;1168.161812642982;operator;False
Q9_33_seed_262528992;18032;Aggregate;3;Outer;1180.904;1181.13;1160.2506858174227;1169.7108307548924;operator;False
Q9_33_seed_262528992;18031;Gather;2;Outer;1193.478;1199.143;587.6112934893724;1098.1064514074865;operator;False
Q9_33_seed_262528992;18029;Sort;0;;1195.272;1200.274;1113.1856095953697;1114.7097126299361;pattern;
