query_file;node_id;node_type;depth;parent_relationship;actual_startup_time;actual_total_time;predicted_startup_time;predicted_total_time;prediction_type;is_leaf
Q10_148_seed_1205992557;20053;Seq Scan;7;Outer;0.266;167.006;-0.5485411013475385;159.7406221347053;operator;True
Q10_148_seed_1205992557;20054;Index Scan;7;Inner;0.059;0.061;0.026475207034008907;-0.5182326695888122;operator;True
Q10_148_seed_1205992557;20056;Seq Scan;7;Outer;0.012;26.413;-10.029480805383272;26.639726858412047;operator;True
Q10_148_seed_1205992557;20058;Seq Scan;6;Outer;0.011;0.012;0.43638700067583747;6.9787036398299165;operator;True
Q10_148_seed_1205992557;20051;Hash Join;5;Outer;34.763;1089.428;51.85968117132682;1120.186300175886;pattern;
Q10_148_seed_1205992557;20057;Hash;5;Inner;0.016;0.016;15.710003163406043;15.710773700000516;operator;False
Q10_148_seed_1205992557;20050;Hash Join;4;Outer;34.835;1092.329;54.214347580745184;1095.5515659723274;operator;False
Q10_148_seed_1205992557;20046;Limit;0;;1143.619;1144.405;1197.4162580478192;1199.4703591139319;pattern;
