query_file;node_id;node_type;depth;parent_relationship;actual_startup_time;actual_total_time;predicted_startup_time;predicted_total_time;prediction_type;is_leaf
Q13_120_seed_976279689;25530;Index Only Scan;5;Outer;0.009;10.102;0.0;0.0;operator;True
Q13_120_seed_976279689;25527;Hash Join;3;Outer;16.711;683.206;157.7025990346343;470.31115147869974;pattern;
Q13_120_seed_976279689;25526;Aggregate;2;Outer;887.89;895.359;908.2640129155427;999.7559047775422;operator;False
Q13_120_seed_976279689;25524;Sort;0;;901.404;901.411;1078.7040072930517;1079.938978038967;pattern;
