query_file;node_id;node_type;depth;parent_relationship;actual_startup_time;actual_total_time;predicted_startup_time;predicted_total_time;prediction_type;is_leaf
Q1_24_seed_188692713;335;Seq Scan;4;Outer;8.45;515.932;0.8531074562659056;678.419270596889;operator;True
Q1_24_seed_188692713;333;Sort;2;Outer;925.882;925.883;1196.8937990256297;1200.9882445119513;pattern;
Q1_24_seed_188692713;332;Gather Merge;1;Outer;939.455;944.924;1161.8180230954968;1165.9426365204336;operator;False
Q1_24_seed_188692713;331;Aggregate;0;;939.496;944.98;1149.9447651890928;1196.013717097222;operator;False
