query_file;node_id;node_type;depth;parent_relationship;actual_startup_time;actual_total_time;predicted_startup_time;predicted_total_time;prediction_type;is_leaf
Q1_24_seed_188692713;335;Seq Scan;4;Outer;8.45;515.932;0.8531074562659056;678.419270596889;operator;True
Q1_24_seed_188692713;334;Aggregate;3;Outer;925.852;925.857;1037.4539280216027;1113.2515197191078;operator;False
Q1_24_seed_188692713;333;Sort;2;Outer;925.882;925.883;1181.0675697677616;1182.1373359353172;operator;False
Q1_24_seed_188692713;332;Gather Merge;1;Outer;939.455;944.924;1161.4886985507958;1165.6142675786623;operator;False
Q1_24_seed_188692713;331;Aggregate;0;;939.496;944.98;1149.9084208661125;1195.967017608571;operator;False
