query_file;node_id;node_type;depth;parent_relationship;actual_startup_time;actual_total_time;predicted_startup_time;predicted_total_time;prediction_type;is_leaf
Q12_35_seed_278937054;24870;Nested Loop;4;Outer;10.241;982.982;10.433011863550275;976.0609414229193;pattern;
Q12_35_seed_278937054;24869;Sort;3;Outer;983.816;983.917;1049.8235566089227;1050.8050159832135;operator;False
Q12_35_seed_278937054;24868;Aggregate;2;Outer;984.203;984.545;925.9583501547494;940.6380356034156;operator;False
Q12_35_seed_278937054;24866;Aggregate;0;;998.152;1008.632;1022.9227440075016;1027.0478221888204;pattern;
