query_file;node_id;node_type;depth;parent_relationship;actual_startup_time;actual_total_time;predicted_startup_time;predicted_total_time;prediction_type;is_leaf
Q4_19_seed_147672558;6276;Seq Scan;5;Outer;0.062;161.426;0.9378212629713487;154.66069096500954;operator;True
Q4_19_seed_147672558;6277;Index Scan;5;Inner;0.061;0.061;-0.003540312421178901;11.104350802242521;operator;True
Q4_19_seed_147672558;6275;Nested Loop;4;Outer;0.751;1033.494;199.80203399293853;1255.4487969298648;operator;False
Q4_19_seed_147672558;6271;Aggregate;0;;1038.341;1040.591;946.3724041557311;952.1882127354145;pattern;
