query_file;node_id;node_type;depth;parent_relationship;actual_startup_time;actual_total_time;predicted_startup_time;predicted_total_time;prediction_type;is_leaf
Q1_129_seed_1050115968;160;Seq Scan;4;Outer;8.766;519.827;1.9295334515006322;572.091794465088;operator;True
Q1_129_seed_1050115968;159;Aggregate;3;Outer;934.491;934.495;951.3319158121724;972.069733086111;operator;False
Q1_129_seed_1050115968;158;Sort;2;Outer;934.532;934.533;1150.4048166634766;1152.3869205669907;operator;False
Q1_129_seed_1050115968;157;Gather Merge;1;Outer;949.712;954.331;1075.0133128218815;1079.3778063364114;operator;False
Q1_129_seed_1050115968;156;Aggregate;0;;949.752;954.387;1039.538650844937;1052.0114970578782;operator;False
