query_file;node_id;node_type;depth;parent_relationship;actual_startup_time;actual_total_time;predicted_startup_time;predicted_total_time;prediction_type;is_leaf
Q4_33_seed_262528992;6388;Seq Scan;5;Outer;0.059;165.523;0.9383091859505215;154.66262672880958;operator;True
Q4_33_seed_262528992;6389;Index Scan;5;Inner;0.062;0.062;-0.0035403110426649176;11.104353034264989;operator;True
Q4_33_seed_262528992;6387;Nested Loop;4;Outer;0.728;1060.722;199.80203399293853;1255.4487969298648;operator;False
Q4_33_seed_262528992;6383;Aggregate;0;;1065.438;1067.586;946.3724041557311;952.1882127354145;pattern;
