query_file;node_id;node_type;depth;parent_relationship;actual_startup_time;actual_total_time;predicted_startup_time;predicted_total_time;prediction_type;is_leaf
Q4_97_seed_787586976;6878;Seq Scan;5;Outer;0.07;166.491;0.9399001609912379;154.66902610582045;operator;True
Q4_97_seed_787586976;6879;Index Scan;5;Inner;0.061;0.061;-0.0035403041542552555;11.104364194386918;operator;True
Q4_97_seed_787586976;6877;Nested Loop;4;Outer;1.243;1036.712;199.80203399293853;1255.4487969298648;operator;False
Q4_97_seed_787586976;6873;Aggregate;0;;1042.57;1043.703;946.3724041557311;952.1882127354145;pattern;
