query_file;node_id;node_type;depth;parent_relationship;actual_startup_time;actual_total_time;predicted_startup_time;predicted_total_time;prediction_type;is_leaf
Q7_118_seed_959871627;10860;Seq Scan;7;Outer;0.01;0.011;0.057510053765475355;7.1959461692964055;operator;True
Q7_118_seed_959871627;10849;Seq Scan;6;Outer;0.274;149.638;0.17165698011059138;192.19189190052919;operator;True
Q7_118_seed_959871627;10850;Hash;6;Inner;36.612;36.612;35.59041974959206;35.59136215845007;pattern;
Q7_118_seed_959871627;10858;Seq Scan;6;Outer;0.154;5.228;0.0355295538972451;10.6167639219301;operator;True
Q7_118_seed_959871627;10859;Hash;6;Inner;0.014;0.015;14.536786179837549;14.537163827824884;operator;False
Q7_118_seed_959871627;10843;Aggregate;0;;1197.093;1202.202;1196.627;1200.903;pattern;
