query_file;node_id;node_type;depth;parent_relationship;actual_startup_time;actual_total_time;predicted_startup_time;predicted_total_time;prediction_type;is_leaf
Q7_118_seed_959871627;10849;Seq Scan;6;Outer;0.274;149.638;0.17165698011059138;192.19189190052919;operator;True
Q7_118_seed_959871627;10850;Hash;6;Inner;36.612;36.612;35.59041974959206;35.59136215845007;pattern;
Q7_118_seed_959871627;10848;Hash Join;5;Outer;37.197;212.733;41.872272921538226;319.9010984494266;operator;False
Q7_118_seed_959871627;10855;Index Scan;5;Inner;0.032;0.032;0.03861891685575192;0.08695394945135604;operator;True
Q7_118_seed_959871627;10847;Nested Loop;4;Outer;37.659;1183.567;43.63052156289221;1145.8116182556264;operator;False
Q7_118_seed_959871627;10856;Hash;4;Inner;5.601;5.602;3.419225587680483;3.420219390564668;pattern;
Q7_118_seed_959871627;10846;Hash Join;3;Outer;47.909;1192.955;43.92602067967012;1130.4265305950305;operator;False
Q7_118_seed_959871627;10845;Sort;2;Outer;1193.553;1193.581;1149.2755057348375;1149.8710441917033;operator;False
Q7_118_seed_959871627;10843;Aggregate;0;;1197.093;1202.202;1184.0519011625388;1187.6479853732715;pattern;
