query_file;node_id;node_type;depth;parent_relationship;actual_startup_time;actual_total_time;predicted_startup_time;predicted_total_time;prediction_type;is_leaf
Q1_92_seed_746566821;710;Seq Scan;4;Outer;7.844;499.249;1.9111227955465626;569.7969882916243;operator;True
Q1_92_seed_746566821;709;Aggregate;3;Outer;910.057;910.06;951.3598854720774;972.31010692144;operator;False
Q1_92_seed_746566821;708;Sort;2;Outer;910.081;910.081;1150.4617025551108;1152.4451707019502;operator;False
Q1_92_seed_746566821;707;Gather Merge;1;Outer;920.471;927.064;1074.9968787886437;1079.3622620419803;operator;False
Q1_92_seed_746566821;706;Aggregate;0;;920.49;927.112;1039.477707484489;1052.0200049348912;operator;False
