query_file;node_id;node_type;depth;parent_relationship;actual_startup_time;actual_total_time;predicted_startup_time;predicted_total_time;prediction_type;is_leaf
Q13_77_seed_623506356;26244;Index Only Scan;5;Outer;0.01;10.411;0.011999999999996902;10.085999999999999;operator;True
Q13_77_seed_623506356;26242;Seq Scan;4;Outer;0.237;481.392;0.23904681079602397;412.3404931921222;operator;True
Q13_77_seed_623506356;26243;Hash;4;Inner;16.63;16.63;40.567958677102325;40.56822588975032;operator;False
Q13_77_seed_623506356;26241;Hash Join;3;Outer;17.092;685.746;17.99687320586223;709.5243251541481;operator;False
Q13_77_seed_623506356;26240;Aggregate;2;Outer;881.276;888.559;905.3199254053432;948.7326606657552;operator;False
Q13_77_seed_623506356;26238;Sort;0;;894.64;894.642;1053.0668228361685;1054.2946643530177;pattern;
