query_file;node_id;node_type;depth;parent_relationship;actual_startup_time;actual_total_time;predicted_startup_time;predicted_total_time;prediction_type;is_leaf
Q4_98_seed_795791007;6885;Seq Scan;5;Outer;0.234;167.054;0.22719610320751937;156.98004775005978;operator;True
Q4_98_seed_795791007;6886;Index Scan;5;Inner;0.063;0.063;0.06145193111832689;0.8994357003792572;operator;True
Q4_98_seed_795791007;6884;Nested Loop;4;Outer;0.428;1056.454;136.4124767820153;1200.8146208408232;operator;False
Q4_98_seed_795791007;6882;Sort;2;Outer;1058.465;1058.465;1055.052382609483;1056.2881768140196;pattern;
Q4_98_seed_795791007;6881;Gather Merge;1;Outer;1062.232;1064.42;1115.728762200055;1118.6329539883966;operator;False
Q4_98_seed_795791007;6880;Aggregate;0;;1062.236;1064.424;1023.7880761493437;1021.4851596989604;operator;False
