query_file;node_id;node_type;depth;parent_relationship;actual_startup_time;actual_total_time;predicted_startup_time;predicted_total_time;prediction_type;is_leaf
Q19_121_seed_984483720;31387;Seq Scan;5;Outer;12.831;44.907;2.664217776739366;31.603695622257646;operator;True
Q19_121_seed_984483720;31385;Seq Scan;4;Outer;0.373;793.93;2.041885312186631;749.9362594204109;operator;True
Q19_121_seed_984483720;31386;Hash;4;Inner;44.982;44.982;12.400177617054169;12.40114233451402;operator;False
Q19_121_seed_984483720;31384;Hash Join;3;Outer;90.125;840.571;77.46421284188436;778.0002469454505;operator;False
Q19_121_seed_984483720;31383;Aggregate;2;Outer;840.628;840.629;846.8105368033273;854.3473696182295;operator;False
Q19_121_seed_984483720;31381;Aggregate;0;;853.398;858.935;847.2113572982315;853.1278349076899;pattern;
