query_file;node_id;node_type;depth;parent_relationship;actual_startup_time;actual_total_time;predicted_startup_time;predicted_total_time;prediction_type;is_leaf
Q3_139_seed_1132156278;4779;Seq Scan;7;Outer;5.089;28.502;0.3654238959046261;36.63194343053533;operator;True
Q3_139_seed_1132156278;4777;Seq Scan;6;Outer;0.298;152.909;0.2947407444747212;162.245402606326;operator;True
Q3_139_seed_1132156278;4778;Hash;6;Inner;29.288;29.288;18.449842688188625;18.450643311836615;operator;False
Q3_139_seed_1132156278;4776;Hash Join;5;Outer;29.946;205.152;29.073186323146203;233.88522887821364;operator;False
Q3_139_seed_1132156278;4780;Index Scan;5;Inner;0.025;0.026;0.0563429842975037;-0.1379237905762949;operator;True
Q3_139_seed_1132156278;4775;Nested Loop;4;Outer;30.561;1153.471;45.05150519553305;1135.7851941422314;operator;False
Q3_139_seed_1132156278;4773;Aggregate;2;Outer;1166.353;1172.614;1159.2068741447881;1164.7734290648164;pattern;
Q3_139_seed_1132156278;4771;Limit;0;;1189.384;1190.816;1980.434014363841;1984.5843619342404;pattern;
