query_file;node_id;node_type;depth;parent_relationship;actual_startup_time;actual_total_time;predicted_startup_time;predicted_total_time;prediction_type;is_leaf
Q12_127_seed_1033707906;24528;Seq Scan;5;Outer;9.172;848.983;3.1980771882661863;750.4623995356674;operator;True
Q12_127_seed_1033707906;24529;Index Scan;5;Inner;0.026;0.026;0.025786234374337552;0.16520050122137775;operator;True
Q12_127_seed_1033707906;24527;Nested Loop;4;Outer;9.617;988.909;20.784520022466836;1101.5005354623986;operator;False
Q12_127_seed_1033707906;24526;Sort;3;Outer;989.796;989.899;1059.9030743881522;1060.5925511108244;operator;False
Q12_127_seed_1033707906;24523;Aggregate;0;;1007.398;1010.74;997.7856109133962;1003.5981924995872;pattern;
