query_file;node_id;node_type;depth;parent_relationship;actual_startup_time;actual_total_time;predicted_startup_time;predicted_total_time;prediction_type;is_leaf
Q14_106_seed_861423255;26468;Seq Scan;5;Outer;8.017;36.389;2.084884492543255;16.571156585889298;operator;True
Q14_106_seed_861423255;26466;Seq Scan;4;Outer;0.862;740.29;2.67825858662476;748.0439120485653;operator;True
Q14_106_seed_861423255;26467;Hash;4;Inner;41.959;41.959;22.033855586439984;22.034422316715563;operator;False
Q14_106_seed_861423255;26465;Hash Join;3;Outer;44.191;790.931;49.367285007368174;784.7555620673756;operator;False
Q14_106_seed_861423255;26464;Aggregate;2;Outer;793.294;793.295;858.3054287059439;857.6539988041158;operator;False
Q14_106_seed_861423255;26462;Aggregate;0;;811.913;814.074;849.5231448233435;855.6322812852773;pattern;
