query_file;node_id;node_type;depth;parent_relationship;actual_startup_time;actual_total_time;predicted_startup_time;predicted_total_time;prediction_type;is_leaf
Q14_46_seed_369181395;27056;Seq Scan;5;Outer;8.212;36.515;2.084884492543255;16.571156585889298;operator;True
Q14_46_seed_369181395;27054;Seq Scan;4;Outer;0.43;739.601;2.6793097109845423;748.0580492262413;operator;True
Q14_46_seed_369181395;27055;Hash;4;Inner;42.145;42.146;22.033855586439984;22.034422316715563;operator;False
Q14_46_seed_369181395;27053;Hash Join;3;Outer;43.21;789.452;49.377296308838204;784.772317157919;operator;False
Q14_46_seed_369181395;27052;Aggregate;2;Outer;791.813;791.814;858.3013766775166;857.6498215393322;operator;False
Q14_46_seed_369181395;27050;Aggregate;0;;806.09;811.319;849.5230999512227;855.6321846156054;pattern;
