query_file;node_id;node_type;depth;parent_relationship;actual_startup_time;actual_total_time;predicted_startup_time;predicted_total_time;prediction_type;is_leaf
Q1_25_seed_196896744;340;Seq Scan;4;Outer;8.631;561.988;1.9165745602517867;568.2093913792153;operator;True
Q1_25_seed_196896744;338;Sort;2;Outer;975.126;975.127;1079.5581573021527;1080.4967155860759;pattern;
Q1_25_seed_196896744;337;Gather Merge;1;Outer;988.815;994.725;1075.90987204109;1080.4652229963044;operator;False
Q1_25_seed_196896744;336;Aggregate;0;;988.858;994.783;1037.6653895576944;1052.3097914693535;operator;False
