query_file;node_id;node_type;depth;parent_relationship;actual_startup_time;actual_total_time;predicted_startup_time;predicted_total_time;prediction_type;is_leaf
Q3_60_seed_484037829;5419;Seq Scan;7;Outer;4.982;29.907;0.3667455996118527;36.69663106534068;operator;True
Q3_60_seed_484037829;5417;Seq Scan;6;Outer;0.224;156.328;0.2950596025236052;162.40994926398187;operator;True
Q3_60_seed_484037829;5418;Hash;6;Inner;30.845;30.845;18.447849891774325;18.448651086839646;operator;False
Q3_60_seed_484037829;5416;Hash Join;5;Outer;32.523;211.249;29.189296963903132;234.3067762447766;operator;False
Q3_60_seed_484037829;5420;Index Scan;5;Inner;0.026;0.026;0.0563429842975037;-0.1379237905762949;operator;True
Q3_60_seed_484037829;5415;Nested Loop;4;Outer;35.212;1178.299;44.91133836173512;1135.6006591966109;operator;False
Q3_60_seed_484037829;5413;Aggregate;2;Outer;1191.569;1196.839;1158.6139499969522;1164.1952416054091;pattern;
Q3_60_seed_484037829;5411;Limit;0;;1212.965;1214.511;1980.1896318599117;1984.3395018913086;pattern;
