query_file;node_id;node_type;depth;parent_relationship;actual_startup_time;actual_total_time;predicted_startup_time;predicted_total_time;prediction_type;is_leaf
Q3_111_seed_902443410;4479;Seq Scan;7;Outer;4.756;28.937;0.3667455996118527;36.69663106534068;operator;True
Q3_111_seed_902443410;4477;Seq Scan;6;Outer;0.326;156.187;0.2946661336641483;162.20807256193152;operator;True
Q3_111_seed_902443410;4478;Hash;6;Inner;29.672;29.673;18.447849891774325;18.448651086839646;operator;False
Q3_111_seed_902443410;4476;Hash Join;5;Outer;30.094;208.511;29.07625024333157;233.72042635602304;operator;False
Q3_111_seed_902443410;4480;Index Scan;5;Inner;0.026;0.026;0.0563429842975037;-0.1379237905762949;operator;True
Q3_111_seed_902443410;4475;Nested Loop;4;Outer;32.275;1151.786;44.13258886286478;1134.7719116908831;operator;False
Q3_111_seed_902443410;4473;Aggregate;2;Outer;1164.506;1169.425;1158.532577596754;1164.1158471691356;pattern;
Q3_111_seed_902443410;4471;Limit;0;;1185.916;1186.839;1980.1401903074652;1984.2900057568415;pattern;
