query_file;node_id;node_type;depth;parent_relationship;actual_startup_time;actual_total_time;predicted_startup_time;predicted_total_time;prediction_type;is_leaf
Q19_30_seed_237916899;31737;Seq Scan;5;Outer;12.916;44.492;2.664229443505656;31.603227485959735;operator;True
Q19_30_seed_237916899;31735;Seq Scan;4;Outer;0.494;779.03;2.0419708896382005;749.9372259553911;operator;True
Q19_30_seed_237916899;31736;Hash;4;Inner;44.641;44.641;12.400189592552806;12.401154305977002;operator;False
Q19_30_seed_237916899;31734;Hash Join;3;Outer;74.736;825.935;77.46494780795899;778.0018875229867;operator;False
Q19_30_seed_237916899;31733;Aggregate;2;Outer;825.989;825.989;846.8106125858654;854.3474625261507;operator;False
Q19_30_seed_237916899;31731;Aggregate;0;;842.283;847.415;847.2113803390861;853.1278574508532;pattern;
