query_file;node_id;node_type;depth;parent_relationship;actual_startup_time;actual_total_time;predicted_startup_time;predicted_total_time;prediction_type;is_leaf
Q13_33_seed_262528992;25908;Index Only Scan;5;Outer;0.022;9.97;0.011999999999996902;10.085999999999999;operator;True
Q13_33_seed_262528992;25906;Seq Scan;4;Outer;0.203;468.501;0.23505605296378307;413.28067274041973;operator;True
Q13_33_seed_262528992;25907;Hash;4;Inner;14.839;14.839;40.567958677102325;40.56822588975032;operator;False
Q13_33_seed_262528992;25905;Hash Join;3;Outer;15.248;678.464;17.86037801916855;709.7517604969291;operator;False
Q13_33_seed_262528992;25904;Aggregate;2;Outer;880.733;888.338;905.269966272726;949.191388422109;operator;False
Q13_33_seed_262528992;25902;Sort;0;;894.381;894.389;1053.078214694368;1054.3060558291188;pattern;
