query_file;node_id;node_type;depth;parent_relationship;actual_startup_time;actual_total_time;predicted_startup_time;predicted_total_time;prediction_type;is_leaf
Q13_39_seed_311753178;25950;Index Only Scan;5;Outer;0.019;9.846;0.011999999999996902;10.085999999999999;operator;True
Q13_39_seed_311753178;25948;Seq Scan;4;Outer;0.254;480.803;0.2429185622019403;411.36562500606374;operator;True
Q13_39_seed_311753178;25949;Hash;4;Inner;15.974;15.974;40.567958677102325;40.56822588975032;operator;False
Q13_39_seed_311753178;25947;Hash Join;3;Outer;16.448;720.412;18.152702794199456;709.2853149213641;operator;False
Q13_39_seed_311753178;25946;Aggregate;2;Outer;954.517;961.823;905.3718002731581;948.2778812116751;operator;False
Q13_39_seed_311753178;25944;Sort;0;;967.861;967.863;1053.0554404924337;1054.2832823837357;pattern;
