query_file;node_id;node_type;depth;parent_relationship;actual_startup_time;actual_total_time;predicted_startup_time;predicted_total_time;prediction_type;is_leaf
Q19_133_seed_1082932092;31478;Seq Scan;5;Outer;12.938;49.284;2.6642061096783483;31.604163767139767;operator;True
Q19_133_seed_1082932092;31476;Seq Scan;4;Outer;0.678;826.136;2.0421453368008375;749.9391952668395;operator;True
Q19_133_seed_1082932092;31477;Hash;4;Inner;49.457;49.457;12.400165644423424;12.401130365918704;operator;False
Q19_133_seed_1082932092;31475;Hash Join;3;Outer;89.246;877.763;77.46745124676565;778.0041256746239;operator;False
Q19_133_seed_1082932092;31474;Aggregate;2;Outer;877.822;877.822;846.8107662842233;854.3476190961212;operator;False
Q19_133_seed_1082932092;31472;Aggregate;0;;891.754;898.213;847.211413849309;853.127890252189;pattern;
