query_file;node_id;node_type;depth;parent_relationship;actual_startup_time;actual_total_time;predicted_startup_time;predicted_total_time;prediction_type;is_leaf
Q3_131_seed_1066524030;4699;Seq Scan;7;Outer;4.568;29.273;0.3667455996118527;36.69663106534068;operator;True
Q3_131_seed_1066524030;4697;Seq Scan;6;Outer;0.253;157.063;0.2943703193366247;162.06412762741687;operator;True
Q3_131_seed_1066524030;4698;Hash;6;Inner;30.006;30.006;18.447849891774325;18.448651086839646;operator;False
Q3_131_seed_1066524030;4696;Hash Join;5;Outer;30.855;210.172;28.99542424768397;233.3027140167702;operator;False
Q3_131_seed_1066524030;4700;Index Scan;5;Inner;0.026;0.027;0.0563429842975037;-0.1379237905762949;operator;True
Q3_131_seed_1066524030;4695;Nested Loop;4;Outer;34.538;1162.983;43.573899568057485;1134.173686117511;operator;False
Q3_131_seed_1066524030;4693;Aggregate;2;Outer;1179.178;1182.914;1158.467132217978;1164.051986668599;pattern;
Q3_131_seed_1066524030;4691;Limit;0;;1199.855;1199.971;1980.1021769139684;1984.2519479272835;pattern;
