query_file;node_id;node_type;depth;parent_relationship;actual_startup_time;actual_total_time;predicted_startup_time;predicted_total_time;prediction_type;is_leaf
Q12_103_seed_836811162;24346;Seq Scan;5;Outer;9.943;828.381;3.1980939882238273;750.4626245358102;operator;True
Q12_103_seed_836811162;24347;Index Scan;5;Inner;0.028;0.028;0.025786234374337552;0.16520050122137775;operator;True
Q12_103_seed_836811162;24345;Nested Loop;4;Outer;10.624;975.304;20.785036420648595;1101.5017947865213;operator;False
Q12_103_seed_836811162;24344;Sort;3;Outer;976.241;976.34;1059.9042502940715;1060.5937399469838;operator;False
Q12_103_seed_836811162;24341;Aggregate;0;;991.805;996.27;997.7830984735442;1003.5958279305867;pattern;
