query_file;node_id;node_type;depth;parent_relationship;actual_startup_time;actual_total_time;predicted_startup_time;predicted_total_time;prediction_type;is_leaf
Q13_108_seed_877831317;25432;Index Only Scan;5;Outer;0.011;9.868;0.011999999999996902;10.085999999999999;operator;True
Q13_108_seed_877831317;25430;Seq Scan;4;Outer;0.238;468.505;0.2429185622019403;411.36562500606374;operator;True
Q13_108_seed_877831317;25431;Hash;4;Inner;15.794;15.794;40.567958677102325;40.56822588975032;operator;False
Q13_108_seed_877831317;25429;Hash Join;3;Outer;16.281;683.582;18.152702794199456;709.2853149213641;operator;False
Q13_108_seed_877831317;25428;Aggregate;2;Outer;890.511;899.951;905.3718002731581;948.2778812116751;operator;False
Q13_108_seed_877831317;25426;Sort;0;;905.978;905.984;1053.0554404924337;1054.2832823837357;pattern;
