query_file;node_id;node_type;depth;parent_relationship;actual_startup_time;actual_total_time;predicted_startup_time;predicted_total_time;prediction_type;is_leaf
Q14_78_seed_631710387;27301;Seq Scan;5;Outer;7.853;36.77;2.084884492543255;16.571156585889298;operator;True
Q14_78_seed_631710387;27299;Seq Scan;4;Outer;1.024;740.971;2.679236379110053;748.0570646041998;operator;True
Q14_78_seed_631710387;27300;Hash;4;Inner;42.353;42.356;22.033855586439984;22.034422316715563;operator;False
Q14_78_seed_631710387;27298;Hash Join;3;Outer;44.166;791.713;49.37659781260207;784.7711521762358;operator;False
Q14_78_seed_631710387;27297;Aggregate;2;Outer;794.044;794.047;858.3016581452214;857.6501122494724;operator;False
Q14_78_seed_631710387;27295;Aggregate;0;;808.492;814.729;849.5231028024941;855.6321910733183;pattern;
