query_file;node_id;node_type;depth;parent_relationship;actual_startup_time;actual_total_time;predicted_startup_time;predicted_total_time;prediction_type;is_leaf
Q13_23_seed_180488682;25831;Index Only Scan;5;Outer;0.009;10.207;0.011999999999996902;10.085999999999999;operator;True
Q13_23_seed_180488682;25829;Seq Scan;4;Outer;0.22;476.672;0.23639969801333405;412.9711463613529;operator;True
Q13_23_seed_180488682;25830;Hash;4;Inner;15.472;15.472;40.567958677102325;40.56822588975032;operator;False
Q13_23_seed_180488682;25828;Hash Join;3;Outer;15.906;677.079;17.903709693680895;709.6771869477166;operator;False
Q13_23_seed_180488682;25827;Aggregate;2;Outer;871.578;880.204;905.2864071994435;949.0380408623516;operator;False
Q13_23_seed_180488682;25825;Sort;0;;886.261;886.263;1053.0744162225951;1054.3022574855881;pattern;
