query_file;node_id;node_type;depth;parent_relationship;actual_startup_time;actual_total_time;predicted_startup_time;predicted_total_time;prediction_type;is_leaf
Q4_115_seed_935259534;5968;Seq Scan;5;Outer;0.081;163.589;0.22709793724008454;156.9818202198579;operator;True
Q4_115_seed_935259534;5969;Index Scan;5;Inner;0.063;0.063;0.061451931312799885;0.8994376102636039;operator;True
Q4_115_seed_935259534;5967;Nested Loop;4;Outer;0.471;1046.681;136.40456110186315;1200.7987904619722;operator;False
Q4_115_seed_935259534;5965;Sort;2;Outer;1048.584;1048.585;1055.0357213332184;1056.27152106515;pattern;
Q4_115_seed_935259534;5964;Gather Merge;1;Outer;1051.314;1053.397;1115.7437363247675;1118.647366515559;operator;False
Q4_115_seed_935259534;5963;Aggregate;0;;1051.317;1053.401;1023.8517808051101;1021.56093734978;operator;False
