query_file;node_id;node_type;depth;parent_relationship;actual_startup_time;actual_total_time;predicted_startup_time;predicted_total_time;prediction_type;is_leaf
Q3_28_seed_221508837;5059;Seq Scan;7;Outer;4.77;28.152;0.3654238959046261;36.63194343053533;operator;True
Q3_28_seed_221508837;5057;Seq Scan;6;Outer;0.215;152.809;0.29439684993947357;162.07678232148754;operator;True
Q3_28_seed_221508837;5058;Hash;6;Inner;29.078;29.078;18.449842688188625;18.450643311836615;operator;False
Q3_28_seed_221508837;5056;Hash Join;5;Outer;30.251;206.573;28.97857432692099;233.39569268695112;operator;False
Q3_28_seed_221508837;5060;Index Scan;5;Inner;0.026;0.026;0.0563429842975037;-0.1379237905762949;operator;True
Q3_28_seed_221508837;5055;Nested Loop;4;Outer;30.738;1149.455;44.38445281792258;1135.0769404643515;operator;False
Q3_28_seed_221508837;5053;Aggregate;2;Outer;1162.529;1167.99;1159.1638630116115;1164.7314793932394;pattern;
Q3_28_seed_221508837;5051;Limit;0;;1183.089;1184.955;1980.4005984474568;1984.5509191519232;pattern;
