query_file;node_id;node_type;depth;parent_relationship;actual_startup_time;actual_total_time;predicted_startup_time;predicted_total_time;prediction_type;is_leaf
Q3_83_seed_672730542;5669;Seq Scan;7;Outer;4.569;29.846;0.36607750882297485;36.66384686592784;operator;True
Q3_83_seed_672730542;5667;Seq Scan;6;Outer;0.287;153.518;0.29460168965580125;162.1761694910561;operator;True
Q3_83_seed_672730542;5668;Hash;6;Inner;30.706;30.706;18.448849896295997;18.44965080218634;operator;False
Q3_83_seed_672730542;5666;Hash Join;5;Outer;31.101;206.822;29.046210248298067;233.6562727945248;operator;False
Q3_83_seed_672730542;5670;Index Scan;5;Inner;0.026;0.026;0.0563429842975037;-0.1379237905762949;operator;True
Q3_83_seed_672730542;5665;Nested Loop;4;Outer;32.679;1152.4;44.39511840688199;1135.0712995337801;operator;False
Q3_83_seed_672730542;5663;Aggregate;2;Outer;1165.959;1172.364;1158.8873646502473;1164.461954828105;pattern;
Q3_83_seed_672730542;5661;Limit;0;;1187.345;1189.911;1980.2854955055525;1984.4355878202578;pattern;
