query_file;node_id;node_type;depth;parent_relationship;actual_startup_time;actual_total_time;predicted_startup_time;predicted_total_time;prediction_type;is_leaf
Q4_31_seed_246120930;6374;Seq Scan;5;Outer;0.071;163.662;0.22765355934551823;156.97186497522264;operator;True
Q4_31_seed_246120930;6375;Index Scan;5;Inner;0.062;0.062;0.061451930147770256;0.8994261509489831;operator;True
Q4_31_seed_246120930;6373;Nested Loop;4;Outer;0.346;1054.621;136.45104478380807;1200.8899555812818;operator;False
Q4_31_seed_246120930;6371;Sort;2;Outer;1056.637;1056.637;1055.13082793606;1056.3665964664408;pattern;
Q4_31_seed_246120930;6370;Gather Merge;1;Outer;1058.867;1061.112;1115.6588939538838;1118.5657177519993;operator;False
Q4_31_seed_246120930;6369;Aggregate;0;;1058.871;1061.117;1023.4900360528252;1021.1312849513405;operator;False
