query_file;node_id;node_type;depth;parent_relationship;actual_startup_time;actual_total_time;predicted_startup_time;predicted_total_time;prediction_type;is_leaf
Q13_117_seed_951667596;25502;Index Only Scan;5;Outer;0.017;9.707;0.011999999999996902;10.085999999999999;operator;True
Q13_117_seed_951667596;25500;Seq Scan;4;Outer;0.174;471.834;0.2429185622019403;411.36562500606374;operator;True
Q13_117_seed_951667596;25501;Hash;4;Inner;14.94;14.94;40.567958677102325;40.56822588975032;operator;False
Q13_117_seed_951667596;25499;Hash Join;3;Outer;15.316;681.438;18.152702794199456;709.2853149213641;operator;False
Q13_117_seed_951667596;25498;Aggregate;2;Outer;884.366;891.452;905.3718002731581;948.2778812116751;operator;False
Q13_117_seed_951667596;25496;Sort;0;;897.478;897.485;1053.0554404924337;1054.2832823837357;pattern;
