query_file;node_id;node_type;depth;parent_relationship;actual_startup_time;actual_total_time;predicted_startup_time;predicted_total_time;prediction_type;is_leaf
Q3_63_seed_508649922;5449;Seq Scan;7;Outer;4.972;29.091;0.36607750882297485;36.66384686592784;operator;True
Q3_63_seed_508649922;5447;Seq Scan;6;Outer;0.28;157.046;0.2949110735567835;162.33226213848027;operator;True
Q3_63_seed_508649922;5448;Hash;6;Inner;29.849;29.849;18.448849896295997;18.44965080218634;operator;False
Q3_63_seed_508649922;5446;Hash Join;5;Outer;30.226;209.778;29.13368067629486;234.10958152782484;operator;False
Q3_63_seed_508649922;5450;Index Scan;5;Inner;0.026;0.026;0.0563429842975037;-0.1379237905762949;operator;True
Q3_63_seed_508649922;5445;Nested Loop;4;Outer;31.959;1182.083;45.0037946931714;1135.7178017425197;operator;False
Q3_63_seed_508649922;5443;Aggregate;2;Outer;1195.373;1200.781;1158.9364854327523;1164.5098661601548;pattern;
Q3_63_seed_508649922;5441;Limit;0;;1215.876;1217.504;1980.3194425110153;1984.4695670146461;pattern;
