query_file;node_id;node_type;depth;parent_relationship;actual_startup_time;actual_total_time;predicted_startup_time;predicted_total_time;prediction_type;is_leaf
Q12_147_seed_1197788526;24682;Seq Scan;5;Outer;10.318;855.829;1.6083221988740206;745.1923317662073;operator;True
Q12_147_seed_1197788526;24683;Index Scan;5;Inner;0.026;0.026;0.12456619013031595;0.07187872145217966;operator;True
Q12_147_seed_1197788526;24681;Nested Loop;4;Outer;10.821;991.057;38.326988863804786;1127.4092707489608;operator;False
Q12_147_seed_1197788526;24680;Sort;3;Outer;991.863;991.964;1092.39483827254;1092.8078215242024;operator;False
Q12_147_seed_1197788526;24679;Aggregate;2;Outer;992.214;992.536;868.9672518650052;895.3135126533227;operator;False
Q12_147_seed_1197788526;24678;Gather Merge;1;Outer;1005.563;1014.003;1109.2223924423079;1111.8364489106568;operator;False
Q12_147_seed_1197788526;24677;Aggregate;0;;1005.889;1014.018;903.6005596049972;919.0689738898648;operator;False
