query_file;node_id;node_type;depth;parent_relationship;actual_startup_time;actual_total_time;predicted_startup_time;predicted_total_time;prediction_type;is_leaf
Q4_128_seed_1041911937;6066;Seq Scan;5;Outer;0.424;164.991;0.22598413534008777;157.02533582235444;operator;True
Q4_128_seed_1041911937;6067;Index Scan;5;Inner;0.061;0.061;0.061399853853777386;0.3804392129269445;operator;True
Q4_128_seed_1041911937;6065;Nested Loop;4;Outer;1.945;1047.961;31.483712283514166;1106.6534374016921;operator;False
Q4_128_seed_1041911937;6064;Aggregate;3;Outer;1049.986;1049.987;912.0432174287648;923.1347903421729;operator;False
Q4_128_seed_1041911937;6063;Sort;2;Outer;1050.003;1050.003;1059.8855657326862;1061.199640267712;operator;False
Q4_128_seed_1041911937;6062;Gather Merge;1;Outer;1052.827;1054.599;1109.5796953090908;1112.8243388689557;operator;False
Q4_128_seed_1041911937;6061;Aggregate;0;;1052.831;1054.604;1025.080114684307;1022.2354173300367;operator;False
