query_file;node_id;node_type;depth;parent_relationship;actual_startup_time;actual_total_time;predicted_startup_time;predicted_total_time;prediction_type;is_leaf
Q4_119_seed_968075658;5996;Seq Scan;5;Outer;0.16;167.28;0.9380122894256164;154.6614473343575;operator;True
Q4_119_seed_968075658;5997;Index Scan;5;Inner;0.063;0.063;-0.0035403110426649176;11.104353034264989;operator;True
Q4_119_seed_968075658;5995;Nested Loop;4;Outer;0.49;1075.457;199.80203399293853;1255.4487969298648;operator;False
Q4_119_seed_968075658;5991;Aggregate;0;;1079.683;1081.96;946.3724041557311;952.1882127354145;pattern;
