query_file;node_id;node_type;depth;parent_relationship;actual_startup_time;actual_total_time;predicted_startup_time;predicted_total_time;prediction_type;is_leaf
Q14_26_seed_205100775;26902;Seq Scan;5;Outer;7.778;37.714;2.100459698143283;16.559768779669923;operator;True
Q14_26_seed_205100775;26900;Seq Scan;4;Outer;0.519;738.374;3.4659281409994445;747.8898575752889;operator;True
Q14_26_seed_205100775;26901;Hash;4;Inner;42.784;42.785;21.248022626321983;21.248680753082937;operator;False
Q14_26_seed_205100775;26899;Hash Join;3;Outer;44.82;789.64;49.29075615259472;788.2280879605626;operator;False
Q14_26_seed_205100775;26896;Aggregate;0;;808.045;811.963;829.1791128699048;834.7294435664002;pattern;
