query_file;node_id;node_type;depth;parent_relationship;actual_startup_time;actual_total_time;predicted_startup_time;predicted_total_time;prediction_type;is_leaf
Q7_126_seed_1025503875;11013;Hash Join;7;Outer;0.033;36.291;37.617349447730206;429.3830087422621;pattern;
Q7_126_seed_1025503875;11010;Hash Join;5;Outer;39.193;218.571;39.638535265155625;304.8909869868012;pattern;
Q7_126_seed_1025503875;11017;Index Scan;5;Inner;0.032;0.033;0.03941894583458616;0.9628515547403396;operator;True
Q7_126_seed_1025503875;11019;Hash Join;5;Outer;0.101;2.862;37.61603003805647;429.3628282798292;pattern;
Q7_126_seed_1025503875;11009;Nested Loop;4;Outer;39.768;1199.342;173.4013251715467;1215.9932441105188;operator;False
Q7_126_seed_1025503875;11018;Hash;4;Inner;2.909;2.91;27.742268811544875;27.74323152040685;operator;False
Q7_126_seed_1025503875;11008;Hash Join;3;Outer;45.115;1206.197;124.68849509864765;843.1103148833878;operator;False
Q7_126_seed_1025503875;11007;Sort;2;Outer;1206.826;1206.86;1107.6640382246896;1109.1567501899126;operator;False
Q7_126_seed_1025503875;11005;Aggregate;0;;1210.463;1214.594;1159.5364464121913;1163.1290541267842;pattern;
