query_file;node_id;node_type;depth;parent_relationship;actual_startup_time;actual_total_time;predicted_startup_time;predicted_total_time;prediction_type;is_leaf
Q18_33_seed_262528992;30048;Index Scan;11;Outer;0.08;2146.898;0.07840002060647741;219.99007701940465;operator;True
Q18_33_seed_262528992;30047;Aggregate;10;Outer;554.346;2643.816;946.7420652795311;1300.2141978658015;operator;False
Q18_33_seed_262528992;30045;Seq Scan;9;Outer;0.203;183.122;0.272310839798261;187.1099509577836;operator;True
Q18_33_seed_262528992;30046;Hash;9;Inner;2643.852;2643.852;255.34711090785868;255.34792158437378;operator;False
Q18_33_seed_262528992;30044;Hash Join;8;Outer;2723.432;2854.653;142.63724163560374;773.6746268516752;operator;False
Q18_33_seed_262528992;30050;Seq Scan;8;Outer;0.058;52.212;0.09563123806324136;25.47059222001974;operator;True
Q18_33_seed_262528992;30043;Sort;7;Outer;2854.662;2854.663;1097.3073317036833;1098.7472034809587;operator;False
Q18_33_seed_262528992;30049;Sort;7;Inner;63.021;65.221;1014.2095935652225;1014.6022309830253;operator;False
Q18_33_seed_262528992;30036;Limit;0;;3048.556;3054.589;3043.076;3050.2394999999997;pattern;
