query_file;node_id;node_type;depth;parent_relationship;actual_startup_time;actual_total_time;predicted_startup_time;predicted_total_time;prediction_type;is_leaf
Q3_39_seed_311753178;5176;Hash Join;5;Outer;30.129;210.174;30.326406310707185;219.3004700038433;pattern;
Q3_39_seed_311753178;5180;Index Scan;5;Inner;0.026;0.026;0.056250765173245454;-0.018536695684687743;operator;True
Q3_39_seed_311753178;5175;Nested Loop;4;Outer;31.266;1166.498;30.42314591481187;1122.0975786585016;operator;False
Q3_39_seed_311753178;5171;Limit;0;;1201.473;1201.623;1194.1151697882005;1196.013990115797;pattern;
