query_file;node_id;node_type;depth;parent_relationship;actual_startup_time;actual_total_time;predicted_startup_time;predicted_total_time;prediction_type;is_leaf
Q12_22_seed_172284651;24772;Nested Loop;4;Outer;10.801;985.058;10.43758971613467;975.9449864916444;pattern;
Q12_22_seed_172284651;24771;Sort;3;Outer;986.005;986.106;1049.8032986533226;1050.7846022748117;operator;False
Q12_22_seed_172284651;24770;Aggregate;2;Outer;986.382;986.717;925.9776707433064;940.6445291434758;operator;False
Q12_22_seed_172284651;24768;Aggregate;0;;1002.832;1005.596;1022.9235644801722;1027.048298890362;pattern;
