query_file;node_id;node_type;depth;parent_relationship;actual_startup_time;actual_total_time;predicted_startup_time;predicted_total_time;prediction_type;is_leaf
Q7_80_seed_648118449;12822;Seq Scan;7;Outer;0.01;0.011;0.057510053765475355;7.1959461692964055;operator;True
Q7_80_seed_648118449;12811;Seq Scan;6;Outer;0.244;152.346;0.17165698011059138;192.19189190052919;operator;True
Q7_80_seed_648118449;12812;Hash;6;Inner;34.663;34.664;35.59041974959206;35.59136215845007;pattern;
Q7_80_seed_648118449;12820;Seq Scan;6;Outer;0.073;3.957;0.0355295538972451;10.6167639219301;operator;True
Q7_80_seed_648118449;12821;Hash;6;Inner;0.013;0.013;14.536786179837549;14.537163827824884;operator;False
Q7_80_seed_648118449;12805;Aggregate;0;;1207.415;1212.399;1196.627;1200.903;pattern;
