query_file;node_id;node_type;depth;parent_relationship;actual_startup_time;actual_total_time;predicted_startup_time;predicted_total_time;prediction_type;is_leaf
Q14_89_seed_721954728;27385;Seq Scan;5;Outer;8.086;36.3;1.2208188453329911;12.703852905744952;operator;True
Q14_89_seed_721954728;27383;Seq Scan;4;Outer;0.757;768.661;6.817318492679311;758.4658682520618;operator;True
Q14_89_seed_721954728;27384;Hash;4;Inner;42.098;42.098;9.378350513673809;9.3794421988882;operator;False
Q14_89_seed_721954728;27382;Hash Join;3;Outer;43.462;818.39;78.55818900604265;807.6200671293996;operator;False
Q14_89_seed_721954728;27379;Aggregate;0;;835.03;840.596;842.8526548683488;848.351071364166;pattern;
