query_file;node_id;node_type;depth;parent_relationship;actual_startup_time;actual_total_time;predicted_startup_time;predicted_total_time;prediction_type;is_leaf
Q3_65_seed_525057984;5469;Seq Scan;7;Outer;5.058;30.453;0.2620264914759458;38.52930414801136;operator;True
Q3_65_seed_525057984;5467;Seq Scan;6;Outer;0.206;162.385;0.2915230443241108;163.41222496402372;operator;True
Q3_65_seed_525057984;5468;Hash;6;Inner;31.226;31.226;17.74448016347796;17.74502142717205;operator;False
Q3_65_seed_525057984;5466;Hash Join;5;Outer;31.948;216.678;27.20022150126333;230.8831231366995;operator;False
Q3_65_seed_525057984;5470;Index Scan;5;Inner;0.026;0.026;0.05839675190218198;-0.5180651256505655;operator;True
Q3_65_seed_525057984;5465;Nested Loop;4;Outer;32.751;1165.128;121.94699339692961;1193.2705611103356;operator;False
Q3_65_seed_525057984;5461;Limit;0;;1200.508;1200.614;1150.4215258479694;1151.1750258479694;pattern;
