iteration;pattern_hash;pattern_string;error_score;new_mre;delta;status;mre_after
0;4fc84c77ced18a46514c982f23f12deb;Aggregate -> Gather (Outer);12.943234554167919;;;SKIPPED_LOW_ERROR;0.17404131357907227
1;634cdbe24fda21720ccd3dc746d5c979;Gather -> Aggregate (Outer);6.401494450575498;;;SKIPPED_LOW_ERROR;0.17404131357907227
2;184f44dea835017982d512c08043f20c;Aggregate -> Seq Scan (Outer);1.237465077074692;;;SKIPPED_LOW_ERROR;0.17404131357907227
3;a5f39f08c510532e02e96e109e48c0cd;Aggregate -> Gather -> Aggregate (Outer) (Outer);11.672674287333066;0.16415726840003722;0.009884045179035045;ACCEPTED;0.16415726840003722
