query_file;node_id;node_type;depth;parent_relationship;actual_startup_time;actual_total_time;predicted_startup_time;predicted_total_time;prediction_type;is_leaf
Q1_46_seed_369181395;455;Seq Scan;4;Outer;8.664;530.23;0.8530056116944511;678.4838964037708;operator;True
Q1_46_seed_369181395;453;Sort;2;Outer;919.063;919.064;1196.876799664697;1200.9712952175232;pattern;
Q1_46_seed_369181395;452;Gather Merge;1;Outer;933.398;939.496;1161.8167554295587;1165.9413367140417;operator;False
Q1_46_seed_369181395;451;Aggregate;0;;933.435;939.552;1149.943372915324;1196.0092721004137;operator;False
