query_file;node_id;node_type;depth;parent_relationship;actual_startup_time;actual_total_time;predicted_startup_time;predicted_total_time;prediction_type;is_leaf
Q13_26_seed_205100775;25852;Index Only Scan;5;Outer;0.014;10.082;0.0;0.0;operator;True
Q13_26_seed_205100775;25850;Seq Scan;4;Outer;0.235;484.213;-1.9573972347551463;264.1925409425301;operator;True
Q13_26_seed_205100775;25851;Hash;4;Inner;15.505;15.505;80.14603185435155;80.14700462784211;operator;False
Q13_26_seed_205100775;25849;Hash Join;3;Outer;15.971;695.281;145.01164067703996;787.8302068759015;operator;False
Q13_26_seed_205100775;25848;Aggregate;2;Outer;899.491;906.827;917.0178124207043;1014.3875217138225;operator;False
Q13_26_seed_205100775;25847;Aggregate;1;Outer;912.849;912.854;968.6999423050423;1000.3283401184681;operator;False
Q13_26_seed_205100775;25846;Sort;0;;912.872;912.876;1080.3914887596711;1081.9327597444683;operator;False
