query_file;node_id;node_type;depth;parent_relationship;actual_startup_time;actual_total_time;predicted_startup_time;predicted_total_time;prediction_type;is_leaf
Q12_79_seed_639914418;25207;Seq Scan;5;Outer;9.897;843.085;1.6081803769611902;745.1912425901379;operator;True
Q12_79_seed_639914418;25208;Index Scan;5;Inner;0.026;0.026;0.12456619013031595;0.07187872145217966;operator;True
Q12_79_seed_639914418;25206;Nested Loop;4;Outer;10.317;977.449;38.32925604104881;1127.4074286849172;operator;False
Q12_79_seed_639914418;25205;Sort;3;Outer;978.346;978.443;1092.3881899837588;1092.8011242542552;operator;False
Q12_79_seed_639914418;25204;Aggregate;2;Outer;978.727;979.054;868.9815142082507;895.3222362889526;operator;False
Q12_79_seed_639914418;25203;Gather Merge;1;Outer;993.633;1000.436;1109.2216899456807;1111.8357111148014;operator;False
Q12_79_seed_639914418;25202;Aggregate;0;;993.966;1000.448;903.6151892166417;919.0781844453139;operator;False
