query_file;node_id;node_type;depth;parent_relationship;actual_startup_time;actual_total_time;predicted_startup_time;predicted_total_time;prediction_type;is_leaf
Q3_42_seed_336365271;5219;Seq Scan;7;Outer;4.94;31.332;0.26298146372291775;38.56986712631601;operator;True
Q3_42_seed_336365271;5217;Seq Scan;6;Outer;0.332;159.017;0.29101486764067364;163.21676844551754;operator;True
Q3_42_seed_336365271;5218;Hash;6;Inner;32.018;32.018;17.746020687919298;17.746561398818073;operator;False
Q3_42_seed_336365271;5216;Hash Join;5;Outer;32.458;213.851;27.131021991572467;230.292578277011;operator;False
Q3_42_seed_336365271;5220;Index Scan;5;Inner;0.027;0.027;0.05839675190218198;-0.5180651256505655;operator;True
Q3_42_seed_336365271;5215;Nested Loop;4;Outer;34.019;1195.9;121.36492123602997;1192.6642453113202;operator;False
Q3_42_seed_336365271;5211;Limit;0;;1229.452;1231.195;1150.4215260568533;1151.1750260568533;pattern;
