query_file;node_id;node_type;depth;parent_relationship;actual_startup_time;actual_total_time;predicted_startup_time;predicted_total_time;prediction_type;is_leaf
Q1_33_seed_262528992;385;Seq Scan;4;Outer;8.423;519.994;0.8465774640846182;682.2905332621428;operator;True
Q1_33_seed_262528992;384;Aggregate;3;Outer;934.23;934.234;1037.349000512294;1112.501540283146;operator;False
Q1_33_seed_262528992;383;Sort;2;Outer;934.269;934.27;1180.8596243192399;1181.9291438474443;operator;False
Q1_33_seed_262528992;382;Gather Merge;1;Outer;949.153;953.695;1161.4285644283273;1165.5521480777068;operator;False
Q1_33_seed_262528992;381;Aggregate;0;;949.177;953.731;1149.8263520972614;1195.7023030108387;operator;False
