query_file;node_id;node_type;depth;parent_relationship;actual_startup_time;actual_total_time;predicted_startup_time;predicted_total_time;prediction_type;is_leaf
Q14_64_seed_516853953;27196;Seq Scan;5;Outer;7.523;37.625;1.2208188453329911;12.703852905744952;operator;True
Q14_64_seed_516853953;27194;Seq Scan;4;Outer;0.92;717.02;6.817515911765836;758.5082154990514;operator;True
Q14_64_seed_516853953;27195;Hash;4;Inner;44.02;44.02;9.378350513673809;9.3794421988882;operator;False
Q14_64_seed_516853953;27193;Hash Join;3;Outer;45.805;769.27;78.57515041770519;807.671770490749;operator;False
Q14_64_seed_516853953;27190;Aggregate;0;;784.757;791.024;842.8792153329126;848.378324994716;pattern;
