query_file;node_id;node_type;depth;parent_relationship;actual_startup_time;actual_total_time;predicted_startup_time;predicted_total_time;prediction_type;is_leaf
Q19_140_seed_1140360309;31534;Seq Scan;5;Outer;13.288;45.876;1.1346762861351478;23.762358461512235;operator;True
Q19_140_seed_1140360309;31532;Seq Scan;4;Outer;0.865;752.961;7.828510527500786;743.459650293348;operator;True
Q19_140_seed_1140360309;31533;Hash;4;Inner;46.029;46.029;8.284654659209622;8.285215640936002;operator;False
Q19_140_seed_1140360309;31531;Hash Join;3;Outer;96.685;801.075;60.259920853968744;766.0582447734264;operator;False
Q19_140_seed_1140360309;31528;Aggregate;0;;818.636;821.882;825.7345192189844;831.1997769073948;pattern;
