query_file;node_id;node_type;depth;parent_relationship;actual_startup_time;actual_total_time;predicted_startup_time;predicted_total_time;prediction_type;is_leaf
Q12_38_seed_303549147;24892;Seq Scan;5;Outer;9.346;848.245;1.6083357057350156;745.1924354869104;operator;True
Q12_38_seed_303549147;24893;Index Scan;5;Inner;0.026;0.026;0.12456619013031595;0.07187872145217966;operator;True
Q12_38_seed_303549147;24891;Nested Loop;4;Outer;9.911;983.699;38.32676472347734;1127.409441637338;operator;False
Q12_38_seed_303549147;24890;Sort;3;Outer;984.544;984.662;1092.3954557858124;1092.8084435434782;operator;False
Q12_38_seed_303549147;24889;Aggregate;2;Outer;984.918;985.299;868.9659292608084;895.3127041123796;operator;False
Q12_38_seed_303549147;24888;Gather Merge;1;Outer;997.978;1003.375;1109.2224575819253;1111.8365173207987;operator;False
Q12_38_seed_303549147;24887;Aggregate;0;;998.426;1003.391;903.5992060049587;919.0681216101073;operator;False
