query_file;node_id;node_type;depth;parent_relationship;actual_startup_time;actual_total_time;predicted_startup_time;predicted_total_time;prediction_type;is_leaf
Q1_94_seed_762974883;720;Seq Scan;4;Outer;7.814;506.614;1.9192122199580397;570.7983439772149;operator;True
Q1_94_seed_762974883;719;Aggregate;3;Outer;928.621;928.626;951.347415987204;972.2046484106017;operator;False
Q1_94_seed_762974883;718;Sort;2;Outer;928.647;928.647;1150.4368297364424;1152.4197022308338;operator;False
Q1_94_seed_762974883;717;Gather Merge;1;Outer;939.236;944.309;1075.0040255596182;1079.3690205467922;operator;False
Q1_94_seed_762974883;716;Aggregate;0;;939.256;944.343;1039.5042730295106;1052.0162086822174;operator;False
