query_file;node_id;node_type;depth;parent_relationship;actual_startup_time;actual_total_time;predicted_startup_time;predicted_total_time;prediction_type;is_leaf
Q8_150_seed_1231235959;14477;Seq Scan;10;Outer;0.356;30.967;0.27610590718633166;24.87346631481978;operator;True
Q8_150_seed_1231235959;14478;Hash;10;Inner;0.159;0.159;0.19455457104402996;0.195299517027415;pattern;
Q8_150_seed_1231235959;14485;Seq Scan;7;Outer;0.078;37.411;0.4239997585168278;44.48576782598832;operator;True
Q8_150_seed_1231235959;14472;Nested Loop;6;Outer;33.658;1157.977;37.6417632564794;1155.057519186467;pattern;
Q8_150_seed_1231235959;14484;Hash;6;Inner;37.537;37.537;17.7648250175653;17.76439018671948;operator;False
Q8_150_seed_1231235959;14471;Hash Join;5;Outer;74.268;1200.036;78.66973990664499;1042.8666036125453;operator;False
Q8_150_seed_1231235959;14486;Index Scan;5;Inner;0.006;0.006;0.005987109893472176;0.051211396152496036;operator;True
Q8_150_seed_1231235959;14488;Seq Scan;5;Outer;0.009;0.01;0.06128368059525324;7.194474264237783;operator;True
Q8_150_seed_1231235959;14466;Aggregate;0;;1207.263;1209.686;1219.1543316611574;1220.5183249746578;pattern;
