query_file;node_id;node_type;depth;parent_relationship;actual_startup_time;actual_total_time;predicted_startup_time;predicted_total_time;prediction_type;is_leaf
Q3_27_seed_213304806;5049;Seq Scan;7;Outer;5.221;27.818;0.3538984930471618;36.68588102916459;operator;True
Q3_27_seed_213304806;5047;Seq Scan;6;Outer;0.34;159.775;0.29648650880284677;162.13990000932563;operator;True
Q3_27_seed_213304806;5048;Hash;6;Inner;28.424;28.424;17.512572887836342;17.512262259301508;operator;False
Q3_27_seed_213304806;5046;Hash Join;5;Outer;28.855;210.685;29.02311568373517;231.22984337249443;operator;False
Q3_27_seed_213304806;5050;Index Scan;5;Inner;0.026;0.026;0.056250765173245454;-0.018536695684687743;operator;True
Q3_27_seed_213304806;5045;Nested Loop;4;Outer;29.781;1158.141;29.88444981958864;1121.3870279191717;operator;False
Q3_27_seed_213304806;5041;Limit;0;;1195.127;1195.237;1194.0019754307796;1195.8978249529598;pattern;
