query_file;node_id;node_type;depth;parent_relationship;actual_startup_time;actual_total_time;predicted_startup_time;predicted_total_time;prediction_type;is_leaf
Q4_146_seed_1189584495;6206;Seq Scan;5;Outer;0.096;164.601;0.9389315003343781;154.66511394108076;operator;True
Q4_146_seed_1189584495;6207;Index Scan;5;Inner;0.063;0.063;-0.003540308287079061;11.104357498313234;operator;True
Q4_146_seed_1189584495;6205;Nested Loop;4;Outer;0.323;1065.062;199.80203399293853;1255.4487969298648;operator;False
Q4_146_seed_1189584495;6201;Aggregate;0;;1073.18;1073.31;946.3724041557311;952.1882127354145;pattern;
