query_file;node_id;node_type;depth;parent_relationship;actual_startup_time;actual_total_time;predicted_startup_time;predicted_total_time;prediction_type;is_leaf
Q4_55_seed_443017674;6556;Seq Scan;5;Outer;0.17;165.351;0.9385002523977732;154.66338818861277;operator;True
Q4_55_seed_443017674;6557;Index Scan;5;Inner;0.061;0.061;-0.0035403096654575417;11.104355266288522;operator;True
Q4_55_seed_443017674;6555;Nested Loop;4;Outer;0.317;1044.104;199.80203399293853;1255.4487969298648;operator;False
Q4_55_seed_443017674;6551;Aggregate;0;;1048.917;1051.082;946.3724041557311;952.1882127354145;pattern;
