query_file;node_id;node_type;depth;parent_relationship;actual_startup_time;actual_total_time;predicted_startup_time;predicted_total_time;prediction_type;is_leaf
Q7_133_seed_1082932092;11157;Hash Join;7;Outer;0.182;33.17;0.244988718307674;24.82128462146136;pattern;
Q7_133_seed_1082932092;11154;Hash Join;5;Outer;33.836;211.943;37.16837594011375;260.16041393747275;pattern;
Q7_133_seed_1082932092;11161;Index Scan;5;Inner;0.033;0.033;0.03861891685575192;0.08695394945135604;operator;True
Q7_133_seed_1082932092;11163;Hash Join;5;Outer;0.114;2.901;0.15307644758142303;21.236310736734197;pattern;
Q7_133_seed_1082932092;11153;Nested Loop;4;Outer;34.246;1219.838;42.24331911707124;1145.3730708220435;operator;False
Q7_133_seed_1082932092;11162;Hash;4;Inner;2.944;2.944;14.938379238697365;14.938763777250472;operator;False
Q7_133_seed_1082932092;11152;Hash Join;3;Outer;38.866;1226.627;43.42578054992339;1129.0568150886245;operator;False
Q7_133_seed_1082932092;11151;Sort;2;Outer;1227.228;1227.256;1149.2180891709254;1149.813162537229;operator;False
Q7_133_seed_1082932092;11149;Aggregate;0;;1230.629;1235.415;1184.0519011625388;1187.6479853732715;pattern;
