metric;value;percentage
mean_mre;0.0345464523543115;3.4546452354311503
