query_file;node_id;node_type;depth;parent_relationship;actual_startup_time;actual_total_time;predicted_startup_time;predicted_total_time;prediction_type;is_leaf
Q7_22_seed_172284651;11659;Seq Scan;6;Outer;0.246;151.232;0.17165698011059138;192.19189190052919;operator;True
Q7_22_seed_172284651;11660;Hash;6;Inner;32.556;32.557;35.59041974959206;35.59136215845007;pattern;
Q7_22_seed_172284651;11658;Hash Join;5;Outer;32.847;208.308;41.872272921538226;319.9010984494266;operator;False
Q7_22_seed_172284651;11665;Index Scan;5;Inner;0.032;0.033;0.03861891685575192;0.08695394945135604;operator;True
Q7_22_seed_172284651;11657;Nested Loop;4;Outer;33.113;1173.755;43.63052156289221;1145.8116182556264;operator;False
Q7_22_seed_172284651;11666;Hash;4;Inner;3.136;3.137;3.419225587680483;3.420219390564668;pattern;
Q7_22_seed_172284651;11656;Hash Join;3;Outer;38.569;1180.565;43.92602067967012;1130.4265305950305;operator;False
Q7_22_seed_172284651;11655;Sort;2;Outer;1181.154;1181.183;1149.2755057348375;1149.8710441917033;operator;False
Q7_22_seed_172284651;11653;Aggregate;0;;1184.515;1188.183;1184.0519011625388;1187.6479853732715;pattern;
