query_file;node_id;node_type;depth;parent_relationship;actual_startup_time;actual_total_time;predicted_startup_time;predicted_total_time;prediction_type;is_leaf
Q7_22_seed_172284651;11670;Seq Scan;7;Outer;0.009;0.011;0.057510053765475355;7.1959461692964055;operator;True
Q7_22_seed_172284651;11659;Seq Scan;6;Outer;0.246;151.232;0.17165698011059138;192.19189190052919;operator;True
Q7_22_seed_172284651;11660;Hash;6;Inner;32.556;32.557;35.59041974959206;35.59136215845007;pattern;
Q7_22_seed_172284651;11668;Seq Scan;6;Outer;0.08;2.75;0.0355295538972451;10.6167639219301;operator;True
Q7_22_seed_172284651;11669;Hash;6;Inner;0.016;0.016;14.536786179837549;14.537163827824884;operator;False
Q7_22_seed_172284651;11653;Aggregate;0;;1184.515;1188.183;1196.627;1200.903;pattern;
