query_file;node_id;node_type;depth;parent_relationship;actual_startup_time;actual_total_time;predicted_startup_time;predicted_total_time;prediction_type;is_leaf
Q12_65_seed_525057984;25102;Seq Scan;5;Outer;9.882;845.708;1.6084437607498554;745.1932651877293;operator;True
Q12_65_seed_525057984;25103;Index Scan;5;Inner;0.027;0.027;0.12456619013031595;0.07187872145217966;operator;True
Q12_65_seed_525057984;25101;Nested Loop;4;Outer;10.313;985.418;38.32497110287861;1127.4108090323953;operator;False
Q12_65_seed_525057984;25100;Sort;3;Outer;986.304;986.401;1092.4003905925067;1092.8134143425273;operator;False
Q12_65_seed_525057984;25099;Aggregate;2;Outer;986.683;987.002;868.9553780347867;895.3062552288816;operator;False
Q12_65_seed_525057984;25098;Gather Merge;1;Outer;1001.94;1006.559;1109.2229776354884;1111.8370634704565;operator;False
Q12_65_seed_525057984;25097;Aggregate;0;;1002.3;1006.576;903.5883926071067;919.0613160774259;operator;False
