query_file;node_id;node_type;depth;parent_relationship;actual_startup_time;actual_total_time;predicted_startup_time;predicted_total_time;prediction_type;is_leaf
Q3_94_seed_762974883;5789;Seq Scan;7;Outer;4.617;28.716;0.3531730818399783;36.649448655079254;operator;True
Q3_94_seed_762974883;5787;Seq Scan;6;Outer;0.321;156.384;0.2968804969429395;162.3146892489328;operator;True
Q3_94_seed_762974883;5788;Hash;6;Inner;29.426;29.426;17.513952350744205;17.513642716634905;operator;False
Q3_94_seed_762974883;5786;Hash Join;5;Outer;29.86;208.902;29.107132931068136;231.76692734132394;operator;False
Q3_94_seed_762974883;5790;Index Scan;5;Inner;0.026;0.026;0.056250765173245454;-0.018536695684687743;operator;True
Q3_94_seed_762974883;5785;Nested Loop;4;Outer;30.353;1149.908;31.127357548313;1122.7811880094907;operator;False
Q3_94_seed_762974883;5781;Limit;0;;1183.5;1185.61;1194.1523348421024;1196.0521332371145;pattern;
