query_file;node_id;node_type;depth;parent_relationship;actual_startup_time;actual_total_time;predicted_startup_time;predicted_total_time;prediction_type;is_leaf
Q7_144_seed_1173176433;11373;Hash Join;7;Outer;0.172;33.744;37.617349447730206;429.3830087422621;pattern;
Q7_144_seed_1173176433;11370;Hash Join;5;Outer;35.071;207.768;39.638535265155625;304.8909869868012;pattern;
Q7_144_seed_1173176433;11377;Index Scan;5;Inner;0.032;0.032;0.03941894583458616;0.9628515547403396;operator;True
Q7_144_seed_1173176433;11379;Hash Join;5;Outer;0.116;3.188;37.61603003805647;429.3628282798292;pattern;
Q7_144_seed_1173176433;11369;Nested Loop;4;Outer;35.52;1180.74;173.4013251715467;1215.9932441105188;operator;False
Q7_144_seed_1173176433;11378;Hash;4;Inner;3.233;3.233;27.742268811544875;27.74323152040685;operator;False
Q7_144_seed_1173176433;11368;Hash Join;3;Outer;40.077;1188.088;124.68849509864765;843.1103148833878;operator;False
Q7_144_seed_1173176433;11367;Sort;2;Outer;1188.723;1188.753;1107.6640382246896;1109.1567501899126;operator;False
Q7_144_seed_1173176433;11365;Aggregate;0;;1191.062;1195.432;1159.5364464121913;1163.1290541267842;pattern;
