query_file;node_id;node_type;depth;parent_relationship;actual_startup_time;actual_total_time;predicted_startup_time;predicted_total_time;prediction_type;is_leaf
Q13_147_seed_1197788526;25733;Index Only Scan;5;Outer;0.012;10.212;0.0;0.0;operator;True
Q13_147_seed_1197788526;25730;Hash Join;3;Outer;15.924;681.435;157.7025990346343;470.31115147869974;pattern;
Q13_147_seed_1197788526;25729;Aggregate;2;Outer;882.085;889.593;908.2640129155427;999.7559047775422;operator;False
Q13_147_seed_1197788526;25727;Sort;0;;895.702;895.703;1078.7040072930517;1079.938978038967;pattern;
