query_file;node_id;node_type;depth;parent_relationship;actual_startup_time;actual_total_time;predicted_startup_time;predicted_total_time;prediction_type;is_leaf
Q9_92_seed_746566821;19215;Hash Join;7;Outer;17.289;179.067;18.54222625722825;546.0787533037454;pattern;
Q9_92_seed_746566821;19212;Hash Join;5;Outer;182.637;977.868;176.19904194921878;733.8356252380852;pattern;
Q9_92_seed_746566821;19224;Index Scan;5;Inner;0.003;0.003;0.003729219503801895;-0.04238100520862531;operator;True
Q9_92_seed_746566821;19211;Nested Loop;4;Outer;183.012;1150.113;125.30640946037437;1179.5778347067878;operator;False
Q9_92_seed_746566821;19210;Aggregate;3;Outer;1174.316;1174.769;1147.2269709303937;1152.7267643414891;operator;False
Q9_92_seed_746566821;19209;Gather;2;Outer;1187.607;1193.743;578.5641962632844;1135.9799097639427;operator;False
Q9_92_seed_746566821;19207;Sort;0;;1191.49;1195.208;1114.3240357023533;1115.815700344126;pattern;
