query_file;node_id;node_type;depth;parent_relationship;actual_startup_time;actual_total_time;predicted_startup_time;predicted_total_time;prediction_type;is_leaf
Q3_97_seed_787586976;5819;Seq Scan;7;Outer;4.681;28.618;0.26290512072724725;38.566617753396486;operator;True
Q3_97_seed_787586976;5817;Seq Scan;6;Outer;0.322;155.418;0.29130921977087576;163.32901498770636;operator;True
Q3_97_seed_787586976;5818;Hash;6;Inner;29.465;29.466;17.745896367083304;17.746437122207624;operator;False
Q3_97_seed_787586976;5816;Hash Join;5;Outer;30.314;208.396;27.179734415736633;230.61534632308224;operator;False
Q3_97_seed_787586976;5820;Index Scan;5;Inner;0.026;0.026;0.05839675190218198;-0.5180651256505655;operator;True
Q3_97_seed_787586976;5815;Nested Loop;4;Outer;32.134;1166.408;121.59000953849564;1192.8923206631891;operator;False
Q3_97_seed_787586976;5811;Limit;0;;1202.232;1202.348;1150.4215260249941;1151.1750260249942;pattern;
