query_file;node_id;node_type;depth;parent_relationship;actual_startup_time;actual_total_time;predicted_startup_time;predicted_total_time;prediction_type;is_leaf
Q3_102_seed_828607131;4379;Seq Scan;7;Outer;4.605;29.509;0.26298146372291775;38.56986712631601;operator;True
Q3_102_seed_828607131;4377;Seq Scan;6;Outer;0.297;155.804;0.29091019563806686;163.17747753912477;operator;True
Q3_102_seed_828607131;4378;Hash;6;Inner;30.194;30.194;17.746020687919298;17.746561398818073;operator;False
Q3_102_seed_828607131;4376;Hash Join;5;Outer;30.588;208.764;27.113459114290904;230.1805508531845;operator;False
Q3_102_seed_828607131;4380;Index Scan;5;Inner;0.026;0.027;0.05839675190218198;-0.5180651256505655;operator;True
Q3_102_seed_828607131;4375;Nested Loop;4;Outer;32.105;1164.642;121.29287881685063;1192.5911707366292;operator;False
Q3_102_seed_828607131;4371;Limit;0;;1198.862;1200.743;1150.4215260662988;1151.1750260662989;pattern;
