query_file;node_id;node_type;depth;parent_relationship;actual_startup_time;actual_total_time;predicted_startup_time;predicted_total_time;prediction_type;is_leaf
Q1_67_seed_541466046;570;Seq Scan;4;Outer;8.119;528.201;0.8534626103628384;678.1926834350846;operator;True
Q1_67_seed_541466046;568;Sort;2;Outer;942.643;942.644;1196.953371476322;1201.047640621427;pattern;
Q1_67_seed_541466046;567;Gather Merge;1;Outer;955.632;961.041;1161.8224659358675;1165.9471919386297;operator;False
Q1_67_seed_541466046;566;Aggregate;0;;955.649;961.078;1149.949642667444;1196.0292917480742;operator;False
