query_file;node_id;node_type;depth;parent_relationship;actual_startup_time;actual_total_time;predicted_startup_time;predicted_total_time;prediction_type;is_leaf
Q1_67_seed_541466046;570;Seq Scan;4;Outer;8.119;528.201;0.8534626103628384;678.1926834350846;operator;True
Q1_67_seed_541466046;569;Aggregate;3;Outer;942.623;942.625;1037.4600936907127;1113.2954588223083;operator;False
Q1_67_seed_541466046;568;Sort;2;Outer;942.643;942.644;1181.0796954893028;1182.1494759836585;operator;False
Q1_67_seed_541466046;567;Gather Merge;1;Outer;955.632;961.041;1161.4922194843602;1165.6179038294638;operator;False
Q1_67_seed_541466046;566;Aggregate;0;;955.649;961.078;1149.9131968560455;1195.9824625605067;operator;False
