query_file;node_id;node_type;depth;parent_relationship;actual_startup_time;actual_total_time;predicted_startup_time;predicted_total_time;prediction_type;is_leaf
Q3_93_seed_754770852;5779;Seq Scan;7;Outer;4.735;28.047;0.26298146372291775;38.56986712631601;operator;True
Q3_93_seed_754770852;5777;Seq Scan;6;Outer;0.312;155.785;0.2915993831801411;163.4422826491307;operator;True
Q3_93_seed_754770852;5778;Hash;6;Inner;28.605;28.605;17.746020687919298;17.746561398818073;operator;False
Q3_93_seed_754770852;5776;Hash Join;5;Outer;29.008;207.269;27.231802891172578;230.93589114021165;operator;False
Q3_93_seed_754770852;5780;Index Scan;5;Inner;0.027;0.027;0.05839675190218198;-0.5180651256505655;operator;True
Q3_93_seed_754770852;5775;Nested Loop;4;Outer;30.745;1195.307;121.78027999965583;1193.082683511046;operator;False
Q3_93_seed_754770852;5771;Limit;0;;1227.874;1230.144;1150.4215260138885;1151.1750260138886;pattern;
