query_file;node_id;node_type;depth;parent_relationship;actual_startup_time;actual_total_time;predicted_startup_time;predicted_total_time;prediction_type;is_leaf
Q1_13_seed_98448372;220;Seq Scan;4;Outer;8.156;504.77;0.8531074562659056;678.419270596889;operator;True
Q1_13_seed_98448372;219;Aggregate;3;Outer;915.223;915.228;1037.4539280216027;1113.2515197191078;operator;False
Q1_13_seed_98448372;218;Sort;2;Outer;915.26;915.261;1181.0675697677616;1182.1373359353172;operator;False
Q1_13_seed_98448372;217;Gather Merge;1;Outer;929.234;934.363;1161.4886985507958;1165.6142675786623;operator;False
Q1_13_seed_98448372;216;Aggregate;0;;929.268;934.409;1149.9084208661125;1195.967017608571;operator;False
