query_file;node_id;node_type;depth;parent_relationship;actual_startup_time;actual_total_time;predicted_startup_time;predicted_total_time;prediction_type;is_leaf
Q7_86_seed_697342635;12921;Hash Join;7;Outer;0.475;36.734;37.617349447730206;429.3830087422621;pattern;
Q7_86_seed_697342635;12918;Hash Join;5;Outer;37.765;212.637;39.638535265155625;304.8909869868012;pattern;
Q7_86_seed_697342635;12925;Index Scan;5;Inner;0.032;0.033;0.03941894583458616;0.9628515547403396;operator;True
Q7_86_seed_697342635;12927;Hash Join;5;Outer;0.105;2.921;37.61603003805647;429.3628282798292;pattern;
Q7_86_seed_697342635;12917;Nested Loop;4;Outer;38.355;1191.94;173.4013251715467;1215.9932441105188;operator;False
Q7_86_seed_697342635;12926;Hash;4;Inner;2.973;2.973;27.742268811544875;27.74323152040685;operator;False
Q7_86_seed_697342635;12916;Hash Join;3;Outer;42.513;1198.622;124.68849509864765;843.1103148833878;operator;False
Q7_86_seed_697342635;12915;Sort;2;Outer;1199.192;1199.22;1107.6640382246896;1109.1567501899126;operator;False
Q7_86_seed_697342635;12913;Aggregate;0;;1202.218;1206.968;1159.5364464121913;1163.1290541267842;pattern;
