query_file;node_id;node_type;depth;parent_relationship;actual_startup_time;actual_total_time;predicted_startup_time;predicted_total_time;prediction_type;is_leaf
Q3_51_seed_410201550;5319;Seq Scan;7;Outer;5.364;28.286;0.2637634289738302;38.60321669875583;operator;True
Q3_51_seed_410201550;5316;Hash Join;5;Outer;29.515;208.193;29.740921217352778;242.43507383753206;pattern;
Q3_51_seed_410201550;5320;Index Scan;5;Inner;0.026;0.026;0.05839675190218198;-0.5180651256505655;operator;True
Q3_51_seed_410201550;5315;Nested Loop;4;Outer;31.575;1141.136;121.62908115458212;1192.8541569195424;operator;False
Q3_51_seed_410201550;5311;Limit;0;;1175.387;1177.177;1150.4215262496155;1151.1750262496155;pattern;
