query_file;node_id;node_type;depth;parent_relationship;actual_startup_time;actual_total_time;predicted_startup_time;predicted_total_time;prediction_type;is_leaf
Q3_123_seed_1000891782;4609;Seq Scan;7;Outer;4.635;28.453;0.26298146372291775;38.56986712631601;operator;True
Q3_123_seed_1000891782;4607;Seq Scan;6;Outer;0.208;155.392;0.2915230443241108;163.41222496402372;operator;True
Q3_123_seed_1000891782;4608;Hash;6;Inner;29.058;29.059;17.746020687919298;17.746561398818073;operator;False
Q3_123_seed_1000891782;4606;Hash Join;5;Outer;30.35;207.969;27.218369927175814;230.85011965442106;operator;False
Q3_123_seed_1000891782;4610;Index Scan;5;Inner;0.026;0.026;0.05839675190218198;-0.5180651256505655;operator;True
Q3_123_seed_1000891782;4605;Nested Loop;4;Outer;32.257;1154.328;121.72641709413013;1193.0272576741563;operator;False
Q3_123_seed_1000891782;4601;Limit;0;;1187.802;1190.072;1150.4215260301035;1151.1750260301035;pattern;
