query_count;mean_actual_ms;mean_predicted_ms;mean_mre;std_mre;mean_mre_pct
150;1049.4300935799645;1060.2604040695392;0.027681801050557682;0.022045591119619665;2.768180105055768
