query_file;node_id;node_type;depth;parent_relationship;actual_startup_time;actual_total_time;predicted_startup_time;predicted_total_time;prediction_type;is_leaf
Q1_22_seed_172284651;325;Seq Scan;4;Outer;8.371;514.329;1.9398589344552444;573.4042564270275;operator;True
Q1_22_seed_172284651;324;Aggregate;3;Outer;916.903;916.907;951.3168852680961;971.9343309755832;operator;False
Q1_22_seed_172284651;323;Sort;2;Outer;916.934;916.935;1150.3724641248937;1152.3537890437606;operator;False
Q1_22_seed_172284651;322;Gather Merge;1;Outer;931.359;937.224;1075.022802355958;1079.3867870023455;operator;False
Q1_22_seed_172284651;321;Aggregate;0;;931.415;937.298;1039.5736121837367;1052.0069362361464;operator;False
