query_file;node_id;node_type;depth;parent_relationship;actual_startup_time;actual_total_time;predicted_startup_time;predicted_total_time;prediction_type;is_leaf
Q12_83_seed_672730542;25241;Nested Loop;4;Outer;13.375;967.793;10.436681496555458;975.9681825230886;pattern;
Q12_83_seed_672730542;25240;Sort;3;Outer;968.635;968.736;1049.807356885816;1050.7886917924943;operator;False
Q12_83_seed_672730542;25239;Aggregate;2;Outer;969.017;969.357;925.973790912882;940.6432229389744;operator;False
Q12_83_seed_672730542;25237;Aggregate;0;;983.451;987.84;1022.9233989145699;1027.0482022534093;pattern;
