query_file;node_id;node_type;depth;parent_relationship;actual_startup_time;actual_total_time;predicted_startup_time;predicted_total_time;prediction_type;is_leaf
Q4_13_seed_98448372;6157;Seq Scan;5;Outer;0.07;163.141;0.9378341696666563;154.6607420082632;operator;True
Q4_13_seed_98448372;6158;Index Scan;5;Inner;0.062;0.062;-0.003540312421178901;11.104350802242521;operator;True
Q4_13_seed_98448372;6156;Nested Loop;4;Outer;1.155;1059.078;199.80203399293853;1255.4487969298648;operator;False
Q4_13_seed_98448372;6152;Aggregate;0;;1063.242;1065.427;946.3724041557311;952.1882127354145;pattern;
