query_file;node_id;node_type;depth;parent_relationship;actual_startup_time;actual_total_time;predicted_startup_time;predicted_total_time;prediction_type;is_leaf
Q5_15_seed_114856434;8037;Seq Scan;13;Outer;0.344;0.344;0.11847516521860801;21.38994919585383;operator;True
Q5_15_seed_114856434;8035;Seq Scan;12;Outer;0.007;0.008;-0.015167767241809571;10.494725911870546;operator;True
Q5_15_seed_114856434;8036;Hash;12;Inner;0.346;0.346;16.01535370121718;16.014912333363355;operator;False
Q5_15_seed_114856434;8021;Sort;0;;1086.03;1088.025;1068.7921496040772;1070.4425758730333;pattern;
