query_file;node_id;node_type;depth;parent_relationship;actual_startup_time;actual_total_time;predicted_startup_time;predicted_total_time;prediction_type;is_leaf
Q4_124_seed_1009095813;6038;Seq Scan;5;Outer;0.072;165.131;0.2261017986242515;157.02333600736816;operator;True
Q4_124_seed_1009095813;6039;Index Scan;5;Inner;0.061;0.061;0.06139985362771172;0.38043742568729044;operator;True
Q4_124_seed_1009095813;6037;Nested Loop;4;Outer;0.537;1046.857;31.538512883096814;1106.7459029422969;operator;False
Q4_124_seed_1009095813;6036;Aggregate;3;Outer;1048.705;1048.706;911.9499461153412;923.0286674665814;operator;False
Q4_124_seed_1009095813;6035;Sort;2;Outer;1048.726;1048.726;1059.8894186563305;1061.2038972326188;operator;False
Q4_124_seed_1009095813;6034;Gather Merge;1;Outer;1050.848;1053.24;1109.5620925634566;1112.8072160966033;operator;False
Q4_124_seed_1009095813;6033;Aggregate;0;;1050.852;1053.246;1025.0085349948404;1022.1495807990825;operator;False
