query_file;node_id;node_type;depth;parent_relationship;actual_startup_time;actual_total_time;predicted_startup_time;predicted_total_time;prediction_type;is_leaf
Q13_59_seed_475833798;26104;Index Only Scan;5;Outer;0.012;10.057;0.0;0.0;operator;True
Q13_59_seed_475833798;26102;Seq Scan;4;Outer;0.167;479.217;-1.9573972347551463;264.1925409425301;operator;True
Q13_59_seed_475833798;26103;Hash;4;Inner;15.47;15.47;80.14603185435155;80.14700462784211;operator;False
Q13_59_seed_475833798;26101;Hash Join;3;Outer;15.869;692.082;145.01164067703996;787.8302068759015;operator;False
Q13_59_seed_475833798;26100;Aggregate;2;Outer;898.967;906.919;917.0178124207043;1014.3875217138225;operator;False
Q13_59_seed_475833798;26099;Aggregate;1;Outer;912.904;912.909;968.6999423050423;1000.3283401184681;operator;False
Q13_59_seed_475833798;26098;Sort;0;;912.929;912.933;1080.3914887596711;1081.9327597444683;operator;False
