query_file;node_id;node_type;depth;parent_relationship;actual_startup_time;actual_total_time;predicted_startup_time;predicted_total_time;prediction_type;is_leaf
Q7_125_seed_1017299844;10995;Hash Join;7;Outer;0.31;34.094;37.617349447730206;429.3830087422621;pattern;
Q7_125_seed_1017299844;10992;Hash Join;5;Outer;36.073;209.847;39.638535265155625;304.8909869868012;pattern;
Q7_125_seed_1017299844;10999;Index Scan;5;Inner;0.031;0.032;0.03941894583458616;0.9628515547403396;operator;True
Q7_125_seed_1017299844;11001;Hash Join;5;Outer;0.125;4.939;37.61603003805647;429.3628282798292;pattern;
Q7_125_seed_1017299844;10991;Nested Loop;4;Outer;36.247;1154.447;173.4013251715467;1215.9932441105188;operator;False
Q7_125_seed_1017299844;11000;Hash;4;Inner;4.995;4.995;27.742268811544875;27.74323152040685;operator;False
Q7_125_seed_1017299844;10990;Hash Join;3;Outer;43.115;1163.166;124.68849509864765;843.1103148833878;operator;False
Q7_125_seed_1017299844;10989;Sort;2;Outer;1163.74;1163.769;1107.6640382246896;1109.1567501899126;operator;False
Q7_125_seed_1017299844;10987;Aggregate;0;;1166.826;1170.382;1159.5364464121913;1163.1290541267842;pattern;
