query_file;node_id;node_type;depth;parent_relationship;actual_startup_time;actual_total_time;predicted_startup_time;predicted_total_time;prediction_type;is_leaf
Q12_67_seed_541466046;25116;Seq Scan;5;Outer;10.349;837.525;1.608214144060745;745.1915019357795;operator;True
Q12_67_seed_541466046;25117;Index Scan;5;Inner;0.026;0.026;0.12456619013031595;0.07187872145217966;operator;True
Q12_67_seed_541466046;25115;Nested Loop;4;Outer;10.861;974.412;38.32870012109859;1127.4078580217097;operator;False
Q12_67_seed_541466046;25114;Sort;3;Outer;975.241;975.34;1092.3897475572126;1092.8026932332805;operator;False
Q12_67_seed_541466046;25113;Aggregate;2;Outer;975.61;975.952;868.9781762784936;895.3201951853756;operator;False
Q12_67_seed_541466046;25112;Gather Merge;1;Outer;989.915;997.731;1109.2218541219622;1111.835883544015;operator;False
Q12_67_seed_541466046;25111;Aggregate;0;;990.348;997.746;903.6117689485585;919.0760309111838;operator;False
