query_file;node_id;node_type;depth;parent_relationship;actual_startup_time;actual_total_time;predicted_startup_time;predicted_total_time;prediction_type;is_leaf
Q7_117_seed_951667596;10833;Hash Join;7;Outer;0.608;31.514;37.617349447730206;429.3830087422621;pattern;
Q7_117_seed_951667596;10830;Hash Join;5;Outer;32.626;205.649;39.638535265155625;304.8909869868012;pattern;
Q7_117_seed_951667596;10837;Index Scan;5;Inner;0.032;0.032;0.03941894583458616;0.9628515547403396;operator;True
Q7_117_seed_951667596;10839;Hash Join;5;Outer;0.11;2.877;37.61603003805647;429.3628282798292;pattern;
Q7_117_seed_951667596;10829;Nested Loop;4;Outer;33.592;1178.536;173.4013251715467;1215.9932441105188;operator;False
Q7_117_seed_951667596;10838;Hash;4;Inner;2.917;2.918;27.742268811544875;27.74323152040685;operator;False
Q7_117_seed_951667596;10828;Hash Join;3;Outer;40.127;1185.136;124.68849509864765;843.1103148833878;operator;False
Q7_117_seed_951667596;10827;Sort;2;Outer;1185.705;1185.733;1107.6640382246896;1109.1567501899126;operator;False
Q7_117_seed_951667596;10825;Aggregate;0;;1188.837;1194.227;1159.5364464121913;1163.1290541267842;pattern;
