query_file;node_id;node_type;depth;parent_relationship;actual_startup_time;actual_total_time;predicted_startup_time;predicted_total_time;prediction_type;is_leaf
Q10_64_seed_516853953;20807;Seq Scan;7;Outer;0.19;159.179;-0.5491366451836432;159.74248148798057;operator;True
Q10_64_seed_516853953;20808;Index Scan;7;Inner;0.06;0.063;0.02647520717656418;-0.5182304879599258;operator;True
Q10_64_seed_516853953;20810;Seq Scan;7;Outer;0.013;29.155;-10.029480805383272;26.639726858412047;operator;True
Q10_64_seed_516853953;20812;Seq Scan;6;Outer;0.009;0.009;0.43638700067583747;6.9787036398299165;operator;True
Q10_64_seed_516853953;20805;Hash Join;5;Outer;39.708;1114.878;51.85968116795292;1120.1863001612883;pattern;
Q10_64_seed_516853953;20811;Hash;5;Inner;0.013;0.013;15.710003163406043;15.710773700000516;operator;False
Q10_64_seed_516853953;20804;Hash Join;4;Outer;39.785;1117.764;54.19811832444046;1095.5059278880453;operator;False
Q10_64_seed_516853953;20800;Limit;0;;1166.177;1166.992;1197.4162580478192;1199.4703591139319;pattern;
