query_file;node_id;node_type;depth;parent_relationship;actual_startup_time;actual_total_time;predicted_startup_time;predicted_total_time;prediction_type;is_leaf
Q7_136_seed_1107544185;11211;Hash Join;7;Outer;0.196;36.124;37.617349447730206;429.3830087422621;pattern;
Q7_136_seed_1107544185;11208;Hash Join;5;Outer;36.931;213.205;39.638535265155625;304.8909869868012;pattern;
Q7_136_seed_1107544185;11215;Index Scan;5;Inner;0.032;0.032;0.03941894583458616;0.9628515547403396;operator;True
Q7_136_seed_1107544185;11217;Hash Join;5;Outer;0.095;2.116;37.61603003805647;429.3628282798292;pattern;
Q7_136_seed_1107544185;11207;Nested Loop;4;Outer;37.491;1173.218;173.4013251715467;1215.9932441105188;operator;False
Q7_136_seed_1107544185;11216;Hash;4;Inner;2.159;2.159;27.742268811544875;27.74323152040685;operator;False
Q7_136_seed_1107544185;11206;Hash Join;3;Outer;41.63;1179.198;124.68849509864765;843.1103148833878;operator;False
Q7_136_seed_1107544185;11205;Sort;2;Outer;1179.766;1179.793;1107.6640382246896;1109.1567501899126;operator;False
Q7_136_seed_1107544185;11203;Aggregate;0;;1183.858;1188.584;1159.5364464121913;1163.1290541267842;pattern;
