template;static_mre_pct;dynamic_mre_pct
Q1;13.65;20.96
Q3;61.14000000000001;65.10000000000001
Q4;4.01;4.89
Q5;4.54;6.29
Q6;17.0;21.78
Q7;8.84;9.51
Q8;10.66;12.08
Q9;7.6;9.03
Q10;67.67999999999999;74.57000000000001
Q12;8.62;10.31
Q13;17.150000000000002;19.5
Q14;12.3;17.24
Q18;29.32;61.48
Q19;9.68;13.489999999999998
