metric;value;percentage
mean_mre;0.22104541375781872;22.10454137578187
