metric;value;percentage
mean_mre;0.24731107805376648;24.73110780537665
