query_file;node_id;node_type;depth;parent_relationship;actual_startup_time;actual_total_time;predicted_startup_time;predicted_total_time;prediction_type;is_leaf
Q4_4_seed_24612093;6514;Seq Scan;5;Outer;0.07;166.389;0.9383091859505215;154.66262672880958;operator;True
Q4_4_seed_24612093;6515;Index Scan;5;Inner;0.061;0.061;-0.0035403110426649176;11.104353034264989;operator;True
Q4_4_seed_24612093;6513;Nested Loop;4;Outer;0.263;1045.546;199.80203399293853;1255.4487969298648;operator;False
Q4_4_seed_24612093;6509;Aggregate;0;;1049.852;1052.029;946.3724041557311;952.1882127354145;pattern;
