metric;value;percentage
mean_mre;0.11660506160047182;11.660506160047182
