query_file;node_id;node_type;depth;parent_relationship;actual_startup_time;actual_total_time;predicted_startup_time;predicted_total_time;prediction_type;is_leaf
Q4_71_seed_574282170;6682;Seq Scan;5;Outer;0.081;168.389;0.22571201712303668;157.02998988681117;operator;True
Q4_71_seed_574282170;6683;Index Scan;5;Inner;0.064;0.064;0.061399854532234954;0.38044457464864934;operator;True
Q4_71_seed_574282170;6681;Nested Loop;4;Outer;0.608;1067.343;31.3600002634565;1106.4422552987887;operator;False
Q4_71_seed_574282170;6680;Aggregate;3;Outer;1069.28;1069.281;912.2594807682052;923.3809907936807;operator;False
Q4_71_seed_574282170;6679;Sort;2;Outer;1069.301;1069.301;1059.8767868513835;1061.189926801427;operator;False
Q4_71_seed_574282170;6678;Gather Merge;1;Outer;1072.372;1073.879;1109.6204999933996;1112.8640338962452;operator;False
Q4_71_seed_574282170;6677;Aggregate;0;;1072.376;1073.884;1025.245773882801;1022.4343013122741;operator;False
