query_file;node_id;node_type;depth;parent_relationship;actual_startup_time;actual_total_time;predicted_startup_time;predicted_total_time;prediction_type;is_leaf
Q3_11_seed_82040310;4569;Seq Scan;7;Outer;4.309;28.915;0.2637634289738302;38.60321669875583;operator;True
Q3_11_seed_82040310;4566;Hash Join;5;Outer;29.956;208.838;29.77356088526092;242.4010576430082;pattern;
Q3_11_seed_82040310;4570;Index Scan;5;Inner;0.027;0.027;0.05839675190218198;-0.5180651256505655;operator;True
Q3_11_seed_82040310;4565;Nested Loop;4;Outer;32.315;1201.439;121.447596393657;1192.6724917114718;operator;False
Q3_11_seed_82040310;4561;Limit;0;;1234.806;1236.646;1150.4215262438988;1151.1750262438989;pattern;
