query_file;node_id;node_type;depth;parent_relationship;actual_startup_time;actual_total_time;predicted_startup_time;predicted_total_time;prediction_type;is_leaf
Q5_80_seed_648118449;9477;Seq Scan;13;Outer;0.11;0.11;0.11847516521860801;21.38994919585383;operator;True
Q5_80_seed_648118449;9475;Seq Scan;12;Outer;0.008;0.008;-0.015167767241809571;10.494725911870546;operator;True
Q5_80_seed_648118449;9476;Hash;12;Inner;0.112;0.113;16.01535370121718;16.014912333363355;operator;False
Q5_80_seed_648118449;9461;Sort;0;;1079.99;1082.16;1068.791821053136;1070.4422092873856;pattern;
