query_file;node_id;node_type;depth;parent_relationship;actual_startup_time;actual_total_time;predicted_startup_time;predicted_total_time;prediction_type;is_leaf
Q13_114_seed_927055503;25481;Index Only Scan;5;Outer;0.02;10.577;0.0;0.0;operator;True
Q13_114_seed_927055503;25479;Seq Scan;4;Outer;0.278;470.269;-1.9232554590505908;263.8911614072212;operator;True
Q13_114_seed_927055503;25480;Hash;4;Inner;17.859;17.86;80.14603185435155;80.14700462784211;operator;False
Q13_114_seed_927055503;25478;Hash Join;3;Outer;18.389;686.668;145.01164067703996;787.8302068759015;operator;False
Q13_114_seed_927055503;25477;Aggregate;2;Outer;893.714;901.076;917.1370598617707;1013.5631996062785;operator;False
Q13_114_seed_927055503;25476;Aggregate;1;Outer;907.187;907.19;968.7300537348915;1000.3745037436856;operator;False
Q13_114_seed_927055503;25475;Sort;0;;907.233;907.235;1080.3852732122373;1081.9262971179946;operator;False
