query_file;node_id;node_type;depth;parent_relationship;actual_startup_time;actual_total_time;predicted_startup_time;predicted_total_time;prediction_type;is_leaf
Q18_15_seed_114856434;29728;Index Scan;11;Outer;0.079;2121.68;0.07840002060647741;219.99007701940465;operator;True
Q18_15_seed_114856434;29727;Aggregate;10;Outer;548.141;2624.727;946.7420652795311;1300.2141978658015;operator;False
Q18_15_seed_114856434;29724;Hash Join;8;Outer;2705.602;2857.017;276.92498344993373;688.8336598995999;pattern;
Q18_15_seed_114856434;29730;Seq Scan;8;Outer;0.085;53.274;0.09563123806324136;25.47059222001974;operator;True
Q18_15_seed_114856434;29723;Sort;7;Outer;2857.028;2857.029;1096.6068000643686;1098.1317670536107;operator;False
Q18_15_seed_114856434;29729;Sort;7;Inner;64.087;66.465;1014.2095935652225;1014.6022309830253;operator;False
Q18_15_seed_114856434;29716;Limit;0;;3057.686;3063.791;3043.076;3050.2394999999997;pattern;
