query_file;node_id;node_type;depth;parent_relationship;actual_startup_time;actual_total_time;predicted_startup_time;predicted_total_time;prediction_type;is_leaf
Q3_72_seed_582486201;5549;Seq Scan;7;Outer;4.773;28.859;0.26298146372291775;38.56986712631601;operator;True
Q3_72_seed_582486201;5546;Hash Join;5;Outer;30.272;209.48;29.794097057863496;242.4164278812308;pattern;
Q3_72_seed_582486201;5550;Index Scan;5;Inner;0.026;0.026;0.05839675190218198;-0.5180651256505655;operator;True
Q3_72_seed_582486201;5545;Nested Loop;4;Outer;31.76;1154.453;121.48730232592413;1192.7300026374803;operator;False
Q3_72_seed_582486201;5541;Limit;0;;1190.584;1190.741;1150.421526060101;1151.1750260601011;pattern;
