query_file;node_id;node_type;depth;parent_relationship;actual_startup_time;actual_total_time;predicted_startup_time;predicted_total_time;prediction_type;is_leaf
Q12_111_seed_902443410;24409;Seq Scan;5;Outer;9.433;835.048;3.975530139018765;750.4578655138648;operator;True
Q12_111_seed_902443410;24410;Index Scan;5;Inner;0.025;0.025;0.02578304839054807;-0.01647583438285949;operator;True
Q12_111_seed_902443410;24408;Nested Loop;4;Outer;9.922;966.912;21.28539489412043;1101.315453341012;operator;False
Q12_111_seed_902443410;24407;Sort;3;Outer;968.194;968.295;1057.115064408182;1058.107683990914;operator;False
Q12_111_seed_902443410;24406;Aggregate;2;Outer;968.589;968.919;927.0276512416649;941.9596280243684;operator;False
Q12_111_seed_902443410;24405;Gather Merge;1;Outer;983.229;990.298;1055.9884552194787;1060.9608409746736;operator;False
Q12_111_seed_902443410;24404;Aggregate;0;;983.576;990.306;951.9516505022416;954.692674323876;operator;False
