query_file;node_id;node_type;depth;parent_relationship;actual_startup_time;actual_total_time;predicted_startup_time;predicted_total_time;prediction_type;is_leaf
Q3_118_seed_959871627;4546;Hash Join;5;Outer;27.828;205.024;30.063358843101113;218.5930065907428;pattern;
Q3_118_seed_959871627;4550;Index Scan;5;Inner;0.025;0.025;0.056250765173245454;-0.018536695684687743;operator;True
Q3_118_seed_959871627;4545;Nested Loop;4;Outer;28.573;1134.769;31.416448865119747;1123.20306737798;operator;False
Q3_118_seed_959871627;4541;Limit;0;;1176.314;1176.432;1194.1394919525612;1196.0389608722721;pattern;
