query_file;node_id;node_type;depth;parent_relationship;actual_startup_time;actual_total_time;predicted_startup_time;predicted_total_time;prediction_type;is_leaf
Q7_127_seed_1033707906;11031;Hash Join;7;Outer;0.168;34.763;37.617349447730206;429.3830087422621;pattern;
Q7_127_seed_1033707906;11028;Hash Join;5;Outer;35.314;215.882;39.638535265155625;304.8909869868012;pattern;
Q7_127_seed_1033707906;11035;Index Scan;5;Inner;0.032;0.033;0.03941894583458616;0.9628515547403396;operator;True
Q7_127_seed_1033707906;11037;Hash Join;5;Outer;0.104;3.609;37.61603003805647;429.3628282798292;pattern;
Q7_127_seed_1033707906;11027;Nested Loop;4;Outer;35.563;1197.823;173.4013251715467;1215.9932441105188;operator;False
Q7_127_seed_1033707906;11036;Hash;4;Inner;3.659;3.659;27.742268811544875;27.74323152040685;operator;False
Q7_127_seed_1033707906;11026;Hash Join;3;Outer;41.971;1205.126;124.68849509864765;843.1103148833878;operator;False
Q7_127_seed_1033707906;11025;Sort;2;Outer;1205.733;1205.763;1107.6640382246896;1109.1567501899126;operator;False
Q7_127_seed_1033707906;11023;Aggregate;0;;1208.448;1212.596;1159.5364464121913;1163.1290541267842;pattern;
