query_file;node_id;node_type;depth;parent_relationship;actual_startup_time;actual_total_time;predicted_startup_time;predicted_total_time;prediction_type;is_leaf
Q19_84_seed_680934573;32150;Seq Scan;5;Outer;15.776;46.138;2.663851563261279;31.602896825273547;operator;True
Q19_84_seed_680934573;32148;Seq Scan;4;Outer;0.535;787.393;2.7882210420405706;750.066292029509;operator;True
Q19_84_seed_680934573;32149;Hash;4;Inner;46.325;46.325;12.055679028383963;12.05537504113019;operator;False
Q19_84_seed_680934573;32147;Hash Join;3;Outer;125.402;835.733;77.19387660121704;782.3801089880653;operator;False
Q19_84_seed_680934573;32144;Aggregate;0;;850.11;856.225;829.1939482820868;834.4990991953115;pattern;
