query_count;mean_actual_ms;mean_predicted_ms;mean_mre;std_mre;mean_mre_pct
150;1352.4229555264658;1352.591719642997;0.018224697763452303;0.01966008416170098;1.8224697763452302
