query_file;node_id;node_type;depth;parent_relationship;actual_startup_time;actual_total_time;predicted_startup_time;predicted_total_time;prediction_type;is_leaf
Q7_118_seed_959871627;10851;Hash Join;7;Outer;0.175;36.294;37.617349447730206;429.3830087422621;pattern;
Q7_118_seed_959871627;10848;Hash Join;5;Outer;37.197;212.733;39.638535265155625;304.8909869868012;pattern;
Q7_118_seed_959871627;10855;Index Scan;5;Inner;0.032;0.032;0.03941894583458616;0.9628515547403396;operator;True
Q7_118_seed_959871627;10857;Hash Join;5;Outer;0.178;5.554;37.61603003805647;429.3628282798292;pattern;
Q7_118_seed_959871627;10847;Nested Loop;4;Outer;37.659;1183.567;173.4013251715467;1215.9932441105188;operator;False
Q7_118_seed_959871627;10856;Hash;4;Inner;5.601;5.602;27.742268811544875;27.74323152040685;operator;False
Q7_118_seed_959871627;10846;Hash Join;3;Outer;47.909;1192.955;124.68849509864765;843.1103148833878;operator;False
Q7_118_seed_959871627;10845;Sort;2;Outer;1193.553;1193.581;1107.6640382246896;1109.1567501899126;operator;False
Q7_118_seed_959871627;10843;Aggregate;0;;1197.093;1202.202;1159.5364464121913;1163.1290541267842;pattern;
