query_file;node_id;node_type;depth;parent_relationship;actual_startup_time;actual_total_time;predicted_startup_time;predicted_total_time;prediction_type;is_leaf
Q12_15_seed_114856434;24717;Seq Scan;5;Outer;10.086;854.274;1.6086125970466698;745.194561364593;operator;True
Q12_15_seed_114856434;24718;Index Scan;5;Inner;0.027;0.027;0.12456619013031595;0.07187872145217966;operator;True
Q12_15_seed_114856434;24716;Nested Loop;4;Outer;10.588;997.604;38.32222970767927;1127.412982098891;operator;False
Q12_15_seed_114856434;24715;Sort;3;Outer;998.463;998.566;1092.4081808462522;1092.821261636042;operator;False
Q12_15_seed_114856434;24714;Aggregate;2;Outer;998.842;999.2;868.9387125469682;895.2960683790516;operator;False
Q12_15_seed_114856434;24713;Gather Merge;1;Outer;1012.415;1018.925;1109.2238006430443;1111.8379277263475;operator;False
Q12_15_seed_114856434;24712;Aggregate;0;;1012.861;1018.954;903.5713064444917;919.0505651728081;operator;False
