query_file;node_id;node_type;depth;parent_relationship;actual_startup_time;actual_total_time;predicted_startup_time;predicted_total_time;prediction_type;is_leaf
Q8_127_seed_1033707906;13879;Seq Scan;10;Outer;0.08;35.107;0.27610590718633166;24.87346631481978;operator;True
Q8_127_seed_1033707906;13880;Hash;10;Inner;0.242;0.242;0.19455457104402996;0.195299517027415;pattern;
Q8_127_seed_1033707906;13887;Seq Scan;7;Outer;0.438;42.722;0.423890473257424;44.470190529910525;operator;True
Q8_127_seed_1033707906;13874;Nested Loop;6;Outer;39.886;1161.854;37.6417632564794;1155.057519186467;pattern;
Q8_127_seed_1033707906;13886;Hash;6;Inner;42.784;42.784;17.764375202228052;17.763940752584773;operator;False
Q8_127_seed_1033707906;13873;Hash Join;5;Outer;89.123;1209.129;78.6620133358943;1042.8746881801621;operator;False
Q8_127_seed_1033707906;13888;Index Scan;5;Inner;0.006;0.006;0.005987109893472176;0.051211396152496036;operator;True
Q8_127_seed_1033707906;13890;Seq Scan;5;Outer;0.009;0.01;0.06128368059525324;7.194474264237783;operator;True
Q8_127_seed_1033707906;13868;Aggregate;0;;1216.94;1219.249;1219.051717191132;1220.4242168813807;pattern;
