query_file;node_id;node_type;depth;parent_relationship;actual_startup_time;actual_total_time;predicted_startup_time;predicted_total_time;prediction_type;is_leaf
Q4_70_seed_566078139;6675;Seq Scan;5;Outer;0.07;164.608;0.9382110768332961;154.66223648338593;operator;True
Q4_70_seed_566078139;6676;Index Scan;5;Inner;0.06;0.06;-0.0035403110426649176;11.104353034264989;operator;True
Q4_70_seed_566078139;6674;Nested Loop;4;Outer;0.274;1021.57;199.80203399293853;1255.4487969298648;operator;False
Q4_70_seed_566078139;6670;Aggregate;0;;1027.417;1029.029;946.3724041557311;952.1882127354145;pattern;
