query_file;node_id;node_type;depth;parent_relationship;actual_startup_time;actual_total_time;predicted_startup_time;predicted_total_time;prediction_type;is_leaf
Q1_87_seed_705546666;680;Seq Scan;4;Outer;8.335;512.451;0.8470586300081551;682.0219446491867;operator;True
Q1_87_seed_705546666;679;Aggregate;3;Outer;927.941;927.944;1037.3562565624898;1112.5535339846151;operator;False
Q1_87_seed_705546666;678;Sort;2;Outer;927.965;927.965;1180.8741008119518;1181.9436375689697;operator;False
Q1_87_seed_705546666;677;Gather Merge;1;Outer;938.82;944.629;1161.4327359254207;1165.556458281411;operator;False
Q1_87_seed_705546666;676;Aggregate;0;;938.839;944.673;1149.8320760536994;1195.720723701336;operator;False
