query_file;node_id;node_type;depth;parent_relationship;actual_startup_time;actual_total_time;predicted_startup_time;predicted_total_time;prediction_type;is_leaf
Q13_121_seed_984483720;25537;Index Only Scan;5;Outer;0.009;9.62;0.0;0.0;operator;True
Q13_121_seed_984483720;25534;Hash Join;3;Outer;16.466;717.292;157.70259903464378;470.3111514787099;pattern;
Q13_121_seed_984483720;25533;Aggregate;2;Outer;922.677;929.733;908.2781952264519;999.5524164529895;operator;False
Q13_121_seed_984483720;25531;Sort;0;;935.844;935.846;1078.6997703450616;1079.9347089716157;pattern;
