query_count;mean_actual_ms;mean_predicted_ms;mean_mre;std_mre;mean_mre_pct
150;1193.3224036544561;1374.4821504409867;0.15257699533864374;0.029440609798990824;15.257699533864374
