query_file;node_id;node_type;depth;parent_relationship;actual_startup_time;actual_total_time;predicted_startup_time;predicted_total_time;prediction_type;is_leaf
Q3_117_seed_951667596;4539;Seq Scan;7;Outer;4.788;28.372;0.26290512072724725;38.566617753396486;operator;True
Q3_117_seed_951667596;4536;Hash Join;5;Outer;29.331;205.179;29.8067799545519;242.40723155496812;pattern;
Q3_117_seed_951667596;4540;Index Scan;5;Inner;0.026;0.026;0.05839675190218198;-0.5180651256505655;operator;True
Q3_117_seed_951667596;4535;Nested Loop;4;Outer;30.601;1156.593;121.43327402354105;1192.676401262826;operator;False
Q3_117_seed_951667596;4531;Limit;0;;1189.07;1191.081;1150.4215260525384;1151.1750260525384;pattern;
