query_file;node_id;node_type;depth;parent_relationship;actual_startup_time;actual_total_time;predicted_startup_time;predicted_total_time;prediction_type;is_leaf
Q12_144_seed_1173176433;24661;Seq Scan;5;Outer;9.604;842.854;1.6084437607498554;745.1932651877293;operator;True
Q12_144_seed_1173176433;24662;Index Scan;5;Inner;0.029;0.029;0.12456619013031595;0.07187872145217966;operator;True
Q12_144_seed_1173176433;24660;Nested Loop;4;Outer;10.046;995.719;38.32497110287861;1127.4108090323953;operator;False
Q12_144_seed_1173176433;24659;Sort;3;Outer;996.549;996.652;1092.4003905925067;1092.8134143425273;operator;False
Q12_144_seed_1173176433;24658;Aggregate;2;Outer;996.921;997.268;868.9553780347867;895.3062552288816;operator;False
Q12_144_seed_1173176433;24657;Gather Merge;1;Outer;1015.229;1017.765;1109.2229776354884;1111.8370634704565;operator;False
Q12_144_seed_1173176433;24656;Aggregate;0;;1015.569;1017.788;903.5883926071067;919.0613160774259;operator;False
