query_file;node_id;node_type;depth;parent_relationship;actual_startup_time;actual_total_time;predicted_startup_time;predicted_total_time;prediction_type;is_leaf
Q12_118_seed_959871627;24458;Seq Scan;5;Outer;9.051;841.615;1.608470774534588;745.1934725949296;operator;True
Q12_118_seed_959871627;24459;Index Scan;5;Inner;0.025;0.025;0.12456619013031595;0.07187872145217966;operator;True
Q12_118_seed_959871627;24457;Nested Loop;4;Outer;9.86;974.397;38.32455343067252;1127.411168376362;operator;False
Q12_118_seed_959871627;24456;Sort;3;Outer;975.333;975.439;1092.4016752718699;1092.8147085362086;operator;False
Q12_118_seed_959871627;24455;Aggregate;2;Outer;975.735;976.083;868.9526199483878;895.3045680468074;operator;False
Q12_118_seed_959871627;24454;Gather Merge;1;Outer;989.99;995.324;1109.2231140043523;1111.8372066738748;operator;False
Q12_118_seed_959871627;24453;Aggregate;0;;990.405;995.346;903.5855628102734;919.0595352153252;operator;False
