query_file;node_id;node_type;depth;parent_relationship;actual_startup_time;actual_total_time;predicted_startup_time;predicted_total_time;prediction_type;is_leaf
Q14_92_seed_746566821;27413;Seq Scan;5;Outer;7.934;40.492;1.2208188453329911;12.703852905744952;operator;True
Q14_92_seed_746566821;27411;Seq Scan;4;Outer;1.018;760.172;6.817508953920374;758.5067046203112;operator;True
Q14_92_seed_746566821;27412;Hash;4;Inner;46.684;46.685;9.378350513673809;9.3794421988882;operator;False
Q14_92_seed_746566821;27410;Hash Join;3;Outer;48.341;814.771;78.57453668143543;807.6699162993085;operator;False
Q14_92_seed_746566821;27407;Aggregate;0;;831.008;836.848;842.878209932737;848.3772945592582;pattern;
