query_file;node_id;node_type;depth;parent_relationship;actual_startup_time;actual_total_time;predicted_startup_time;predicted_total_time;prediction_type;is_leaf
Q9_83_seed_672730542;19036;Seq Scan;10;Outer;0.361;19.314;0.41059126030012516;42.86439548282115;operator;True
Q9_83_seed_672730542;19037;Index Scan;10;Inner;0.075;0.078;0.07161991576507193;0.11917251002556384;operator;True
Q9_83_seed_672730542;19039;Seq Scan;10;Outer;0.061;3.756;0.0355295538972451;10.6167639219301;operator;True
Q9_83_seed_672730542;19025;Sort;0;;1145.569;1154.173;1189.3481333898399;1194.9510738742918;pattern;
