query_file;node_id;node_type;depth;parent_relationship;actual_startup_time;actual_total_time;predicted_startup_time;predicted_total_time;prediction_type;is_leaf
Q4_118_seed_959871627;5989;Seq Scan;5;Outer;0.068;164.078;0.2263361990377324;157.01937484936533;operator;True
Q4_118_seed_959871627;5990;Index Scan;5;Inner;0.061;0.061;0.06139985294973521;0.3804320639699057;operator;True
Q4_118_seed_959871627;5988;Nested Loop;4;Outer;0.24;1033.287;31.64840321414448;1106.9305929224647;operator;False
Q4_118_seed_959871627;5987;Aggregate;3;Outer;1035.257;1035.258;911.7636363662207;922.8168132761178;operator;False
Q4_118_seed_959871627;5986;Sort;2;Outer;1035.278;1035.278;1059.8972086529309;1061.2124951186877;operator;False
Q4_118_seed_959871627;5985;Gather Merge;1;Outer;1038.106;1040.205;1109.5269603974596;1112.773044195934;operator;False
Q4_118_seed_959871627;5984;Aggregate;0;;1038.11;1040.21;1024.8654694980291;1021.9781999941247;operator;False
