query_file;node_id;node_type;depth;parent_relationship;actual_startup_time;actual_total_time;predicted_startup_time;predicted_total_time;prediction_type;is_leaf
Q3_150_seed_1231235959;4909;Seq Scan;7;Outer;7.238;26.652;0.35460589967521594;36.72162364313408;operator;True
Q3_150_seed_1231235959;4907;Seq Scan;6;Outer;0.305;156.748;0.2967270307581691;162.24552064106513;operator;True
Q3_150_seed_1231235959;4908;Hash;6;Inner;27.249;27.249;17.51124298203831;17.510931381194297;operator;False
Q3_150_seed_1231235959;4906;Hash Join;5;Outer;27.646;206.808;29.09485722182643;231.5043910159344;operator;False
Q3_150_seed_1231235959;4910;Index Scan;5;Inner;0.026;0.026;0.056250765173245454;-0.018536695684687743;operator;True
Q3_150_seed_1231235959;4905;Nested Loop;4;Outer;29.97;1148.23;29.867754796017778;1121.3514789502647;operator;False
Q3_150_seed_1231235959;4901;Limit;0;;1183.985;1186.778;1193.8927628714027;1195.7857531438215;pattern;
