query_file;node_id;node_type;depth;parent_relationship;actual_startup_time;actual_total_time;predicted_startup_time;predicted_total_time;prediction_type;is_leaf
Q1_41_seed_328161240;430;Seq Scan;4;Outer;8.181;593.717;0.8490995172878932;680.8556178324171;operator;True
Q1_41_seed_328161240;429;Aggregate;3;Outer;972.193;972.198;1037.3878039568824;1112.7793751244237;operator;False
Q1_41_seed_328161240;428;Sort;2;Outer;972.226;972.227;1180.9368766018438;1182.0064879674485;operator;False
Q1_41_seed_328161240;427;Gather Merge;1;Outer;984.747;990.571;1161.450849525099;1165.5751724632387;operator;False
Q1_41_seed_328161240;426;Aggregate;0;;984.8;990.639;1149.856876904327;1195.8006100340242;operator;False
