query_file;node_id;node_type;depth;parent_relationship;actual_startup_time;actual_total_time;predicted_startup_time;predicted_total_time;prediction_type;is_leaf
Q12_102_seed_828607131;24339;Seq Scan;5;Outer;8.805;833.957;1.608761173337581;745.1957017675559;operator;True
Q12_102_seed_828607131;24340;Index Scan;5;Inner;0.026;0.026;0.12456619013031595;0.07187872145217966;operator;True
Q12_102_seed_828607131;24338;Nested Loop;4;Outer;9.351;967.566;38.319873623219365;1127.414928215777;operator;False
Q12_102_seed_828607131;24337;Sort;3;Outer;968.455;968.548;1092.4151069262616;1092.8282386217768;operator;False
Q12_102_seed_828607131;24336;Aggregate;2;Outer;968.795;969.125;868.923892687709;895.2870093331878;operator;False
Q12_102_seed_828607131;24335;Gather Merge;1;Outer;981.906;987.794;1109.224534286197;1111.8386980824575;operator;False
Q12_102_seed_828607131;24334;Aggregate;0;;982.288;987.814;903.5561040799274;919.0410025586045;operator;False
