query_file;node_id;node_type;depth;parent_relationship;actual_startup_time;actual_total_time;predicted_startup_time;predicted_total_time;prediction_type;is_leaf
Q12_118_seed_959871627;24457;Nested Loop;4;Outer;9.86;974.397;10.433153542525893;976.0573710777048;pattern;
Q12_118_seed_959871627;24456;Sort;3;Outer;975.333;975.439;1049.8229166233778;1050.8043709010278;operator;False
Q12_118_seed_959871627;24455;Aggregate;2;Outer;975.735;976.083;925.9589732634485;940.6382469230407;operator;False
Q12_118_seed_959871627;24453;Aggregate;0;;990.405;995.346;1022.9227703627464;1027.0478374623212;pattern;
