query_file;node_id;node_type;depth;parent_relationship;actual_startup_time;actual_total_time;predicted_startup_time;predicted_total_time;prediction_type;is_leaf
Q12_108_seed_877831317;24381;Seq Scan;5;Outer;10.104;837.843;1.6088759824966052;745.1965828388304;operator;True
Q12_108_seed_877831317;24382;Index Scan;5;Inner;0.026;0.026;0.12456619013031595;0.07187872145217966;operator;True
Q12_108_seed_877831317;24380;Nested Loop;4;Outer;10.628;975.293;38.318084142897504;1127.4164508951803;operator;False
Q12_108_seed_877831317;24379;Sort;3;Outer;976.171;976.279;1092.4204992936939;1092.8336707307114;operator;False
Q12_108_seed_877831317;24378;Aggregate;2;Outer;976.571;976.916;868.9123497500836;895.279953174035;operator;False
Q12_108_seed_877831317;24377;Gather Merge;1;Outer;990.52;997.096;1109.2251061958423;1111.839298584828;operator;False
Q12_108_seed_877831317;24376;Aggregate;0;;990.971;997.111;903.5442653349787;919.0335576543876;operator;False
