query_file;node_id;node_type;depth;parent_relationship;actual_startup_time;actual_total_time;predicted_startup_time;predicted_total_time;prediction_type;is_leaf
Q19_111_seed_902443410;31310;Seq Scan;5;Outer;13.428;47.698;2.6638633902323137;31.602429686896073;operator;True
Q19_111_seed_902443410;31308;Seq Scan;4;Outer;0.5;804.204;2.788312182353111;750.0674956996841;operator;True
Q19_111_seed_902443410;31309;Hash;4;Inner;47.854;47.854;12.055698467735084;12.055394490560388;operator;False
Q19_111_seed_902443410;31307;Hash Join;3;Outer;114.644;854.688;77.19486809388144;782.3820069587698;operator;False
Q19_111_seed_902443410;31304;Aggregate;0;;867.385;873.828;829.1939778445461;834.4991282591748;pattern;
