query_file;node_id;node_type;depth;parent_relationship;actual_startup_time;actual_total_time;predicted_startup_time;predicted_total_time;prediction_type;is_leaf
Q18_118_seed_959871627;29136;Index Scan;11;Outer;0.028;2128.35;0.07840002060647741;219.99007701940465;operator;True
Q18_118_seed_959871627;29135;Aggregate;10;Outer;549.506;2615.681;946.7420652795311;1300.2141978658015;operator;False
Q18_118_seed_959871627;29133;Seq Scan;9;Outer;0.202;196.911;0.272310839798261;187.1099509577836;operator;True
Q18_118_seed_959871627;29134;Hash;9;Inner;2615.729;2615.729;255.34711090785868;255.34792158437378;operator;False
Q18_118_seed_959871627;29132;Hash Join;8;Outer;2756.886;2841.372;142.63724163560374;773.6746268516752;operator;False
Q18_118_seed_959871627;29138;Seq Scan;8;Outer;0.083;52.943;0.09563123806324136;25.47059222001974;operator;True
Q18_118_seed_959871627;29131;Sort;7;Outer;2841.382;2841.383;1097.3073317036833;1098.7472034809587;operator;False
Q18_118_seed_959871627;29137;Sort;7;Inner;61.903;63.854;1014.2095935652225;1014.6022309830253;operator;False
Q18_118_seed_959871627;29124;Limit;0;;3031.113;3037.432;3043.076;3050.2394999999997;pattern;
