iteration;pattern_hash;delta
18;25df29b5b69835d07c0d8b72b0e46a3b;0.0949698817558006
27;a5f39f08c510532e02e96e109e48c0cd;0.032447086237192
60;0aa5463f1b91f165f60e8a19a4979344;0.0218866017070878
0;3aab37bea1a884da206eb32f2c1ae5ba;0.0179302741703475
33;2724c08067c017e6455632f46231780c;0.00928370835926
19;1d35fb978b379d4a820897907e56ab7b;0.0050013430943052
