iteration;pattern_hash;pattern_string;baseline_mre;new_mre;delta;status
0;3aab37bea1a884da206eb32f2c1ae5ba;Hash -> Seq Scan (Outer);0.2297;0.21176972582965248;0.01793027417034751;SELECTED
18;25df29b5b69835d07c0d8b72b0e46a3b;Limit -> Sort -> Aggregate -> Gather (Outer) (Outer) (Outer);0.21176972582965248;0.11679984407385181;0.09496988175580066;SELECTED
19;1d35fb978b379d4a820897907e56ab7b;Sort -> Aggregate (Outer);0.11679984407385181;0.11179850097954658;0.005001343094305236;SELECTED
27;a5f39f08c510532e02e96e109e48c0cd;Aggregate -> Gather -> Aggregate (Outer) (Outer);0.11179850097954658;0.07935141474235455;0.03244708623719203;SELECTED
33;2724c08067c017e6455632f46231780c;Aggregate -> Gather Merge (Outer);0.07935141474235455;0.07006770638309451;0.00928370835926004;SELECTED
60;0aa5463f1b91f165f60e8a19a4979344;Limit -> Sort -> Aggregate -> Gather Merge -> Incremental Sort -> Nested Loop -> [Merge Join (Outer), Index Scan (Inner)] (Outer) (Outer) (Outer) (Outer) (Outer);0.07006770638309451;0.048181104676006656;0.021886601707087852;SELECTED
