query_file;node_id;node_type;depth;parent_relationship;actual_startup_time;actual_total_time;predicted_startup_time;predicted_total_time;prediction_type;is_leaf
Q12_62_seed_500445891;25081;Seq Scan;5;Outer;9.738;856.679;1.6085855832077334;745.1943539951955;operator;True
Q12_62_seed_500445891;25082;Index Scan;5;Inner;0.026;0.026;0.12456619013031595;0.07187872145217966;operator;True
Q12_62_seed_500445891;25080;Nested Loop;4;Outer;10.233;993.43;38.32267300272062;1127.4126368779143;operator;False
Q12_62_seed_500445891;25079;Sort;3;Outer;994.311;994.417;1092.4069439534833;1092.8200157141991;operator;False
Q12_62_seed_500445891;25078;Aggregate;2;Outer;994.677;995.033;868.9413553442636;895.2976833758942;operator;False
Q12_62_seed_500445891;25077;Gather Merge;1;Outer;1009.604;1018.878;1109.2236700453498;1111.8377905875163;operator;False
Q12_62_seed_500445891;25076;Aggregate;0;;1009.998;1018.895;903.5740156648806;919.0522695980368;operator;False
