query_file;node_id;node_type;depth;parent_relationship;actual_startup_time;actual_total_time;predicted_startup_time;predicted_total_time;prediction_type;is_leaf
Q13_76_seed_615302325;26237;Index Only Scan;5;Outer;0.012;9.993;0.0;0.0;operator;True
Q13_76_seed_615302325;26235;Seq Scan;4;Outer;0.211;513.059;-1.9489254011497288;264.1182089172417;operator;True
Q13_76_seed_615302325;26236;Hash;4;Inner;16.055;16.055;80.14603185435155;80.14700462784211;operator;False
Q13_76_seed_615302325;26234;Hash Join;3;Outer;16.493;737.827;145.01164067703996;787.8302068759015;operator;False
Q13_76_seed_615302325;26233;Aggregate;2;Outer;953.849;961.762;917.0474038737932;1014.1808286843299;operator;False
Q13_76_seed_615302325;26232;Aggregate;1;Outer;967.641;967.646;968.7074124781565;1000.3398058246635;operator;False
Q13_76_seed_615302325;26231;Sort;0;;967.669;967.673;1080.3899255089282;1081.9311346962395;operator;False
