query_file;node_id;node_type;depth;parent_relationship;actual_startup_time;actual_total_time;predicted_startup_time;predicted_total_time;prediction_type;is_leaf
Q7_129_seed_1050115968;11067;Hash Join;7;Outer;0.566;36.647;0.244988718307674;24.82128462146136;pattern;
Q7_129_seed_1050115968;11064;Hash Join;5;Outer;38.325;214.999;37.16837594011375;260.16041393747275;pattern;
Q7_129_seed_1050115968;11071;Index Scan;5;Inner;0.031;0.031;0.03861891685575192;0.08695394945135604;operator;True
Q7_129_seed_1050115968;11073;Hash Join;5;Outer;0.1;2.198;0.15307644758142303;21.236310736734197;pattern;
Q7_129_seed_1050115968;11063;Nested Loop;4;Outer;38.88;1168.596;42.24331911707124;1145.3730708220435;operator;False
Q7_129_seed_1050115968;11072;Hash;4;Inner;2.241;2.242;14.938379238697365;14.938763777250472;operator;False
Q7_129_seed_1050115968;11062;Hash Join;3;Outer;43.287;1174.588;43.42578054992339;1129.0568150886245;operator;False
Q7_129_seed_1050115968;11061;Sort;2;Outer;1175.132;1175.16;1149.2180891709254;1149.813162537229;operator;False
Q7_129_seed_1050115968;11059;Aggregate;0;;1178.517;1182.607;1184.0519011625388;1187.6479853732715;pattern;
