query_file;node_id;node_type;depth;parent_relationship;actual_startup_time;actual_total_time;predicted_startup_time;predicted_total_time;prediction_type;is_leaf
Q1_149_seed_1214196588;270;Seq Scan;4;Outer;8.443;504.44;0.8500426438495499;680.3007882627949;operator;True
Q1_149_seed_1214196588;268;Sort;2;Outer;904.757;904.758;1196.397480034604;1200.4933448009026;pattern;
Q1_149_seed_1214196588;267;Gather Merge;1;Outer;918.937;928.099;1161.7811126157105;1165.904787525648;operator;False
Q1_149_seed_1214196588;266;Aggregate;0;;918.974;928.149;1149.90414477662;1195.8841797109808;operator;False
