query_file;node_id;node_type;depth;parent_relationship;actual_startup_time;actual_total_time;predicted_startup_time;predicted_total_time;prediction_type;is_leaf
Q7_27_seed_213304806;11751;Hash Join;7;Outer;1.195;35.074;0.244988718307674;24.82128462146136;pattern;
Q7_27_seed_213304806;11748;Hash Join;5;Outer;35.818;211.567;37.16837594011375;260.16041393747275;pattern;
Q7_27_seed_213304806;11755;Index Scan;5;Inner;0.031;0.031;0.03861891685575192;0.08695394945135604;operator;True
Q7_27_seed_213304806;11757;Hash Join;5;Outer;0.11;2.488;0.15307644758142303;21.236310736734197;pattern;
Q7_27_seed_213304806;11747;Nested Loop;4;Outer;36.459;1161.003;42.24331911707124;1145.3730708220435;operator;False
Q7_27_seed_213304806;11756;Hash;4;Inner;2.532;2.533;14.938379238697365;14.938763777250472;operator;False
Q7_27_seed_213304806;11746;Hash Join;3;Outer;39.99;1167.381;43.42578054992339;1129.0568150886245;operator;False
Q7_27_seed_213304806;11745;Sort;2;Outer;1167.994;1168.026;1149.2180891709254;1149.813162537229;operator;False
Q7_27_seed_213304806;11743;Aggregate;0;;1171.034;1174.884;1184.0519011625388;1187.6479853732715;pattern;
