query_file;node_id;node_type;depth;parent_relationship;actual_startup_time;actual_total_time;predicted_startup_time;predicted_total_time;prediction_type;is_leaf
Q3_141_seed_1148564340;4806;Hash Join;5;Outer;35.264;217.077;30.46098832817612;219.42845572047509;pattern;
Q3_141_seed_1148564340;4810;Index Scan;5;Inner;0.027;0.027;0.056250765173245454;-0.018536695684687743;operator;True
Q3_141_seed_1148564340;4805;Nested Loop;4;Outer;37.355;1184.298;29.573322156957744;1121.1217362224675;operator;False
Q3_141_seed_1148564340;4801;Limit;0;;1218.694;1221.45;1193.892510641768;1195.785493100606;pattern;
