query_file;node_id;node_type;depth;parent_relationship;actual_startup_time;actual_total_time;predicted_startup_time;predicted_total_time;prediction_type;is_leaf
Q4_103_seed_836811162;5877;Seq Scan;5;Outer;0.07;165.187;0.9385802983962916;154.66370777081127;operator;True
Q4_103_seed_836811162;5878;Index Scan;5;Inner;0.062;0.062;-0.0035403096654575417;11.104355266288522;operator;True
Q4_103_seed_836811162;5876;Nested Loop;4;Outer;0.328;1030.007;199.80203399293853;1255.4487969298648;operator;False
Q4_103_seed_836811162;5872;Aggregate;0;;1034.23;1036.371;946.3724041557311;952.1882127354145;pattern;
