query_file;node_id;node_type;depth;parent_relationship;actual_startup_time;actual_total_time;predicted_startup_time;predicted_total_time;prediction_type;is_leaf
Q1_134_seed_1091136123;190;Seq Scan;4;Outer;8.439;531.123;0.8525953685309582;678.7426670825269;operator;True
Q1_134_seed_1091136123;188;Sort;2;Outer;944.816;944.817;1196.80870031664;1200.9033954621373;pattern;
Q1_134_seed_1091136123;187;Gather Merge;1;Outer;960.434;963.97;1161.8116808553775;1165.9361334255977;operator;False
Q1_134_seed_1091136123;186;Aggregate;0;;960.46;964.018;1149.9377979567828;1195.9914770910707;operator;False
