query_file;node_id;node_type;depth;parent_relationship;actual_startup_time;actual_total_time;predicted_startup_time;predicted_total_time;prediction_type;is_leaf
Q9_118_seed_959871627;17004;Hash Join;7;Outer;18.801;191.411;18.549800444111654;546.2062384280683;pattern;
Q9_118_seed_959871627;17001;Hash Join;5;Outer;194.873;1024.523;176.17544603952652;734.011627728978;pattern;
Q9_118_seed_959871627;17013;Index Scan;5;Inner;0.003;0.003;0.003729219503801895;-0.04238100520862531;operator;True
Q9_118_seed_959871627;17000;Nested Loop;4;Outer;195.293;1199.64;128.19270260530945;1181.241412087775;operator;False
Q9_118_seed_959871627;16999;Aggregate;3;Outer;1223.081;1223.566;1140.6519002136865;1143.9991297852832;operator;False
Q9_118_seed_959871627;16998;Gather;2;Outer;1235.946;1241.784;578.9339199320668;1135.7321076998235;operator;False
Q9_118_seed_959871627;16996;Sort;0;;1238.013;1243.149;1114.8363773047174;1116.3254475918015;pattern;
