query_file;node_id;node_type;depth;parent_relationship;actual_startup_time;actual_total_time;predicted_startup_time;predicted_total_time;prediction_type;is_leaf
Q9_118_seed_959871627;17007;Seq Scan;10;Outer;0.295;21.146;0.41059126030012516;42.86439548282115;operator;True
Q9_118_seed_959871627;17008;Index Scan;10;Inner;0.08;0.081;0.07161991576507193;0.11917251002556384;operator;True
Q9_118_seed_959871627;17010;Seq Scan;10;Outer;0.055;4.027;0.0355295538972451;10.6167639219301;operator;True
Q9_118_seed_959871627;16996;Sort;0;;1238.013;1243.149;1189.3481333898399;1194.9510738742918;pattern;
