query_file;node_id;node_type;depth;parent_relationship;actual_startup_time;actual_total_time;predicted_startup_time;predicted_total_time;prediction_type;is_leaf
Q12_127_seed_1033707906;24527;Nested Loop;4;Outer;9.617;988.909;10.433153542525893;976.0573710777048;pattern;
Q12_127_seed_1033707906;24526;Sort;3;Outer;989.796;989.899;1049.8229166233778;1050.8043709010278;operator;False
Q12_127_seed_1033707906;24525;Aggregate;2;Outer;990.182;990.531;925.9589732634485;940.6382469230407;operator;False
Q12_127_seed_1033707906;24523;Aggregate;0;;1007.398;1010.74;1022.9227703627464;1027.0478374623212;pattern;
