query_file;node_id;node_type;depth;parent_relationship;actual_startup_time;actual_total_time;predicted_startup_time;predicted_total_time;prediction_type;is_leaf
Q3_120_seed_976279689;4579;Seq Scan;7;Outer;4.694;28.137;0.2637634289738302;38.60321669875583;operator;True
Q3_120_seed_976279689;4576;Hash Join;5;Outer;29.176;206.216;29.698663749852386;242.48039221281778;pattern;
Q3_120_seed_976279689;4580;Index Scan;5;Inner;0.025;0.026;0.05839675190218198;-0.5180651256505655;operator;True
Q3_120_seed_976279689;4575;Nested Loop;4;Outer;31.333;1142.913;121.86002455531526;1193.0900273110233;operator;False
Q3_120_seed_976279689;4571;Limit;0;;1175.712;1177.715;1150.421526199543;1151.175026199543;pattern;
