query_file;node_id;node_type;depth;parent_relationship;actual_startup_time;actual_total_time;predicted_startup_time;predicted_total_time;prediction_type;is_leaf
Q1_59_seed_475833798;525;Seq Scan;4;Outer;7.986;496.274;1.9104896993923672;569.7190682469884;operator;True
Q1_59_seed_475833798;524;Aggregate;3;Outer;910.533;910.536;951.3608732578589;972.3183502206997;operator;False
Q1_59_seed_475833798;523;Sort;2;Outer;910.56;910.561;1150.4636413186972;1152.4471558399207;operator;False
Q1_59_seed_475833798;522;Gather Merge;1;Outer;920.972;926.413;1074.9963245402953;1079.3617379930158;operator;False
Q1_59_seed_475833798;521;Aggregate;0;;920.99;926.445;1039.4756430998605;1052.0203056416149;operator;False
