query_file;node_id;node_type;depth;parent_relationship;actual_startup_time;actual_total_time;predicted_startup_time;predicted_total_time;prediction_type;is_leaf
Q13_124_seed_1009095813;25558;Index Only Scan;5;Outer;0.014;9.988;0.010999999999999233;10.0855;operator;True
Q13_124_seed_1009095813;25556;Seq Scan;4;Outer;0.244;504.683;0.23273567730066813;412.6620560931443;operator;True
Q13_124_seed_1009095813;25557;Hash;4;Inner;16.485;16.485;37.633741096849306;37.63511860841764;operator;False
Q13_124_seed_1009095813;25555;Hash Join;3;Outer;16.969;719.531;17.692692298527376;705.8467190907129;operator;False
Q13_124_seed_1009095813;25552;Sort;0;;938.799;938.802;915.3255133636402;915.3295133636401;pattern;
