query_file;node_id;node_type;depth;parent_relationship;actual_startup_time;actual_total_time;predicted_startup_time;predicted_total_time;prediction_type;is_leaf
Q13_67_seed_541466046;26167;Index Only Scan;5;Outer;0.01;10.291;0.0;0.0;operator;True
Q13_67_seed_541466046;26165;Seq Scan;4;Outer;0.191;509.599;-1.9573972347551463;264.1925409425301;operator;True
Q13_67_seed_541466046;26166;Hash;4;Inner;15.479;15.479;80.14603185435155;80.14700462784211;operator;False
Q13_67_seed_541466046;26164;Hash Join;3;Outer;15.867;720.613;145.01164067703996;787.8302068759015;operator;False
Q13_67_seed_541466046;26163;Aggregate;2;Outer;925.873;934.734;917.0178124207043;1014.3875217138225;operator;False
Q13_67_seed_541466046;26162;Aggregate;1;Outer;940.723;940.726;968.6999423050423;1000.3283401184681;operator;False
Q13_67_seed_541466046;26161;Sort;0;;940.742;940.744;1080.3914887596711;1081.9327597444683;operator;False
