query_file;node_id;node_type;depth;parent_relationship;actual_startup_time;actual_total_time;predicted_startup_time;predicted_total_time;prediction_type;is_leaf
Q13_146_seed_1189584495;25726;Index Only Scan;5;Outer;0.011;10.438;0.0;0.0;operator;True
Q13_146_seed_1189584495;25724;Seq Scan;4;Outer;0.245;478.799;-1.9489254011497288;264.1182089172417;operator;True
Q13_146_seed_1189584495;25725;Hash;4;Inner;16.262;16.262;80.14603185435155;80.14700462784211;operator;False
Q13_146_seed_1189584495;25723;Hash Join;3;Outer;16.738;689.218;145.01164067703996;787.8302068759015;operator;False
Q13_146_seed_1189584495;25722;Aggregate;2;Outer;894.518;902.123;917.0474038737932;1014.1808286843299;operator;False
Q13_146_seed_1189584495;25721;Aggregate;1;Outer;908.202;908.207;968.7074124781565;1000.3398058246635;operator;False
Q13_146_seed_1189584495;25720;Sort;0;;908.226;908.231;1080.3899255089282;1081.9311346962395;operator;False
