query_file;node_id;node_type;depth;parent_relationship;actual_startup_time;actual_total_time;predicted_startup_time;predicted_total_time;prediction_type;is_leaf
Q3_46_seed_369181395;5259;Seq Scan;7;Outer;5.102;30.378;0.26290512072724725;38.566617753396486;operator;True
Q3_46_seed_369181395;5256;Hash Join;5;Outer;32.298;210.857;29.684899582463544;242.53515077662337;pattern;
Q3_46_seed_369181395;5260;Index Scan;5;Inner;0.026;0.026;0.05839675190218198;-0.5180651256505655;operator;True
Q3_46_seed_369181395;5255;Nested Loop;4;Outer;33.127;1163.906;122.1091870107483;1193.3588404164404;operator;False
Q3_46_seed_369181395;5251;Limit;0;;1198.366;1201.313;1150.4215260004382;1151.1750260004383;pattern;
