query_file;node_id;node_type;depth;parent_relationship;actual_startup_time;actual_total_time;predicted_startup_time;predicted_total_time;prediction_type;is_leaf
Q1_126_seed_1025503875;145;Seq Scan;4;Outer;8.633;585.052;0.8507952617317036;679.8502816434259;operator;True
Q1_126_seed_1025503875;144;Aggregate;3;Outer;976.184;976.189;1037.4150522282237;1112.9741362197437;operator;False
Q1_126_seed_1025503875;143;Sort;2;Outer;976.22;976.221;1180.9908765013176;1182.0605519139285;operator;False
Q1_126_seed_1025503875;142;Gather Merge;1;Outer;990.017;995.949;1161.4664658685654;1165.5913043790156;operator;False
Q1_126_seed_1025503875;141;Aggregate;0;;990.061;996.021;1149.8781890708174;1195.8693535241136;operator;False
