query_file;node_id;node_type;depth;parent_relationship;actual_startup_time;actual_total_time;predicted_startup_time;predicted_total_time;prediction_type;is_leaf
Q1_126_seed_1025503875;145;Seq Scan;4;Outer;8.633;585.052;0.8507952617317036;679.8502816434259;operator;True
Q1_126_seed_1025503875;143;Sort;2;Outer;976.22;976.221;1196.5165876945457;1200.61211999552;pattern;
Q1_126_seed_1025503875;142;Gather Merge;1;Outer;990.017;995.949;1161.7899537408991;1165.9138539831383;operator;False
Q1_126_seed_1025503875;141;Aggregate;0;;990.061;996.021;1149.9138907943939;1195.9152317032517;operator;False
