query_file;node_id;node_type;depth;parent_relationship;actual_startup_time;actual_total_time;predicted_startup_time;predicted_total_time;prediction_type;is_leaf
Q3_57_seed_459425736;5379;Seq Scan;7;Outer;4.52;27.153;0.26290512072724725;38.566617753396486;operator;True
Q3_57_seed_459425736;5377;Seq Scan;6;Outer;0.323;157.408;0.29101486764067364;163.21676844551754;operator;True
Q3_57_seed_459425736;5378;Hash;6;Inner;27.859;27.859;17.745896367083304;17.746437122207624;operator;False
Q3_57_seed_459425736;5376;Hash Join;5;Outer;28.269;207.925;27.129570266132546;230.29520499913622;operator;False
Q3_57_seed_459425736;5380;Index Scan;5;Inner;0.026;0.027;0.05839675190218198;-0.5180651256505655;operator;True
Q3_57_seed_459425736;5375;Nested Loop;4;Outer;29.744;1168.966;121.38227866354546;1192.6835236931006;operator;False
Q3_57_seed_459425736;5371;Limit;0;;1207.363;1207.515;1150.4215260400047;1151.1750260400047;pattern;
