query_file;node_id;node_type;depth;parent_relationship;actual_startup_time;actual_total_time;predicted_startup_time;predicted_total_time;prediction_type;is_leaf
Q10_128_seed_1041911937;19767;Seq Scan;7;Outer;0.214;164.215;-0.5478494285373419;159.7384734705052;operator;True
Q10_128_seed_1041911937;19768;Index Scan;7;Inner;0.061;0.063;0.026475206749591446;-0.518237032841327;operator;True
Q10_128_seed_1041911937;19770;Seq Scan;7;Outer;0.012;24.742;-10.029480805383272;26.639726858412047;operator;True
Q10_128_seed_1041911937;19772;Seq Scan;6;Outer;0.01;0.011;0.43638700067583747;6.9787036398299165;operator;True
Q10_128_seed_1041911937;19765;Hash Join;5;Outer;34.666;1113.56;51.85968117530449;1120.1863001931063;pattern;
Q10_128_seed_1041911937;19771;Hash;5;Inner;0.015;0.015;15.710003163406043;15.710773700000516;operator;False
Q10_128_seed_1041911937;19764;Hash Join;4;Outer;34.748;1116.41;54.23334835089891;1095.6045141960703;operator;False
Q10_128_seed_1041911937;19760;Limit;0;;1174.849;1175.61;1197.4162580478192;1199.4703591139319;pattern;
