query_file;node_id;node_type;depth;parent_relationship;actual_startup_time;actual_total_time;predicted_startup_time;predicted_total_time;prediction_type;is_leaf
Q13_139_seed_1132156278;25670;Index Only Scan;5;Outer;0.016;9.739;0.0;0.0;operator;True
Q13_139_seed_1132156278;25668;Seq Scan;4;Outer;0.232;502.79;-1.9318542525433196;263.9675220251799;operator;True
Q13_139_seed_1132156278;25669;Hash;4;Inner;15.258;15.258;80.14603185435155;80.14700462784211;operator;False
Q13_139_seed_1132156278;25667;Hash Join;3;Outer;15.747;708.035;145.01164067703996;787.8302068759015;operator;False
Q13_139_seed_1132156278;25666;Aggregate;2;Outer;903.82;911.612;917.1070266701255;1013.7686666597517;operator;False
Q13_139_seed_1132156278;25665;Aggregate;1;Outer;917.676;917.679;968.7224680770357;1000.3628875073614;operator;False
Q13_139_seed_1132156278;25664;Sort;0;;917.701;917.703;1080.386817720128;1081.9279033678613;operator;False
