query_file;node_id;node_type;depth;parent_relationship;actual_startup_time;actual_total_time;predicted_startup_time;predicted_total_time;prediction_type;is_leaf
Q12_31_seed_246120930;24843;Seq Scan;5;Outer;10.093;826.712;1.6084572676376307;745.1933688922255;operator;True
Q12_31_seed_246120930;24844;Index Scan;5;Inner;0.027;0.027;0.12456619013031595;0.07187872145217966;operator;True
Q12_31_seed_246120930;24842;Nested Loop;4;Outer;10.583;966.2;38.32474808385308;1127.4109806955862;operator;False
Q12_31_seed_246120930;24841;Sort;3;Outer;966.998;967.104;1092.401009592126;1092.8140378626106;operator;False
Q12_31_seed_246120930;24840;Aggregate;2;Outer;967.382;967.741;868.9540561162681;895.3054473553309;operator;False
Q12_31_seed_246120930;24839;Gather Merge;1;Outer;980.039;985.335;1109.223042848083;1111.837131953591;operator;False
Q12_31_seed_246120930;24838;Aggregate;0;;980.492;985.356;903.5870377090048;919.0604634279035;operator;False
