query_file;node_id;node_type;depth;parent_relationship;actual_startup_time;actual_total_time;predicted_startup_time;predicted_total_time;prediction_type;is_leaf
Q3_139_seed_1132156278;4779;Seq Scan;7;Outer;5.089;28.502;0.26221760492631097;38.5374073235966;operator;True
Q3_139_seed_1132156278;4777;Seq Scan;6;Outer;0.298;152.909;0.2914377746000092;163.37887015757894;operator;True
Q3_139_seed_1132156278;4778;Hash;6;Inner;29.288;29.288;17.744785923081054;17.745327076220036;operator;False
Q3_139_seed_1132156278;4776;Hash Join;5;Outer;29.946;205.152;27.18893575318475;230.7813338723297;operator;False
Q3_139_seed_1132156278;4780;Index Scan;5;Inner;0.025;0.026;0.05839675190218198;-0.5180651256505655;operator;True
Q3_139_seed_1132156278;4775;Nested Loop;4;Outer;30.561;1153.471;121.84355491852838;1193.1607115233057;operator;False
Q3_139_seed_1132156278;4771;Limit;0;;1189.384;1190.816;1150.4215258975023;1151.1750258975023;pattern;
