query_file;node_id;node_type;depth;parent_relationship;actual_startup_time;actual_total_time;predicted_startup_time;predicted_total_time;prediction_type;is_leaf
Q4_117_seed_951667596;5982;Seq Scan;5;Outer;0.07;161.744;0.938892762236113;154.6649585185749;operator;True
Q4_117_seed_951667596;5983;Index Scan;5;Inner;0.061;0.061;-0.003540308287079061;11.104357498313234;operator;True
Q4_117_seed_951667596;5981;Nested Loop;4;Outer;0.203;1031.533;199.80203399293853;1255.4487969298648;operator;False
Q4_117_seed_951667596;5977;Aggregate;0;;1036.294;1038.301;946.3724041557311;952.1882127354145;pattern;
