query_file;node_id;node_type;depth;parent_relationship;actual_startup_time;actual_total_time;predicted_startup_time;predicted_total_time;prediction_type;is_leaf
Q3_24_seed_188692713;5019;Seq Scan;7;Outer;4.779;30.692;0.2620264914759458;38.52930414801136;operator;True
Q3_24_seed_188692713;5017;Seq Scan;6;Outer;0.558;156.391;0.29130921977087576;163.32901498770636;operator;True
Q3_24_seed_188692713;5018;Hash;6;Inner;31.518;31.518;17.74448016347796;17.74502142717205;operator;False
Q3_24_seed_188692713;5016;Hash Join;5;Outer;32.454;210.652;27.16305096123439;230.6456752466322;operator;False
Q3_24_seed_188692713;5020;Index Scan;5;Inner;0.026;0.026;0.05839675190218198;-0.5180651256505655;operator;True
Q3_24_seed_188692713;5015;Nested Loop;4;Outer;33.391;1163.905;121.7911185509907;1193.1148016971674;operator;False
Q3_24_seed_188692713;5011;Limit;0;;1200.586;1200.706;1150.4215258566733;1151.1750258566733;pattern;
