query_file;node_id;node_type;depth;parent_relationship;actual_startup_time;actual_total_time;predicted_startup_time;predicted_total_time;prediction_type;is_leaf
Q13_138_seed_1123952247;25663;Index Only Scan;5;Outer;0.01;10.166;0.0;0.0;operator;True
Q13_138_seed_1123952247;25661;Seq Scan;4;Outer;0.229;464.716;-1.9232554590505908;263.8911614072212;operator;True
Q13_138_seed_1123952247;25662;Hash;4;Inner;15.958;15.958;80.14603185435155;80.14700462784211;operator;False
Q13_138_seed_1123952247;25660;Hash Join;3;Outer;16.387;672.045;145.01164067703996;787.8302068759015;operator;False
Q13_138_seed_1123952247;25659;Aggregate;2;Outer;871.027;878.76;917.1370598617707;1013.5631996062785;operator;False
Q13_138_seed_1123952247;25658;Aggregate;1;Outer;884.823;884.826;968.7300537348915;1000.3745037436856;operator;False
Q13_138_seed_1123952247;25657;Sort;0;;884.852;884.854;1080.3852732122373;1081.9262971179946;operator;False
