query_file;node_id;node_type;depth;parent_relationship;actual_startup_time;actual_total_time;predicted_startup_time;predicted_total_time;prediction_type;is_leaf
Q13_138_seed_1123952247;25663;Index Only Scan;5;Outer;0.01;10.166;0.0;0.0;operator;True
Q13_138_seed_1123952247;25660;Hash Join;3;Outer;16.387;672.045;157.7025990346801;470.31115147874897;pattern;
Q13_138_seed_1123952247;25659;Aggregate;2;Outer;871.027;878.76;908.3217111791101;998.9444037998121;operator;False
Q13_138_seed_1123952247;25657;Sort;0;;884.852;884.854;1078.6870667343428;1079.9219090058132;pattern;
