query_file;node_id;node_type;depth;parent_relationship;actual_startup_time;actual_total_time;predicted_startup_time;predicted_total_time;prediction_type;is_leaf
Q7_122_seed_992687751;10941;Hash Join;7;Outer;0.971;36.362;37.617349447730206;429.3830087422621;pattern;
Q7_122_seed_992687751;10938;Hash Join;5;Outer;37.042;214.118;39.638535265155625;304.8909869868012;pattern;
Q7_122_seed_992687751;10945;Index Scan;5;Inner;0.031;0.032;0.03941894583458616;0.9628515547403396;operator;True
Q7_122_seed_992687751;10947;Hash Join;5;Outer;0.104;2.394;37.61603003805647;429.3628282798292;pattern;
Q7_122_seed_992687751;10937;Nested Loop;4;Outer;37.538;1178.89;173.4013251715467;1215.9932441105188;operator;False
Q7_122_seed_992687751;10946;Hash;4;Inner;2.441;2.442;27.742268811544875;27.74323152040685;operator;False
Q7_122_seed_992687751;10936;Hash Join;3;Outer;45.429;1185.216;124.68849509864765;843.1103148833878;operator;False
Q7_122_seed_992687751;10935;Sort;2;Outer;1185.851;1185.881;1107.6640382246896;1109.1567501899126;operator;False
Q7_122_seed_992687751;10933;Aggregate;0;;1189.12;1193.112;1159.5364464121913;1163.1290541267842;pattern;
