pattern_hash;pattern_string;mre;mre_pct;status
3e2d5a00246ff56483c16003698d4917;Sort -> Hash Join (Outer);0.17422004484017709;17.42200448401771;REJECTED
