query_file;node_id;node_type;depth;parent_relationship;actual_startup_time;actual_total_time;predicted_startup_time;predicted_total_time;prediction_type;is_leaf
Q7_55_seed_443017674;12309;Hash Join;7;Outer;0.215;36.378;37.617349447730206;429.3830087422621;pattern;
Q7_55_seed_443017674;12306;Hash Join;5;Outer;37.861;217.389;39.638535265155625;304.8909869868012;pattern;
Q7_55_seed_443017674;12313;Index Scan;5;Inner;0.033;0.034;0.03941894583458616;0.9628515547403396;operator;True
Q7_55_seed_443017674;12315;Hash Join;5;Outer;0.174;3.098;37.61603003805647;429.3628282798292;pattern;
Q7_55_seed_443017674;12305;Nested Loop;4;Outer;38.249;1224.387;173.4013251715467;1215.9932441105188;operator;False
Q7_55_seed_443017674;12314;Hash;4;Inner;3.142;3.142;27.742268811544875;27.74323152040685;operator;False
Q7_55_seed_443017674;12304;Hash Join;3;Outer;44.306;1231.464;124.68849509864765;843.1103148833878;operator;False
Q7_55_seed_443017674;12303;Sort;2;Outer;1232.074;1232.105;1107.6640382246896;1109.1567501899126;operator;False
Q7_55_seed_443017674;12301;Aggregate;0;;1235.544;1239.31;1159.5364464121913;1163.1290541267842;pattern;
