query_file;node_id;node_type;depth;parent_relationship;actual_startup_time;actual_total_time;predicted_startup_time;predicted_total_time;prediction_type;is_leaf
Q1_86_seed_697342635;675;Seq Scan;4;Outer;7.891;515.649;0.8480096467510831;681.4840636024073;operator;True
Q1_86_seed_697342635;674;Aggregate;3;Outer;913.205;913.208;1037.3707973263138;1112.6576730073039;operator;False
Q1_86_seed_697342635;673;Sort;2;Outer;913.23;913.23;1180.9030689232316;1181.972640129219;operator;False
Q1_86_seed_697342635;672;Gather Merge;1;Outer;924.059;929.456;1161.4410893605568;1165.565089031191;operator;False
Q1_86_seed_697342635;671;Aggregate;0;;924.081;929.497;1149.843524278272;1195.7575850068588;operator;False
