query_file;node_id;node_type;depth;parent_relationship;actual_startup_time;actual_total_time;predicted_startup_time;predicted_total_time;prediction_type;is_leaf
Q10_127_seed_1033707906;19754;Seq Scan;7;Outer;0.368;159.635;-0.5490367997189205;159.74216915882207;operator;True
Q10_127_seed_1033707906;19755;Index Scan;7;Inner;0.059;0.061;0.02647520717656418;-0.5182304879599258;operator;True
Q10_127_seed_1033707906;19757;Seq Scan;7;Outer;0.017;29.412;-10.029480805383272;26.639726858412047;operator;True
Q10_127_seed_1033707906;19759;Seq Scan;6;Outer;0.012;0.013;0.43638700067583747;6.9787036398299165;operator;True
Q10_127_seed_1033707906;19752;Hash Join;5;Outer;37.356;1071.176;51.8596811685281;1120.1863001637598;pattern;
Q10_127_seed_1033707906;19758;Hash;5;Inner;0.018;0.018;15.710003163406043;15.710773700000516;operator;False
Q10_127_seed_1033707906;19751;Hash Join;4;Outer;37.479;1074.089;54.20087382588217;1095.5136951235258;operator;False
Q10_127_seed_1033707906;19747;Limit;0;;1134.202;1134.975;1197.4162580478192;1199.4703591139319;pattern;
