query_file;node_id;node_type;depth;parent_relationship;actual_startup_time;actual_total_time;predicted_startup_time;predicted_total_time;prediction_type;is_leaf
Q9_133_seed_1082932092;17314;Seq Scan;10;Outer;0.29;20.108;0.40875224914267116;42.67684813771717;operator;True
Q9_133_seed_1082932092;17315;Index Scan;10;Inner;0.066;0.071;0.07161991457937372;0.1191635804668465;operator;True
Q9_133_seed_1082932092;17317;Seq Scan;10;Outer;0.058;3.585;0.0355295538972451;10.6167639219301;operator;True
Q9_133_seed_1082932092;17303;Sort;0;;1181.689;1188.084;1189.3384595360624;1194.9411490932537;pattern;
