query_file;node_id;node_type;depth;parent_relationship;actual_startup_time;actual_total_time;predicted_startup_time;predicted_total_time;prediction_type;is_leaf
Q19_103_seed_836811162;31247;Seq Scan;5;Outer;13.614;47.54;1.134652923187665;23.7627246256572;operator;True
Q19_103_seed_836811162;31245;Seq Scan;4;Outer;0.565;779.507;7.82840810466638;743.4580466417679;operator;True
Q19_103_seed_836811162;31246;Hash;4;Inner;47.651;47.652;8.284651686013888;8.28521271466019;operator;False
Q19_103_seed_836811162;31244;Hash Join;3;Outer;100.376;829.215;60.25815545966785;766.0553518870997;operator;False
Q19_103_seed_836811162;31241;Aggregate;0;;847.518;850.977;825.7344834490334;831.1997411328321;pattern;
