selected_count;mean_delta;median_delta;min_delta;max_delta
22;0.0076861417558239655;9.183696649765066e-05;4.5303834295129514e-10;0.1061862434997118
