query_file;node_id;node_type;depth;parent_relationship;actual_startup_time;actual_total_time;predicted_startup_time;predicted_total_time;prediction_type;is_leaf
Q7_23_seed_180488682;11679;Hash Join;7;Outer;1.186;34.453;37.617349447730206;429.3830087422621;pattern;
Q7_23_seed_180488682;11676;Hash Join;5;Outer;35.614;211.283;39.638535265155625;304.8909869868012;pattern;
Q7_23_seed_180488682;11683;Index Scan;5;Inner;0.031;0.032;0.03941894583458616;0.9628515547403396;operator;True
Q7_23_seed_180488682;11685;Hash Join;5;Outer;0.104;3.963;37.61603003805647;429.3628282798292;pattern;
Q7_23_seed_180488682;11675;Nested Loop;4;Outer;36.633;1156.69;173.4013251715467;1215.9932441105188;operator;False
Q7_23_seed_180488682;11684;Hash;4;Inner;4.006;4.007;27.742268811544875;27.74323152040685;operator;False
Q7_23_seed_180488682;11674;Hash Join;3;Outer;43.639;1164.69;124.68849509864765;843.1103148833878;operator;False
Q7_23_seed_180488682;11673;Sort;2;Outer;1165.29;1165.32;1107.6640382246896;1109.1567501899126;operator;False
Q7_23_seed_180488682;11671;Aggregate;0;;1167.928;1172.238;1159.5364464121913;1163.1290541267842;pattern;
