query_count;mean_actual_total;mean_predicted_total;mean_mre_startup;std_mre_startup;mean_mre_total;std_mre_total;mean_mre_startup_pct;mean_mre_total_pct
150;3050.57706;1175.2251766006218;0.6143214503960301;0.002441849448816225;0.6147377133515574;0.002443409216628725;61.432145039603014;61.47377133515574
