query_count;mean_actual_ms;mean_predicted_ms;mean_mre;std_mre;mean_mre_pct
150;1140.6132527875404;1028.7389884900706;0.0969309749778109;0.031958135984062525;9.69309749778109
