query_file;node_id;node_type;depth;parent_relationship;actual_startup_time;actual_total_time;predicted_startup_time;predicted_total_time;prediction_type;is_leaf
Q12_116_seed_943463565;24444;Seq Scan;5;Outer;10.819;855.09;1.608423500418513;745.1931096275995;operator;True
Q12_116_seed_943463565;24445;Index Scan;5;Inner;0.027;0.027;0.12456619013031595;0.07187872145217966;operator;True
Q12_116_seed_943463565;24443;Nested Loop;4;Outer;11.271;995.063;38.32532662915193;1127.4105634128402;operator;False
Q12_116_seed_943463565;24442;Sort;3;Outer;995.953;996.057;1092.3994995063538;1092.8125168544866;operator;False
Q12_116_seed_943463565;24441;Aggregate;2;Outer;996.337;996.691;868.9572773767381;895.307415134643;operator;False
Q12_116_seed_943463565;24440;Gather Merge;1;Outer;1009.612;1015.479;1109.2228842452334;1111.836965391169;operator;False
Q12_116_seed_943463565;24439;Aggregate;0;;1010.012;1015.495;903.5903367491353;919.0625395362977;operator;False
