query_file;node_id;node_type;depth;parent_relationship;actual_startup_time;actual_total_time;predicted_startup_time;predicted_total_time;prediction_type;is_leaf
Q7_82_seed_664526511;12849;Hash Join;7;Outer;1.467;30.01;37.617349447730206;429.3830087422621;pattern;
Q7_82_seed_664526511;12846;Hash Join;5;Outer;32.835;210.542;39.638535265155625;304.8909869868012;pattern;
Q7_82_seed_664526511;12853;Index Scan;5;Inner;0.031;0.032;0.03941894583458616;0.9628515547403396;operator;True
Q7_82_seed_664526511;12855;Hash Join;5;Outer;0.107;2.849;37.61603003805647;429.3628282798292;pattern;
Q7_82_seed_664526511;12845;Nested Loop;4;Outer;33.163;1169.594;173.4013251715467;1215.9932441105188;operator;False
Q7_82_seed_664526511;12854;Hash;4;Inner;2.896;2.897;27.742268811544875;27.74323152040685;operator;False
Q7_82_seed_664526511;12844;Hash Join;3;Outer;38.24;1176.173;124.68849509864765;843.1103148833878;operator;False
Q7_82_seed_664526511;12843;Sort;2;Outer;1176.735;1176.765;1107.6640382246896;1109.1567501899126;operator;False
Q7_82_seed_664526511;12841;Aggregate;0;;1179.691;1183.327;1159.5364464121913;1163.1290541267842;pattern;
