query_file;node_id;node_type;depth;parent_relationship;actual_startup_time;actual_total_time;predicted_startup_time;predicted_total_time;prediction_type;is_leaf
Q3_41_seed_328161240;5209;Seq Scan;7;Outer;4.807;27.326;0.2637634289738302;38.60321669875583;operator;True
Q3_41_seed_328161240;5207;Seq Scan;6;Outer;0.196;156.28;0.29113659992046337;163.26287180556167;operator;True
Q3_41_seed_328161240;5208;Hash;6;Inner;28.147;28.147;17.74730579576675;17.74784605333653;operator;False
Q3_41_seed_328161240;5206;Hash Join;5;Outer;29.451;208.035;27.16651302834245;230.3972029266639;operator;False
Q3_41_seed_328161240;5210;Index Scan;5;Inner;0.026;0.026;0.05839675190218198;-0.5180651256505655;operator;True
Q3_41_seed_328161240;5205;Nested Loop;4;Outer;32.362;1160.654;121.2735724936677;1192.55332420678;operator;False
Q3_41_seed_328161240;5201;Limit;0;;1195.75;1199.131;1150.4215262484427;1151.1750262484427;pattern;
