query_file;node_id;node_type;depth;parent_relationship;actual_startup_time;actual_total_time;predicted_startup_time;predicted_total_time;prediction_type;is_leaf
Q4_42_seed_336365271;6458;Seq Scan;5;Outer;0.22;164.507;0.9394609852386084;154.6672462526989;operator;True
Q4_42_seed_336365271;6459;Index Scan;5;Inner;0.062;0.062;-0.0035403055315996468;11.104361962361551;operator;True
Q4_42_seed_336365271;6457;Nested Loop;4;Outer;2.126;1036.109;199.80203399293853;1255.4487969298648;operator;False
Q4_42_seed_336365271;6453;Aggregate;0;;1040.506;1042.728;946.3724041557311;952.1882127354145;pattern;
