query_file;node_id;node_type;depth;parent_relationship;actual_startup_time;actual_total_time;predicted_startup_time;predicted_total_time;prediction_type;is_leaf
Q3_4_seed_24612093;5299;Seq Scan;7;Outer;4.636;29.043;0.2620264914759458;38.52930414801136;operator;True
Q3_4_seed_24612093;5296;Hash Join;5;Outer;30.187;214.036;29.697066304075037;242.5624800015931;pattern;
Q3_4_seed_24612093;5300;Index Scan;5;Inner;0.026;0.026;0.05839675190218198;-0.5180651256505655;operator;True
Q3_4_seed_24612093;5295;Nested Loop;4;Outer;30.954;1178.434;122.21634754737607;1193.4860000448134;operator;False
Q3_4_seed_24612093;5291;Limit;0;;1211.861;1214.853;1150.4215258420845;1151.1750258420846;pattern;
