metric;value;percentage
mean_mre;0.1944216216770427;19.442162167704268
