method;mre;mre_pct
ML (Bottom-Up);0.1944216216770427;19.442162167704268
Optimizer Cost (LinReg);0.20429149996694904;20.429149996694903
