query_file;node_id;node_type;depth;parent_relationship;actual_startup_time;actual_total_time;predicted_startup_time;predicted_total_time;prediction_type;is_leaf
Q12_28_seed_221508837;24815;Seq Scan;5;Outer;9.804;838.216;1.6085045417622021;745.1937318438013;operator;True
Q12_28_seed_221508837;24816;Index Scan;5;Inner;0.026;0.026;0.12456619013031595;0.07187872145217966;operator;True
Q12_28_seed_221508837;24814;Nested Loop;4;Outer;10.435;974.782;38.32396932921253;1127.4115826633315;operator;False
Q12_28_seed_221508837;24813;Sort;3;Outer;975.66;975.765;1092.4031727685688;1092.8162168275323;operator;False
Q12_28_seed_221508837;24812;Aggregate;2;Outer;976.075;976.441;868.9494329249153;895.3026218734037;operator;False
Q12_28_seed_221508837;24811;Gather Merge;1;Outer;989.902;996.89;1109.2232711547513;1111.8373717024233;operator;False
Q12_28_seed_221508837;24810;Aggregate;0;;990.272;996.905;903.5822993239073;919.0574817214456;operator;False
