query_file;node_id;node_type;depth;parent_relationship;actual_startup_time;actual_total_time;predicted_startup_time;predicted_total_time;prediction_type;is_leaf
Q7_26_seed_205100775;11733;Hash Join;7;Outer;0.261;32.597;0.244988718307674;24.82128462146136;pattern;
Q7_26_seed_205100775;11730;Hash Join;5;Outer;34.78;209.117;37.16837594011375;260.16041393747275;pattern;
Q7_26_seed_205100775;11737;Index Scan;5;Inner;0.031;0.032;0.03861891685575192;0.08695394945135604;operator;True
Q7_26_seed_205100775;11739;Hash Join;5;Outer;0.11;3.634;0.15307644758142303;21.236310736734197;pattern;
Q7_26_seed_205100775;11729;Nested Loop;4;Outer;35.025;1179.629;42.24331911707124;1145.3730708220435;operator;False
Q7_26_seed_205100775;11738;Hash;4;Inner;3.678;3.679;14.938379238697365;14.938763777250472;operator;False
Q7_26_seed_205100775;11728;Hash Join;3;Outer;42.552;1186.991;43.42578054992339;1129.0568150886245;operator;False
Q7_26_seed_205100775;11727;Sort;2;Outer;1187.562;1187.59;1149.2180891709254;1149.813162537229;operator;False
Q7_26_seed_205100775;11725;Aggregate;0;;1189.887;1194.124;1184.0519011625388;1187.6479853732715;pattern;
