query_file;node_id;node_type;depth;parent_relationship;actual_startup_time;actual_total_time;predicted_startup_time;predicted_total_time;prediction_type;is_leaf
Q10_78_seed_631710387;21002;Seq Scan;7;Outer;0.296;157.981;-0.5497875044170704;159.74452338173484;operator;True
Q10_78_seed_631710387;21003;Index Scan;7;Inner;0.06;0.062;0.02647520731883883;-0.5182283063351463;operator;True
Q10_78_seed_631710387;21005;Seq Scan;7;Outer;0.014;22.503;-10.029480805383272;26.639726858412047;operator;True
Q10_78_seed_631710387;21007;Seq Scan;6;Outer;0.01;0.011;0.43638700067583747;6.9787036398299165;operator;True
Q10_78_seed_631710387;21000;Hash Join;5;Outer;31.683;1092.598;51.85968116430756;1120.1863001455222;pattern;
Q10_78_seed_631710387;21006;Hash;5;Inner;0.015;0.015;15.710003163406043;15.710773700000516;operator;False
Q10_78_seed_631710387;20999;Hash Join;4;Outer;31.76;1095.453;54.180428614615224;1095.4557473952639;operator;False
Q10_78_seed_631710387;20995;Limit;0;;1146.773;1147.581;1197.4162580478192;1199.4703591139319;pattern;
