query_file;node_id;node_type;depth;parent_relationship;actual_startup_time;actual_total_time;predicted_startup_time;predicted_total_time;prediction_type;is_leaf
Q10_143_seed_1164972402;19988;Seq Scan;7;Outer;0.241;162.006;-0.5478494285373419;159.7384734705052;operator;True
Q10_143_seed_1164972402;19989;Index Scan;7;Inner;0.059;0.062;0.026475206749591446;-0.518237032841327;operator;True
Q10_143_seed_1164972402;19991;Seq Scan;7;Outer;0.011;24.738;-10.029480805383272;26.639726858412047;operator;True
Q10_143_seed_1164972402;19993;Seq Scan;6;Outer;0.009;0.009;0.43638700067583747;6.9787036398299165;operator;True
Q10_143_seed_1164972402;19986;Hash Join;5;Outer;39.236;1105.943;51.85968117530449;1120.1863001931063;pattern;
Q10_143_seed_1164972402;19992;Hash;5;Inner;0.012;0.012;15.710003163406043;15.710773700000516;operator;False
Q10_143_seed_1164972402;19985;Hash Join;4;Outer;39.313;1108.832;54.23334835089891;1095.6045141960703;operator;False
Q10_143_seed_1164972402;19981;Limit;0;;1167.063;1167.823;1197.4162580478192;1199.4703591139319;pattern;
