query_file;node_id;node_type;depth;parent_relationship;actual_startup_time;actual_total_time;predicted_startup_time;predicted_total_time;prediction_type;is_leaf
Q7_94_seed_762974883;13092;Seq Scan;7;Outer;0.011;0.011;0.057510053765475355;7.1959461692964055;operator;True
Q7_94_seed_762974883;13081;Seq Scan;6;Outer;0.264;152.552;0.17165698011059138;192.19189190052919;operator;True
Q7_94_seed_762974883;13082;Hash;6;Inner;35.317;35.318;35.59041974959206;35.59136215845007;pattern;
Q7_94_seed_762974883;13090;Seq Scan;6;Outer;0.087;3.762;0.0355295538972451;10.6167639219301;operator;True
Q7_94_seed_762974883;13091;Hash;6;Inner;0.015;0.015;14.536786179837549;14.537163827824884;operator;False
Q7_94_seed_762974883;13075;Aggregate;0;;1190.611;1196.865;1196.627;1200.903;pattern;
