query_file;node_id;node_type;depth;parent_relationship;actual_startup_time;actual_total_time;predicted_startup_time;predicted_total_time;prediction_type;is_leaf
Q3_18_seed_139468527;4949;Seq Scan;7;Outer;5.604;29.569;0.26221760492631097;38.5374073235966;operator;True
Q3_18_seed_139468527;4946;Hash Join;5;Outer;30.636;210.195;29.69382158326792;242.55720662478888;pattern;
Q3_18_seed_139468527;4950;Index Scan;5;Inner;0.025;0.026;0.05839675190218198;-0.5180651256505655;operator;True
Q3_18_seed_139468527;4945;Nested Loop;4;Outer;31.417;1160.265;122.19681931229348;1193.4627080750427;operator;False
Q3_18_seed_139468527;4941;Limit;0;;1193.635;1196.781;1150.421525869334;1151.175025869334;pattern;
