query_file;node_id;node_type;depth;parent_relationship;actual_startup_time;actual_total_time;predicted_startup_time;predicted_total_time;prediction_type;is_leaf
Q13_134_seed_1091136123;25635;Index Only Scan;5;Outer;0.013;10.263;0.0;0.0;operator;True
Q13_134_seed_1091136123;25633;Seq Scan;4;Outer;0.218;477.492;-1.9489254011497288;264.1182089172417;operator;True
Q13_134_seed_1091136123;25634;Hash;4;Inner;16.348;16.348;80.14603185435155;80.14700462784211;operator;False
Q13_134_seed_1091136123;25632;Hash Join;3;Outer;16.804;687.077;145.01164067703996;787.8302068759015;operator;False
Q13_134_seed_1091136123;25631;Aggregate;2;Outer;891.312;899.271;917.0474038737932;1014.1808286843299;operator;False
Q13_134_seed_1091136123;25630;Aggregate;1;Outer;905.532;905.536;968.7074124781565;1000.3398058246635;operator;False
Q13_134_seed_1091136123;25629;Sort;0;;905.565;905.567;1080.3899255089282;1081.9311346962395;operator;False
