query_file;node_id;node_type;depth;parent_relationship;actual_startup_time;actual_total_time;predicted_startup_time;predicted_total_time;prediction_type;is_leaf
Q13_134_seed_1091136123;25635;Index Only Scan;5;Outer;0.013;10.263;0.0;0.0;operator;True
Q13_134_seed_1091136123;25632;Hash Join;3;Outer;16.804;687.077;157.70259903464378;470.3111514787099;pattern;
Q13_134_seed_1091136123;25631;Aggregate;2;Outer;891.312;899.271;908.2781952264519;999.5524164529895;operator;False
Q13_134_seed_1091136123;25629;Sort;0;;905.565;905.567;1078.6997703450616;1079.9347089716157;pattern;
