query_file;node_id;node_type;depth;parent_relationship;actual_startup_time;actual_total_time;predicted_startup_time;predicted_total_time;prediction_type;is_leaf
Q7_39_seed_311753178;11994;Seq Scan;7;Outer;0.011;0.012;0.057510053765475355;7.1959461692964055;operator;True
Q7_39_seed_311753178;11983;Seq Scan;6;Outer;0.565;152.317;0.17165698011059138;192.19189190052919;operator;True
Q7_39_seed_311753178;11984;Hash;6;Inner;35.276;35.277;35.59041974959206;35.59136215845007;pattern;
Q7_39_seed_311753178;11992;Seq Scan;6;Outer;0.106;2.044;0.0355295538972451;10.6167639219301;operator;True
Q7_39_seed_311753178;11993;Hash;6;Inner;0.015;0.015;14.536786179837549;14.537163827824884;operator;False
Q7_39_seed_311753178;11977;Aggregate;0;;1198.31;1202.59;1196.627;1200.903;pattern;
