query_file;node_id;node_type;depth;parent_relationship;actual_startup_time;actual_total_time;predicted_startup_time;predicted_total_time;prediction_type;is_leaf
Q1_44_seed_352773333;445;Seq Scan;4;Outer;8.374;499.234;0.8464163583394089;682.3799454175187;operator;True
Q1_44_seed_352773333;443;Sort;2;Outer;910.722;910.723;1195.8455409276385;1199.9428793898285;pattern;
Q1_44_seed_352773333;442;Gather Merge;1;Outer;924.963;930.415;1161.7402842044294;1165.8629141732288;operator;False
Q1_44_seed_352773333;441;Aggregate;0;;924.997;930.471;1149.8590044924263;1195.7405865196795;operator;False
