query_file;node_id;node_type;depth;parent_relationship;actual_startup_time;actual_total_time;predicted_startup_time;predicted_total_time;prediction_type;is_leaf
Q8_83_seed_672730542;16225;Seq Scan;10;Outer;0.234;36.722;0.27610590718633166;24.87346631481978;operator;True
Q8_83_seed_672730542;16226;Hash;10;Inner;0.226;0.227;0.19455457104402996;0.195299517027415;pattern;
Q8_83_seed_672730542;16233;Seq Scan;7;Outer;1.093;37.9;0.4241001785798546;44.50012590900553;operator;True
Q8_83_seed_672730542;16220;Nested Loop;6;Outer;39.613;1182.661;37.6417632564794;1155.057519186467;pattern;
Q8_83_seed_672730542;16232;Hash;6;Inner;38.056;38.056;17.76524236436137;17.76480718249607;operator;False
Q8_83_seed_672730542;16219;Hash Join;5;Outer;80.09;1225.291;78.67684630502053;1042.859126102011;operator;False
Q8_83_seed_672730542;16234;Index Scan;5;Inner;0.006;0.006;0.005987109893472176;0.051211396152496036;operator;True
Q8_83_seed_672730542;16236;Seq Scan;5;Outer;0.015;0.016;0.06128368059525324;7.194474264237783;operator;True
Q8_83_seed_672730542;16214;Aggregate;0;;1235.032;1237.48;1219.245951965297;1220.6007865298648;pattern;
