query_file;node_id;node_type;depth;parent_relationship;actual_startup_time;actual_total_time;predicted_startup_time;predicted_total_time;prediction_type;is_leaf
Q10_43_seed_344569302;20508;Seq Scan;7;Outer;0.217;160.009;-0.5493122495708709;159.74303138725327;operator;True
Q10_43_seed_344569302;20509;Index Scan;7;Inner;0.059;0.062;0.02647520717656418;-0.5182304879599258;operator;True
Q10_43_seed_344569302;20511;Seq Scan;7;Outer;0.012;21.186;-10.029480805383272;26.639726858412047;operator;True
Q10_43_seed_344569302;20513;Seq Scan;6;Outer;0.011;0.011;0.43638700067583747;6.9787036398299165;operator;True
Q10_43_seed_344569302;20506;Hash Join;5;Outer;32.847;1086.964;51.859681166971086;1120.1863001570325;pattern;
Q10_43_seed_344569302;20512;Hash;5;Inner;0.015;0.015;15.710003163406043;15.710773700000516;operator;False
Q10_43_seed_344569302;20505;Hash Join;4;Outer;32.933;1089.93;54.193358663076225;1095.492466690425;operator;False
Q10_43_seed_344569302;20501;Limit;0;;1147.659;1148.456;1197.4162580478192;1199.4703591139319;pattern;
