query_file;node_id;node_type;depth;parent_relationship;actual_startup_time;actual_total_time;predicted_startup_time;predicted_total_time;prediction_type;is_leaf
Q19_96_seed_779382945;32241;Seq Scan;5;Outer;13.126;48.343;1.1346762861351478;23.762358461512235;operator;True
Q19_96_seed_779382945;32239;Seq Scan;4;Outer;0.86;771.935;7.828489090844474;743.4593147115972;operator;True
Q19_96_seed_779382945;32240;Hash;4;Inner;48.512;48.512;8.284654659209622;8.285215640936002;operator;False
Q19_96_seed_779382945;32235;Aggregate;0;;836.511;842.535;824.2656966992635;829.311002424566;pattern;
