query_file;node_id;node_type;depth;parent_relationship;actual_startup_time;actual_total_time;predicted_startup_time;predicted_total_time;prediction_type;is_leaf
Q12_8_seed_57428217;25291;Seq Scan;5;Outer;9.892;843.102;1.6085383090169643;745.1939910814265;operator;True
Q12_8_seed_57428217;25292;Index Scan;5;Inner;0.027;0.027;0.12456619013031595;0.07187872145217966;operator;True
Q12_8_seed_57428217;25290;Nested Loop;4;Outer;10.483;982.023;38.3234624291498;1127.4120405989088;operator;False
Q12_8_seed_57428217;25289;Sort;3;Outer;982.838;982.935;1092.4048031286295;1092.8178593282814;operator;False
Q12_8_seed_57428217;25288;Aggregate;2;Outer;983.216;983.557;868.9459236639354;895.3004743801771;operator;False
Q12_8_seed_57428217;25287;Gather Merge;1;Outer;998.196;1002.937;1109.223444237083;1111.8375534640052;operator;False
Q12_8_seed_57428217;25286;Aggregate;0;;998.6;1002.95;903.578704108178;919.0552193827962;operator;False
