query_file;node_id;node_type;depth;parent_relationship;actual_startup_time;actual_total_time;predicted_startup_time;predicted_total_time;prediction_type;is_leaf
Q13_111_seed_902443410;25460;Index Only Scan;5;Outer;0.018;9.597;0.0;0.0;operator;True
Q13_111_seed_902443410;25458;Seq Scan;4;Outer;0.247;477.903;-1.9573972347551463;264.1925409425301;operator;True
Q13_111_seed_902443410;25459;Hash;4;Inner;15.086;15.086;80.14603185435155;80.14700462784211;operator;False
Q13_111_seed_902443410;25457;Hash Join;3;Outer;15.539;694.307;145.01164067703996;787.8302068759015;operator;False
Q13_111_seed_902443410;25456;Aggregate;2;Outer;901.702;909.286;917.0178124207043;1014.3875217138225;operator;False
Q13_111_seed_902443410;25455;Aggregate;1;Outer;915.439;915.449;968.6999423050423;1000.3283401184681;operator;False
Q13_111_seed_902443410;25454;Sort;0;;915.464;915.473;1080.3914887596711;1081.9327597444683;operator;False
