query_file;node_id;node_type;depth;parent_relationship;actual_startup_time;actual_total_time;predicted_startup_time;predicted_total_time;prediction_type;is_leaf
Q12_41_seed_328161240;24920;Seq Scan;5;Outer;9.161;834.683;1.6086058435853419;745.194509522917;operator;True
Q12_41_seed_328161240;24921;Index Scan;5;Inner;0.026;0.026;0.12456619013031595;0.07187872145217966;operator;True
Q12_41_seed_328161240;24919;Nested Loop;4;Outer;9.66;968.82;38.322339653909864;1127.4128952927283;operator;False
Q12_41_seed_328161240;24918;Sort;3;Outer;969.658;969.76;1092.4078733164988;1092.8209518656647;operator;False
Q12_41_seed_328161240;24917;Aggregate;2;Outer;970.004;970.394;868.9393699081725;895.2964700710535;operator;False
Q12_41_seed_328161240;24916;Gather Merge;1;Outer;985.885;989.482;1109.2237679393943;1111.8378933828026;operator;False
Q12_41_seed_328161240;24915;Aggregate;0;;986.688;989.533;903.57198728645;919.0509935108231;operator;False
