selected_count;mean_delta;median_delta;min_delta;max_delta
15;0.012143183007863349;0.004046045006994;4.258846912907899e-07;0.0949987175038646
