iteration;pattern_hash;pattern_string;error_score;new_mre;delta;status;mre_after
0;1d35fb978b379d4a820897907e56ab7b;Sort -> Aggregate (Outer);32.1944752707613;0.17707338766862768;0.0005711036296650318;REJECTED;0.1776444912982927
1;2724c08067c017e6455632f46231780c;Aggregate -> Gather Merge (Outer);22.774118665618083;0.17899665332826592;-0.0013521620299732084;REJECTED;0.1776444912982927
2;1691f6f0dbbde049f7f6b5d065d62f74;Gather Merge -> Sort (Outer);7.713636672808582;;;SKIPPED_LOW_ERROR;0.1776444912982927
3;c53c43965386239f53c764b9a60720dd;Nested Loop -> [Seq Scan (Outer), Index Scan (Inner)];172.0722295620642;0.1776450676382539;-5.763399612002118e-07;REJECTED;0.1776444912982927
4;3b44787560c64172b4501d3cae04fd1b;Aggregate -> Nested Loop (Outer);0.5216099641816082;;;SKIPPED_LOW_ERROR;0.1776444912982927
5;29ee00dbeea63ba27a7d0fe66bc67b49;Aggregate -> Gather Merge -> Sort (Outer) (Outer);4.45534882110773;;;SKIPPED_LOW_ERROR;0.1776444912982927
6;715d5c92d04e9fdd3e607001ad32ee57;Gather Merge -> Sort -> Aggregate (Outer) (Outer);3.842589744010968;0.176274300556409;0.0013701907418837145;REJECTED;0.1776444912982927
7;f8231c4dd4c57d8a84a6ba0a53bdb42d;Aggregate -> Gather Merge -> Sort -> Aggregate (Outer) (Outer) (Outer);3.198429079944597;0.17132130362836206;0.006323187669930647;ACCEPTED;0.17132130362836206
