query_file;node_id;node_type;depth;parent_relationship;actual_startup_time;actual_total_time;predicted_startup_time;predicted_total_time;prediction_type;is_leaf
Q14_48_seed_385589457;27070;Seq Scan;5;Outer;7.997;38.388;1.2208188453329911;12.703852905744952;operator;True
Q14_48_seed_385589457;27068;Seq Scan;4;Outer;0.47;739.259;6.8170524809585;758.410378680427;operator;True
Q14_48_seed_385589457;27069;Hash;4;Inner;43.654;43.655;9.378350513673809;9.3794421988882;operator;False
Q14_48_seed_385589457;27067;Hash Join;3;Outer;44.551;790.007;78.53655551367217;807.5527311629256;operator;False
Q14_48_seed_385589457;27064;Aggregate;0;;806.196;815.234;842.8227609426038;848.3202955828021;pattern;
