query_file;node_id;node_type;depth;parent_relationship;actual_startup_time;actual_total_time;predicted_startup_time;predicted_total_time;prediction_type;is_leaf
Q3_34_seed_270733023;5129;Seq Scan;7;Outer;5.026;28.777;0.2620264914759458;38.52930414801136;operator;True
Q3_34_seed_270733023;5127;Seq Scan;6;Outer;0.359;155.762;0.2916333406660194;163.45571326128646;operator;True
Q3_34_seed_270733023;5128;Hash;6;Inner;29.528;29.528;17.74448016347796;17.74502142717205;operator;False
Q3_34_seed_270733023;5126;Hash Join;5;Outer;30.039;208.464;27.21965544806963;231.0072364248615;operator;False
Q3_34_seed_270733023;5130;Index Scan;5;Inner;0.026;0.026;0.05839675190218198;-0.5180651256505655;operator;True
Q3_34_seed_270733023;5125;Nested Loop;4;Outer;30.541;1158.587;122.02563754436102;1193.3509513444774;operator;False
Q3_34_seed_270733023;5121;Limit;0;;1191.018;1193.386;1150.421525831565;1151.175025831565;pattern;
