query_file;node_id;node_type;depth;parent_relationship;actual_startup_time;actual_total_time;predicted_startup_time;predicted_total_time;prediction_type;is_leaf
Q3_22_seed_172284651;4999;Seq Scan;7;Outer;4.863;28.443;0.3539614632002279;36.68905405354411;operator;True
Q3_22_seed_172284651;4997;Seq Scan;6;Outer;0.323;158.876;0.2968099474758219;162.28271483146878;operator;True
Q3_22_seed_172284651;4998;Hash;6;Inner;29.271;29.271;17.5124538902042;17.51214317522195;operator;False
Q3_22_seed_172284651;4996;Hash Join;5;Outer;29.704;210.342;29.103738744277067;231.63999971436226;operator;False
Q3_22_seed_172284651;5000;Index Scan;5;Inner;0.027;0.027;0.056250765173245454;-0.018536695684687743;operator;True
Q3_22_seed_172284651;4995;Nested Loop;4;Outer;31.368;1182.422;30.45930686113516;1122.0220404117567;operator;False
Q3_22_seed_172284651;4991;Limit;0;;1216.417;1217.962;1194.0030713357298;1195.8989568625727;pattern;
