query_file;node_id;node_type;depth;parent_relationship;actual_startup_time;actual_total_time;predicted_startup_time;predicted_total_time;prediction_type;is_leaf
Q12_35_seed_278937054;24871;Seq Scan;5;Outer;9.729;846.061;1.6084842814219487;745.1935762958217;operator;True
Q12_35_seed_278937054;24872;Index Scan;5;Inner;0.026;0.026;0.12456619013031595;0.07187872145217966;operator;True
Q12_35_seed_278937054;24870;Nested Loop;4;Outer;10.241;982.982;38.32435225815735;1127.4113523950198;operator;False
Q12_35_seed_278937054;24869;Sort;3;Outer;983.816;983.917;1092.4023296600556;1092.815367803743;operator;False
Q12_35_seed_278937054;24868;Aggregate;2;Outer;984.203;984.545;868.9512106922614;895.3037055483278;operator;False
Q12_35_seed_278937054;24867;Gather Merge;1;Outer;997.661;1008.612;1109.2231834662405;1111.8372796240783;operator;False
Q12_35_seed_278937054;24866;Aggregate;0;;998.152;1008.632;903.5841176718277;919.0586255011375;operator;False
