query_file;node_id;node_type;depth;parent_relationship;actual_startup_time;actual_total_time;predicted_startup_time;predicted_total_time;prediction_type;is_leaf
Q3_26_seed_205100775;5039;Seq Scan;7;Outer;4.64;30.367;0.3660122282343339;36.66065291725175;operator;True
Q3_26_seed_205100775;5037;Seq Scan;6;Outer;0.308;157.019;0.29451505756653185;162.13376718309567;operator;True
Q3_26_seed_205100775;5038;Hash;6;Inner;31.07;31.07;18.448948412087418;18.449749289758813;operator;False
Q3_26_seed_205100775;5036;Hash Join;5;Outer;31.899;211.167;29.02123100889682;233.53596682985625;operator;False
Q3_26_seed_205100775;5040;Index Scan;5;Inner;0.027;0.027;0.0563429842975037;-0.1379237905762949;operator;True
Q3_26_seed_205100775;5035;Nested Loop;4;Outer;34.684;1195.104;44.26653646995081;1134.935229839528;operator;False
Q3_26_seed_205100775;5033;Aggregate;2;Outer;1209.575;1214.429;1158.8924777768673;1164.4669378648564;pattern;
Q3_26_seed_205100775;5031;Limit;0;;1230.332;1230.864;1980.2847482044526;1984.4348461822963;pattern;
