query_file;node_id;node_type;depth;parent_relationship;actual_startup_time;actual_total_time;predicted_startup_time;predicted_total_time;prediction_type;is_leaf
Q12_31_seed_246120930;24843;Seq Scan;5;Outer;10.093;826.712;3.198070468271566;750.4623095324889;operator;True
Q12_31_seed_246120930;24844;Index Scan;5;Inner;0.027;0.027;0.025786234374337552;0.16520050122137775;operator;True
Q12_31_seed_246120930;24842;Nested Loop;4;Outer;10.583;966.2;20.784301421434634;1101.5000289126474;operator;False
Q12_31_seed_246120930;24841;Sort;3;Outer;966.998;967.104;1059.9025723563518;1060.5920435515013;operator;False
Q12_31_seed_246120930;24838;Aggregate;0;;980.492;985.356;997.7866339741072;1003.5991553719227;pattern;
