query_file;node_id;node_type;depth;parent_relationship;actual_startup_time;actual_total_time;predicted_startup_time;predicted_total_time;prediction_type;is_leaf
Q12_27_seed_213304806;24808;Seq Scan;5;Outer;9.898;828.35;3.1980939882238273;750.4626245358102;operator;True
Q12_27_seed_213304806;24809;Index Scan;5;Inner;0.026;0.026;0.025786234374337552;0.16520050122137775;operator;True
Q12_27_seed_213304806;24807;Nested Loop;4;Outer;10.487;966.877;20.785024026671238;1101.5017917683756;operator;False
Q12_27_seed_213304806;24806;Sort;3;Outer;967.785;967.89;1059.9042168923636;1060.5937061707605;operator;False
Q12_27_seed_213304806;24803;Aggregate;0;;982.309;987.511;997.7831137605474;1003.5958423374018;pattern;
