query_file;node_id;node_type;depth;parent_relationship;actual_startup_time;actual_total_time;predicted_startup_time;predicted_total_time;prediction_type;is_leaf
Q3_3_seed_16408062;5189;Seq Scan;7;Outer;4.445;26.422;0.36607750882297485;36.66384686592784;operator;True
Q3_3_seed_16408062;5187;Seq Scan;6;Outer;0.286;155.755;0.29498559838999916;162.37100903328468;operator;True
Q3_3_seed_16408062;5188;Hash;6;Inner;27.379;27.379;18.448849896295997;18.44965080218634;operator;False
Q3_3_seed_16408062;5186;Hash Join;5;Outer;27.775;205.751;29.155359845808007;234.2221828643187;operator;False
Q3_3_seed_16408062;5190;Index Scan;5;Inner;0.026;0.026;0.0563429842975037;-0.1379237905762949;operator;True
Q3_3_seed_16408062;5185;Nested Loop;4;Outer;29.416;1172.703;45.15419950729898;1135.8786212997986;operator;False
Q3_3_seed_16408062;5183;Aggregate;2;Outer;1186.73;1192.884;1158.9733784085688;1164.5458414634443;pattern;
Q3_3_seed_16408062;5181;Limit;0;;1208.243;1210.481;1980.337740141986;1984.4878929429826;pattern;
