query_file;node_id;node_type;depth;parent_relationship;actual_startup_time;actual_total_time;predicted_startup_time;predicted_total_time;prediction_type;is_leaf
Q12_102_seed_828607131;24339;Seq Scan;5;Outer;8.805;833.957;3.1982216673080446;750.4643341733547;operator;True
Q12_102_seed_828607131;24340;Index Scan;5;Inner;0.026;0.026;0.025786234374337552;0.16520050122137775;operator;True
Q12_102_seed_828607131;24338;Nested Loop;4;Outer;9.351;967.566;20.78901791666354;1101.5113925681526;operator;False
Q12_102_seed_828607131;24337;Sort;3;Outer;968.455;968.548;1059.9132747235658;1060.6028636134797;operator;False
Q12_102_seed_828607131;24334;Aggregate;0;;982.288;987.814;997.7642971477121;1003.5781336845857;pattern;
