query_file;node_id;node_type;depth;parent_relationship;actual_startup_time;actual_total_time;predicted_startup_time;predicted_total_time;prediction_type;is_leaf
Q12_124_seed_1009095813;24507;Seq Scan;5;Outer;9.819;835.542;3.1979394278509385;750.4605541148886;operator;True
Q12_124_seed_1009095813;24508;Index Scan;5;Inner;0.025;0.025;0.025786234374337552;0.16520050122137775;operator;True
Q12_124_seed_1009095813;24506;Nested Loop;4;Outer;10.296;966.135;20.780256027126626;1101.4902169056154;operator;False
Q12_124_seed_1009095813;24505;Sort;3;Outer;966.937;967.041;1059.8932857248992;1060.582654761721;operator;False
Q12_124_seed_1009095813;24502;Aggregate;0;;983.232;987.376;997.8066747056428;1003.6180173296465;pattern;
