query_file;node_id;node_type;depth;parent_relationship;actual_startup_time;actual_total_time;predicted_startup_time;predicted_total_time;prediction_type;is_leaf
Q13_57_seed_459425736;26090;Index Only Scan;5;Outer;0.022;10.411;0.011999999999996902;10.085999999999999;operator;True
Q13_57_seed_459425736;26088;Seq Scan;4;Outer;0.229;467.302;0.23505605296378307;413.28067274041973;operator;True
Q13_57_seed_459425736;26089;Hash;4;Inner;15.855;15.855;40.567958677102325;40.56822588975032;operator;False
Q13_57_seed_459425736;26087;Hash Join;3;Outer;16.342;682.561;17.86037801916855;709.7517604969291;operator;False
Q13_57_seed_459425736;26086;Aggregate;2;Outer;889.225;896.842;905.269966272726;949.191388422109;operator;False
Q13_57_seed_459425736;26084;Sort;0;;902.806;902.808;1053.078214694368;1054.3060558291188;pattern;
