query_file;node_id;node_type;depth;parent_relationship;actual_startup_time;actual_total_time;predicted_startup_time;predicted_total_time;prediction_type;is_leaf
Q19_73_seed_590690232;32066;Seq Scan;5;Outer;14.395;45.796;2.664229443505656;31.603227485959735;operator;True
Q19_73_seed_590690232;32064;Seq Scan;4;Outer;0.583;795.843;2.0419083522421664;749.9365196710019;operator;True
Q19_73_seed_590690232;32065;Hash;4;Inner;45.96;45.96;12.400189592552806;12.401154305977002;operator;False
Q19_73_seed_590690232;32063;Hash Join;3;Outer;100.227;844.698;77.46422904044991;778.0008893872654;operator;False
Q19_73_seed_590690232;32062;Aggregate;2;Outer;844.747;844.748;846.8105577293508;854.3474006862932;operator;False
Q19_73_seed_590690232;32060;Aggregate;0;;860.123;869.331;847.2113659385404;853.1278433613645;pattern;
