query_file;node_id;node_type;depth;parent_relationship;actual_startup_time;actual_total_time;predicted_startup_time;predicted_total_time;prediction_type;is_leaf
Q12_42_seed_336365271;24927;Seq Scan;5;Outer;10.031;857.786;3.1981343080569387;750.4631644907694;operator;True
Q12_42_seed_336365271;24928;Index Scan;5;Inner;0.026;0.026;0.025786234374337552;0.16520050122137775;operator;True
Q12_42_seed_336365271;24926;Nested Loop;4;Outer;10.51;992.694;20.786290280910634;1101.5048223282502;operator;False
Q12_42_seed_336365271;24925;Sort;3;Outer;993.614;993.717;1059.9071035412123;1060.5966245732827;operator;False
Q12_42_seed_336365271;24922;Aggregate;0;;1010.199;1013.313;997.7770952740178;1003.5901781043269;pattern;
