query_file;node_id;node_type;depth;parent_relationship;actual_startup_time;actual_total_time;predicted_startup_time;predicted_total_time;prediction_type;is_leaf
Q19_27_seed_213304806;31709;Seq Scan;5;Outer;12.65;46.884;2.664229443505656;31.603227485959735;operator;True
Q19_27_seed_213304806;31707;Seq Scan;4;Outer;1.099;789.113;2.041918226558187;749.9366312002803;operator;True
Q19_27_seed_213304806;31708;Hash;4;Inner;47.026;47.026;12.400189592552806;12.401154305977002;operator;False
Q19_27_seed_213304806;31706;Hash Join;3;Outer;118.566;838.312;77.46434312071239;778.0010491653807;operator;False
Q19_27_seed_213304806;31705;Aggregate;2;Outer;838.362;838.363;846.8105689053968;854.3474111303312;operator;False
Q19_27_seed_213304806;31703;Aggregate;0;;853.124;858.251;847.2113677674242;853.1278451656858;pattern;
