query_file;node_id;node_type;depth;parent_relationship;actual_startup_time;actual_total_time;predicted_startup_time;predicted_total_time;prediction_type;is_leaf
Q12_76_seed_615302325;25186;Seq Scan;5;Outer;9.36;820.788;3.198080548259883;750.4624445365838;operator;True
Q12_76_seed_615302325;25187;Index Scan;5;Inner;0.027;0.027;0.025786234374337552;0.16520050122137775;operator;True
Q12_76_seed_615302325;25185;Nested Loop;4;Outer;10.05;960.074;20.784619890218693;1101.5007864644354;operator;False
Q12_76_seed_615302325;25184;Sort;3;Outer;960.939;961.044;1059.9033005934969;1060.5927798015985;operator;False
Q12_76_seed_615302325;25181;Aggregate;0;;977.526;981.972;997.7851116892062;1003.5977226612941;pattern;
