query_file;node_id;node_type;depth;parent_relationship;actual_startup_time;actual_total_time;predicted_startup_time;predicted_total_time;prediction_type;is_leaf
Q14_117_seed_951667596;26552;Seq Scan;5;Outer;7.739;38.345;2.084884492543255;16.571156585889298;operator;True
Q14_117_seed_951667596;26550;Seq Scan;4;Outer;0.464;727.633;2.677937734663826;748.0395865310591;operator;True
Q14_117_seed_951667596;26551;Hash;4;Inner;42.762;42.763;22.033855586439984;22.034422316715563;operator;False
Q14_117_seed_951667596;26549;Hash Join;3;Outer;43.868;778.157;49.36423260988983;784.7504356340813;operator;False
Q14_117_seed_951667596;26548;Aggregate;2;Outer;780.558;780.56;858.3066697142938;857.6552763847769;operator;False
Q14_117_seed_951667596;26546;Aggregate;0;;794.611;799.833;849.523159048709;855.6323113604662;pattern;
