query_file;node_id;node_type;depth;parent_relationship;actual_startup_time;actual_total_time;predicted_startup_time;predicted_total_time;prediction_type;is_leaf
Q3_78_seed_631710387;5609;Seq Scan;7;Outer;5.163;29.95;0.3654238959046261;36.63194343053533;operator;True
Q3_78_seed_631710387;5607;Seq Scan;6;Outer;0.283;154.903;0.29488599927682535;162.319328880608;operator;True
Q3_78_seed_631710387;5608;Hash;6;Inner;30.692;30.693;18.449842688188625;18.450643311836615;operator;False
Q3_78_seed_631710387;5606;Hash Join;5;Outer;31.093;208.463;29.114589010625593;234.10000066719192;operator;False
Q3_78_seed_631710387;5610;Index Scan;5;Inner;0.025;0.026;0.0563429842975037;-0.1379237905762949;operator;True
Q3_78_seed_631710387;5605;Nested Loop;4;Outer;31.353;1164.358;45.339254532442254;1136.0942936137171;operator;False
Q3_78_seed_631710387;5603;Aggregate;2;Outer;1177.36;1183.966;1159.2968700595513;1164.8611258860783;pattern;
Q3_78_seed_631710387;5601;Limit;0;;1200.745;1200.927;1980.478679842428;1984.6291003718698;pattern;
