query_file;node_id;node_type;depth;parent_relationship;actual_startup_time;actual_total_time;predicted_startup_time;predicted_total_time;prediction_type;is_leaf
Q13_128_seed_1041911937;25586;Index Only Scan;5;Outer;0.018;10.144;0.011999999999996902;10.085999999999999;operator;True
Q13_128_seed_1041911937;25584;Seq Scan;4;Outer;0.243;492.684;0.2377299169131979;412.6577507542973;operator;True
Q13_128_seed_1041911937;25585;Hash;4;Inner;16.259;16.259;40.567958677102325;40.56822588975032;operator;False
Q13_128_seed_1041911937;25583;Hash Join;3;Outer;16.747;728.097;17.94921168212015;709.6013846418371;operator;False
Q13_128_seed_1041911937;25582;Aggregate;2;Outer;958.386;965.956;905.3030602435205;948.8851317096082;operator;False
Q13_128_seed_1041911937;25580;Sort;0;;972.091;972.093;1053.070618936513;1054.2984603268721;pattern;
