query_file;node_id;node_type;depth;parent_relationship;actual_startup_time;actual_total_time;predicted_startup_time;predicted_total_time;prediction_type;is_leaf
Q1_127_seed_1033707906;150;Seq Scan;4;Outer;8.786;562.294;1.9274418674496727;570.0216017549226;operator;True
Q1_127_seed_1033707906;148;Sort;2;Outer;980.371;980.372;1079.5065695718445;1080.445882695108;pattern;
Q1_127_seed_1033707906;147;Gather Merge;1;Outer;993.99;999.974;1075.9196945590763;1080.4740678497178;operator;False
Q1_127_seed_1033707906;146;Aggregate;0;;994.036;1000.043;1037.714691705192;1052.2996616399632;operator;False
