query_file;node_id;node_type;depth;parent_relationship;actual_startup_time;actual_total_time;predicted_startup_time;predicted_total_time;prediction_type;is_leaf
Q3_19_seed_147672558;4959;Seq Scan;7;Outer;5.152;27.445;0.3654238959046261;36.63194343053533;operator;True
Q3_19_seed_147672558;4957;Seq Scan;6;Outer;0.322;159.672;0.2949110735567835;162.33226213848027;operator;True
Q3_19_seed_147672558;4958;Hash;6;Inner;28.053;28.054;18.449842688188625;18.450643311836615;operator;False
Q3_19_seed_147672558;4956;Hash Join;5;Outer;28.468;210.683;29.12182533386401;234.13756999662075;operator;False
Q3_19_seed_147672558;4960;Index Scan;5;Inner;0.026;0.026;0.0563429842975037;-0.1379237905762949;operator;True
Q3_19_seed_147672558;4955;Nested Loop;4;Outer;29.179;1178.765;45.39174135652412;1136.1473184229635;operator;False
Q3_19_seed_147672558;4953;Aggregate;2;Outer;1196.187;1202.557;1159.2643581793086;1164.829456122186;pattern;
Q3_19_seed_147672558;4951;Limit;0;;1217.715;1220.506;1980.4660771070714;1984.6164689027432;pattern;
