query_file;node_id;node_type;depth;parent_relationship;actual_startup_time;actual_total_time;predicted_startup_time;predicted_total_time;prediction_type;is_leaf
Q12_60_seed_484037829;25067;Seq Scan;5;Outer;11.533;825.071;3.1981477479766367;750.463344461511;operator;True
Q12_60_seed_484037829;25068;Index Scan;5;Inner;0.027;0.027;0.025786234374337552;0.16520050122137775;operator;True
Q12_60_seed_484037829;25066;Nested Loop;4;Outer;12.061;964.558;20.786721083128413;1101.5058351504433;operator;False
Q12_60_seed_484037829;25065;Sort;3;Outer;965.376;965.479;1059.9080859159612;1060.597617758122;operator;False
Q12_60_seed_484037829;25062;Aggregate;0;;980.009;985.742;997.7750930013898;1003.5882936978878;pattern;
