query_file;node_id;node_type;depth;parent_relationship;actual_startup_time;actual_total_time;predicted_startup_time;predicted_total_time;prediction_type;is_leaf
Q3_20_seed_155876589;4979;Seq Scan;7;Outer;4.678;28.942;0.3667455996118527;36.69663106534068;operator;True
Q3_20_seed_155876589;4977;Seq Scan;6;Outer;0.347;156.213;0.29486085218088287;162.30640958438963;operator;True
Q3_20_seed_155876589;4978;Hash;6;Inner;29.688;29.688;18.447849891774325;18.448651086839646;operator;False
Q3_20_seed_155876589;4976;Hash Join;5;Outer;30.153;208.367;29.13136200692324;234.0059667001081;operator;False
Q3_20_seed_155876589;4980;Index Scan;5;Inner;0.026;0.026;0.0563429842975037;-0.1379237905762949;operator;True
Q3_20_seed_155876589;4975;Nested Loop;4;Outer;32.223;1161.627;44.5106389160925;1135.1768905696338;operator;False
Q3_20_seed_155876589;4973;Aggregate;2;Outer;1174.526;1181.794;1158.6058291617005;1164.1873245286567;pattern;
Q3_20_seed_155876589;4971;Limit;0;;1196.002;1199.865;1980.176767131678;1984.3266353004262;pattern;
