query_file;node_id;node_type;depth;parent_relationship;actual_startup_time;actual_total_time;predicted_startup_time;predicted_total_time;prediction_type;is_leaf
Q3_112_seed_910647441;4489;Seq Scan;7;Outer;5.02;27.444;0.36607750882297485;36.66384686592784;operator;True
Q3_112_seed_910647441;4487;Seq Scan;6;Outer;0.226;156.649;0.29462322145837816;162.18679419616532;operator;True
Q3_112_seed_910647441;4488;Hash;6;Inner;28.069;28.069;18.448849896295997;18.44965080218634;operator;False
Q3_112_seed_910647441;4486;Hash Join;5;Outer;28.992;207.821;29.052171935348085;233.68710577517606;operator;False
Q3_112_seed_910647441;4490;Index Scan;5;Inner;0.027;0.027;0.0563429842975037;-0.1379237905762949;operator;True
Q3_112_seed_910647441;4485;Nested Loop;4;Outer;30.577;1186.745;44.436118107220196;1135.1147452143503;operator;False
Q3_112_seed_910647441;4483;Aggregate;2;Outer;1200.255;1206.823;1158.8874023049261;1164.4619923320531;pattern;
Q3_112_seed_910647441;4481;Limit;0;;1221.309;1224.564;1980.2864895708449;1984.4365814014668;pattern;
