query_file;node_id;node_type;depth;parent_relationship;actual_startup_time;actual_total_time;predicted_startup_time;predicted_total_time;prediction_type;is_leaf
Q13_98_seed_795791007;26405;Index Only Scan;5;Outer;0.01;10.476;0.011999999999996902;10.085999999999999;operator;True
Q13_98_seed_795791007;26403;Seq Scan;4;Outer;0.216;479.253;0.23904681079602397;412.3404931921222;operator;True
Q13_98_seed_795791007;26404;Hash;4;Inner;16.291;16.292;40.567958677102325;40.56822588975032;operator;False
Q13_98_seed_795791007;26402;Hash Join;3;Outer;16.723;689.715;17.99687320586223;709.5243251541481;operator;False
Q13_98_seed_795791007;26401;Aggregate;2;Outer;890.469;898.334;905.3199254053432;948.7326606657552;operator;False
Q13_98_seed_795791007;26399;Sort;0;;904.426;904.431;1053.0668228361685;1054.2946643530177;pattern;
