query_file;node_id;node_type;depth;parent_relationship;actual_startup_time;actual_total_time;predicted_startup_time;predicted_total_time;prediction_type;is_leaf
Q4_122_seed_992687751;6024;Seq Scan;5;Outer;0.057;167.302;0.22785968867242912;156.96821943370367;operator;True
Q4_122_seed_992687751;6025;Index Scan;5;Inner;0.064;0.064;0.06145192975901917;0.899422331180574;operator;True
Q4_122_seed_992687751;6023;Nested Loop;4;Outer;1.516;1089.557;136.46932066157748;1200.9247203049108;operator;False
Q4_122_seed_992687751;6021;Sort;2;Outer;1091.792;1091.792;1055.1661808869146;1056.4019379058768;pattern;
Q4_122_seed_992687751;6020;Gather Merge;1;Outer;1093.921;1096.1;1115.627684276543;1118.535689997571;operator;False
Q4_122_seed_992687751;6019;Aggregate;0;;1093.925;1096.105;1023.3564843398547;1020.9730608908727;operator;False
