query_file;node_id;node_type;depth;parent_relationship;actual_startup_time;actual_total_time;predicted_startup_time;predicted_total_time;prediction_type;is_leaf
Q19_114_seed_927055503;31331;Seq Scan;5;Outer;13.321;45.756;2.6641827746809286;31.605100082691024;operator;True
Q19_114_seed_927055503;31329;Seq Scan;4;Outer;0.785;780.01;2.04180302641472;749.9353297757577;operator;True
Q19_114_seed_927055503;31330;Hash;4;Inner;45.834;45.834;12.400141707762572;12.40110643732865;operator;False
Q19_114_seed_927055503;31328;Hash Join;3;Outer;91.69;827.487;77.46407137887749;777.9983657193311;operator;False
Q19_114_seed_927055503;31327;Aggregate;2;Outer;827.535;827.536;846.9740273825915;854.3596524446073;operator;False
Q19_114_seed_927055503;31325;Aggregate;0;;841.138;846.23;847.211325617211;853.1278039109952;pattern;
