query_file;node_id;node_type;depth;parent_relationship;actual_startup_time;actual_total_time;predicted_startup_time;predicted_total_time;prediction_type;is_leaf
Q3_9_seed_65632248;5849;Seq Scan;7;Outer;5.307;28.317;0.3654238959046261;36.63194343053533;operator;True
Q3_9_seed_65632248;5847;Seq Scan;6;Outer;0.262;162.566;0.2946661336641483;162.20807256193152;operator;True
Q3_9_seed_65632248;5848;Hash;6;Inner;28.916;28.916;18.449842688188625;18.450643311836615;operator;False
Q3_9_seed_65632248;5846;Hash Join;5;Outer;29.277;214.434;29.052266479052975;233.77680525915946;operator;False
Q3_9_seed_65632248;5850;Index Scan;5;Inner;0.027;0.027;0.0563429842975037;-0.1379237905762949;operator;True
Q3_9_seed_65632248;5845;Nested Loop;4;Outer;29.886;1199.83;44.90203916374047;1135.6281699876884;operator;False
Q3_9_seed_65632248;5843;Aggregate;2;Outer;1215.463;1220.09;1159.217477082393;1164.7837513049672;pattern;
Q3_9_seed_65632248;5841;Limit;0;;1236.795;1237.559;1980.4349907110015;1984.5853494747134;pattern;
