query_file;node_id;node_type;depth;parent_relationship;actual_startup_time;actual_total_time;predicted_startup_time;predicted_total_time;prediction_type;is_leaf
Q3_1_seed_0101000000;4969;Seq Scan;7;Outer;5.053;30.305;0.3654238959046261;36.63194343053533;operator;True
Q3_1_seed_0101000000;4967;Seq Scan;6;Outer;0.289;158.697;0.2950841686819896;162.42298004483263;operator;True
Q3_1_seed_0101000000;4968;Hash;6;Inner;31.014;31.014;18.449842688188625;18.450643311836615;operator;False
Q3_1_seed_0101000000;4966;Hash Join;5;Outer;31.408;212.661;29.172558177183433;234.40124123551112;operator;False
Q3_1_seed_0101000000;4970;Index Scan;5;Inner;0.025;0.026;0.0563429842975037;-0.1379237905762949;operator;True
Q3_1_seed_0101000000;4965;Nested Loop;4;Outer;32.122;1168.242;45.747170293968;1136.5224457946288;operator;False
Q3_1_seed_0101000000;4963;Aggregate;2;Outer;1184.051;1187.578;1159.2916436442106;1164.856060524975;pattern;
Q3_1_seed_0101000000;4961;Limit;0;;1204.464;1204.572;1980.4857651641544;1984.6361751498132;pattern;
