query_file;node_id;node_type;depth;parent_relationship;actual_startup_time;actual_total_time;predicted_startup_time;predicted_total_time;prediction_type;is_leaf
Q13_14_seed_106652403;25754;Index Only Scan;5;Outer;0.011;10.196;0.011999999999996902;10.085999999999999;operator;True
Q13_14_seed_106652403;25752;Seq Scan;4;Outer;0.193;478.83;0.23505605296378307;413.28067274041973;operator;True
Q13_14_seed_106652403;25753;Hash;4;Inner;15.674;15.674;40.567958677102325;40.56822588975032;operator;False
Q13_14_seed_106652403;25751;Hash Join;3;Outer;16.064;690.746;17.86037801916855;709.7517604969291;operator;False
Q13_14_seed_106652403;25750;Aggregate;2;Outer;895.978;903.619;905.269966272726;949.191388422109;operator;False
Q13_14_seed_106652403;25748;Sort;0;;909.783;909.786;1053.078214694368;1054.3060558291188;pattern;
