iteration;pattern_hash;pattern_string;error_score;new_mre;delta;status;mre_after
0;4fc84c77ced18a46514c982f23f12deb;Aggregate -> Gather (Outer);13.4638334767697;0.18885441848749304;0.01176807227328694;ACCEPTED;0.18885441848749304
1;a5f39f08c510532e02e96e109e48c0cd;Aggregate -> Gather -> Aggregate (Outer) (Outer);6.748469044547385;0.18885441848749304;0.0;REJECTED;0.18885441848749304
2;184f44dea835017982d512c08043f20c;Aggregate -> Seq Scan (Outer);3.713121314528044;0.1888539708896023;4.4759789075143885e-07;REJECTED;0.18885441848749304
3;dd3706ac3890589c2926a68628da4037;Aggregate -> Gather -> Aggregate -> Seq Scan (Outer) (Outer) (Outer);2.489949759193654;0.18885441848749304;0.0;REJECTED;0.18885441848749304
