query_file;node_id;node_type;depth;parent_relationship;actual_startup_time;actual_total_time;predicted_startup_time;predicted_total_time;prediction_type;is_leaf
Q3_52_seed_418405581;5329;Seq Scan;7;Outer;5.057;31.02;0.26298146372291775;38.56986712631601;operator;True
Q3_52_seed_418405581;5327;Seq Scan;6;Outer;0.348;154.77;0.29136645156716057;163.35114661595918;operator;True
Q3_52_seed_418405581;5328;Hash;6;Inner;31.879;31.88;17.746020687919298;17.746561398818073;operator;False
Q3_52_seed_418405581;5326;Hash Join;5;Outer;32.329;209.245;27.191077706486283;230.67585227212476;operator;False
Q3_52_seed_418405581;5330;Index Scan;5;Inner;0.026;0.026;0.05839675190218198;-0.5180651256505655;operator;True
Q3_52_seed_418405581;5325;Nested Loop;4;Outer;34.072;1169.388;121.61357062398994;1192.9139679911418;operator;False
Q3_52_seed_418405581;5321;Limit;0;;1203.895;1205.714;1150.4215260400617;1151.1750260400618;pattern;
