query_file;node_id;node_type;depth;parent_relationship;actual_startup_time;actual_total_time;predicted_startup_time;predicted_total_time;prediction_type;is_leaf
Q1_29_seed_229712868;360;Seq Scan;4;Outer;8.57;531.83;0.8499161085605276;680.3758434196882;operator;True
Q1_29_seed_229712868;358;Sort;2;Outer;908.391;908.391;1196.3776199711072;1200.473539676718;pattern;
Q1_29_seed_229712868;357;Gather Merge;1;Outer;921.749;928.135;1161.7796395451949;1165.9032768792986;operator;False
Q1_29_seed_229712868;356;Aggregate;0;;921.783;928.19;1149.9025199627565;1195.8790045698652;operator;False
