iteration;pattern_hash;pattern_string;error_score;new_mre;delta;status;mre_after
0;1d35fb978b379d4a820897907e56ab7b;Sort -> Aggregate (Outer);25.470367254975343;0.17257632038244344;0.001651830015283573;REJECTED;0.17422815039772702
1;2724c08067c017e6455632f46231780c;Aggregate -> Gather Merge (Outer);19.6991078756022;0.17651150277835112;-0.002283352380624104;REJECTED;0.17422815039772702
2;1691f6f0dbbde049f7f6b5d065d62f74;Gather Merge -> Sort (Outer);4.208096810993544;;;SKIPPED_LOW_ERROR;0.17422815039772702
3;184f44dea835017982d512c08043f20c;Aggregate -> Seq Scan (Outer);3.297007631510062;0.1741827497348094;4.540066291761069e-05;REJECTED;0.17422815039772702
4;29ee00dbeea63ba27a7d0fe66bc67b49;Aggregate -> Gather Merge -> Sort (Outer) (Outer);2.1971505403778595;;;SKIPPED_LOW_ERROR;0.17422815039772702
5;715d5c92d04e9fdd3e607001ad32ee57;Gather Merge -> Sort -> Aggregate (Outer) (Outer);1.5105660429341459;;;SKIPPED_LOW_ERROR;0.17422815039772702
6;f8231c4dd4c57d8a84a6ba0a53bdb42d;Aggregate -> Gather Merge -> Sort -> Aggregate (Outer) (Outer) (Outer);0.9961771422208839;;;SKIPPED_LOW_ERROR;0.17422815039772702
