query_file;node_id;node_type;depth;parent_relationship;actual_startup_time;actual_total_time;predicted_startup_time;predicted_total_time;prediction_type;is_leaf
Q13_125_seed_1017299844;25565;Index Only Scan;5;Outer;0.012;11.644;0.0;0.0;operator;True
Q13_125_seed_1017299844;25563;Seq Scan;4;Outer;0.203;477.446;-1.9573972347551463;264.1925409425301;operator;True
Q13_125_seed_1017299844;25564;Hash;4;Inner;20.176;20.176;80.14603185435155;80.14700462784211;operator;False
Q13_125_seed_1017299844;25562;Hash Join;3;Outer;20.634;689.655;145.01164067703996;787.8302068759015;operator;False
Q13_125_seed_1017299844;25561;Aggregate;2;Outer;888.015;897.743;917.0178124207043;1014.3875217138225;operator;False
Q13_125_seed_1017299844;25560;Aggregate;1;Outer;903.836;903.839;968.6999423050423;1000.3283401184681;operator;False
Q13_125_seed_1017299844;25559;Sort;0;;903.87;903.872;1080.3914887596711;1081.9327597444683;operator;False
