query_file;node_id;node_type;depth;parent_relationship;actual_startup_time;actual_total_time;predicted_startup_time;predicted_total_time;prediction_type;is_leaf
Q13_124_seed_1009095813;25558;Index Only Scan;5;Outer;0.014;9.988;0.0;0.0;operator;True
Q13_124_seed_1009095813;25556;Seq Scan;4;Outer;0.244;504.683;-1.9573972347551463;264.1925409425301;operator;True
Q13_124_seed_1009095813;25557;Hash;4;Inner;16.485;16.485;80.14603185435155;80.14700462784211;operator;False
Q13_124_seed_1009095813;25555;Hash Join;3;Outer;16.969;719.531;145.01164067703996;787.8302068759015;operator;False
Q13_124_seed_1009095813;25554;Aggregate;2;Outer;924.773;932.674;917.0178124207043;1014.3875217138225;operator;False
Q13_124_seed_1009095813;25553;Aggregate;1;Outer;938.757;938.761;968.6999423050423;1000.3283401184681;operator;False
Q13_124_seed_1009095813;25552;Sort;0;;938.799;938.802;1080.3914887596711;1081.9327597444683;operator;False
